subID,partnerID,dyad,bin_num,gap_length_mean_1,gap_length_median_1,gap_length_mean_speaker_1,gap_length_median_speaker_1,gap_length_mean_partner_1,gap_length_median_partner_1,connection_1,num_turns_1,gap_length_mean_2,gap_length_median_2,gap_length_mean_speaker_2,gap_length_median_speaker_2,gap_length_mean_partner_2,gap_length_median_partner_2,connection_2,num_turns_2,gap_length_mean_3,gap_length_median_3,gap_length_mean_speaker_3,gap_length_median_speaker_3,gap_length_mean_partner_3,gap_length_median_partner_3,connection_3,num_turns_3,gap_length_mean_4,gap_length_median_4,gap_length_mean_speaker_4,gap_length_median_speaker_4,gap_length_mean_partner_4,gap_length_median_partner_4,connection_4,num_turns_4,gap_length_mean_5,gap_length_median_5,gap_length_mean_speaker_5,gap_length_median_speaker_5,gap_length_mean_partner_5,gap_length_median_partner_5,connection_5,num_turns_5,gap_length_mean_6,gap_length_median_6,gap_length_mean_speaker_6,gap_length_median_speaker_6,gap_length_mean_partner_6,gap_length_median_partner_6,connection_6,num_turns_6,gap_length_mean_10,gap_length_median_10,gap_length_mean_speaker_10,gap_length_median_speaker_10,gap_length_mean_partner_10,gap_length_median_partner_10,connection_10,num_turns_10,gap_length_mean_12,gap_length_median_12,gap_length_mean_speaker_12,gap_length_median_speaker_12,gap_length_mean_partner_12,gap_length_median_partner_12,connection_12,num_turns_12,gap_length_mean_15,gap_length_median_15,gap_length_mean_speaker_15,gap_length_median_speaker_15,gap_length_mean_partner_15,gap_length_median_partner_15,connection_15,num_turns_15,gap_length_mean_20,gap_length_median_20,gap_length_mean_speaker_20,gap_length_median_speaker_20,gap_length_mean_partner_20,gap_length_median_partner_20,connection_20,num_turns_20,gap_length_mean_24,gap_length_median_24,gap_length_mean_speaker_24,gap_length_median_speaker_24,gap_length_mean_partner_24,gap_length_median_partner_24,connection_24,num_turns_24,gap_length_mean_30,gap_length_median_30,gap_length_mean_speaker_30,gap_length_median_speaker_30,gap_length_mean_partner_30,gap_length_median_partner_30,connection_30,num_turns_30,gap_length_mean_40,gap_length_median_40,gap_length_mean_speaker_40,gap_length_median_speaker_40,gap_length_mean_partner_40,gap_length_median_partner_40,connection_40,num_turns_40,gap_length_mean_60,gap_length_median_60,gap_length_mean_speaker_60,gap_length_median_speaker_60,gap_length_mean_partner_60,gap_length_median_partner_60,connection_60,num_turns_60,gap_length_mean_120,gap_length_median_120,gap_length_mean_speaker_120,gap_length_median_speaker_120,gap_length_mean_partner_120,gap_length_median_partner_120,connection_120,num_turns_120
107.0,234.0,107_234,0.0,435.11764705882354,205.0,587.1617647058823,299.5,283.0735294117647,125.5,91.6545,136.0,524.6307692307693,216.0,668.4242424242424,262.0,376.34375,162.0,89.56833333333333,65.0,621.3958333333334,329.0,837.12,387.0,386.9130434782609,267.0,85.8955,48.0,457.6585365853659,216.0,578.7142857142857,262.0,330.55,157.5,82.71866666666666,41.0,448.40625,190.0,486.875,201.0,409.9375,157.5,79.63666666666667,32.0,369.6296296296296,126.0,345.5,175.5,395.61538461538464,105.0,77.834,27.0,638.1875,123.5,422.625,95.0,853.75,351.5,76.885,16.0,672.6666666666666,126.0,422.625,95.0,958.4285714285714,582.0,76.328,15.0,698.5384615384615,126.0,473.85714285714283,126.0,960.6666666666666,343.5,74.7975,13.0,911.7777777777778,165.0,625.8,165.0,1269.25,474.0,73.58333333333333,9.0,1005.125,474.0,741.0,707.5,1269.25,474.0,73.704,8.0,1332.0,1146.5,985.0,1385.0,1679.0,908.0,73.38,6.0,1416.8,1385.0,985.0,1385.0,2064.5,2064.5,72.6,5.0,2829.0,2829.0,1540.0,1540.0,4118.0,4118.0,70.89,2.0,1540.0,1540.0,1540.0,1540.0,,,71.14,1.0
234.0,107.0,107_234,0.0,435.11764705882354,205.0,283.0735294117647,125.5,587.1617647058823,299.5,81.509,136.0,524.6307692307693,216.0,376.34375,162.0,668.4242424242424,262.0,66.32766666666667,65.0,621.3958333333334,329.0,386.9130434782609,267.0,837.12,387.0,54.581,48.0,457.6585365853659,216.0,330.55,157.5,578.7142857142857,262.0,52.415333333333336,41.0,448.40625,190.0,409.9375,157.5,486.875,201.0,57.513333333333335,32.0,369.6296296296296,126.0,395.61538461538464,105.0,345.5,175.5,59.565,27.0,638.1875,123.5,853.75,351.5,422.625,95.0,58.291666666666664,16.0,672.6666666666666,126.0,958.4285714285714,582.0,422.625,95.0,57.75,15.0,698.5384615384615,126.0,960.6666666666666,343.5,473.85714285714283,126.0,54.715,13.0,911.7777777777778,165.0,1269.25,474.0,625.8,165.0,48.95333333333333,9.0,1005.125,474.0,1269.25,474.0,741.0,707.5,44.344,8.0,1332.0,1146.5,1679.0,908.0,985.0,1385.0,37.51,6.0,1416.8,1385.0,2064.5,2064.5,985.0,1385.0,37.89333333333333,5.0,2829.0,2829.0,4118.0,4118.0,1540.0,1540.0,39.84,2.0,1540.0,1540.0,,,1540.0,1540.0,45.64,1.0
107.0,234.0,107_234,1.0,,,,,,,,,353.16901408450707,185.0,510.54285714285714,309.0,200.16666666666666,112.0,93.74066666666667,71.0,353.6666666666667,338.0,294.6111111111111,246.0,412.72222222222223,401.0,95.7635,36.0,639.0416666666666,294.0,825.4166666666666,300.0,452.6666666666667,267.5,96.418,24.0,713.9629629629629,417.0,1000.7142857142857,710.0,405.15384615384613,267.0,96.03333333333333,27.0,945.0952380952381,589.0,1462.8181818181818,885.0,375.6,348.5,93.957,21.0,258.625,239.0,551.125,311.0,-33.875,92.0,82.38833333333334,16.0,-9.166666666666666,153.5,242.66666666666666,239.0,-261.0,-32.5,79.34,12.0,3.2222222222222223,121.0,249.25,273.0,-193.6,-55.0,78.605,9.0,286.42857142857144,121.0,84.0,64.0,438.25,351.5,80.18666666666667,7.0,292.7142857142857,126.0,104.25,95.0,544.0,582.0,78.952,7.0,155.57142857142858,105.0,90.5,94.0,242.33333333333334,105.0,76.215,7.0,280.5,102.5,87.0,87.0,474.0,474.0,74.56666666666666,4.0,583.5,469.0,707.5,707.5,459.5,459.5,75.87,4.0,4118.0,4118.0,,,4118.0,4118.0,70.64,1.0
234.0,107.0,107_234,1.0,,,,,,,,,353.16901408450707,185.0,200.16666666666666,112.0,510.54285714285714,309.0,96.69033333333333,71.0,353.6666666666667,338.0,412.72222222222223,401.0,294.6111111111111,246.0,94.9105,36.0,639.0416666666666,294.0,452.6666666666667,267.5,825.4166666666666,300.0,80.24,24.0,713.9629629629629,417.0,405.15384615384613,267.0,1000.7142857142857,710.0,58.30583333333333,27.0,945.0952380952381,589.0,375.6,348.5,1462.8181818181818,885.0,49.597,21.0,258.625,239.0,-33.875,92.0,551.125,311.0,56.735,16.0,-9.166666666666666,153.5,-261.0,-32.5,242.66666666666666,239.0,61.38,12.0,3.2222222222222223,121.0,-193.6,-55.0,249.25,273.0,63.2225,9.0,286.42857142857144,121.0,438.25,351.5,84.0,64.0,67.63,7.0,292.7142857142857,126.0,544.0,582.0,104.25,95.0,71.156,7.0,155.57142857142858,105.0,242.33333333333334,105.0,90.5,94.0,71.92,7.0,280.5,102.5,474.0,474.0,87.0,87.0,60.013333333333335,4.0,583.5,469.0,459.5,459.5,707.5,707.5,35.18,4.0,4118.0,4118.0,4118.0,4118.0,,,34.04,1.0
107.0,234.0,107_234,2.0,,,,,,,,,,,,,,,,,319.5576923076923,147.0,547.84,267.0,108.18518518518519,87.0,93.3045,52.0,377.3333333333333,338.0,475.5,399.5,279.1666666666667,137.0,92.954,36.0,175.375,156.5,76.0,67.0,274.75,401.0,97.02916666666667,16.0,251.41176470588235,0.0,141.25,37.5,349.3333333333333,-135.0,96.914,17.0,808.25,563.0,1301.4285714285713,773.0,117.8,267.0,95.15333333333334,12.0,627.4285714285714,438.5,1045.142857142857,753.0,209.71428571428572,267.0,92.488,14.0,523.9,281.5,695.2,262.0,352.6,301.0,85.5075,10.0,-119.85714285714286,186.0,298.75,311.0,-678.0,-746.0,77.48,7.0,-257.0,121.0,286.5,286.5,-619.3333333333334,-746.0,77.996,5.0,376.6666666666667,121.0,64.0,64.0,533.0,533.0,81.06,3.0,314.0,115.5,84.0,64.0,544.0,582.0,79.62666666666667,6.0,71.33333333333333,40.0,87.0,87.0,40.0,40.0,73.99,3.0,475.3333333333333,30.0,707.5,707.5,11.0,11.0,76.02,3.0
234.0,107.0,107_234,2.0,,,,,,,,,,,,,,,,,319.5576923076923,147.0,108.18518518518519,87.0,547.84,267.0,95.0355,52.0,377.3333333333333,338.0,279.1666666666667,137.0,475.5,399.5,100.0,36.0,175.375,156.5,274.75,401.0,76.0,67.0,100.0,16.0,251.41176470588235,0.0,349.3333333333333,-135.0,141.25,37.5,89.821,17.0,808.25,563.0,117.8,267.0,1301.4285714285713,773.0,47.465,12.0,627.4285714285714,438.5,209.71428571428572,267.0,1045.142857142857,753.0,38.116,14.0,523.9,281.5,352.6,301.0,695.2,262.0,54.6025,10.0,-119.85714285714286,186.0,-678.0,-746.0,298.75,311.0,62.08,7.0,-257.0,121.0,-619.3333333333334,-746.0,286.5,286.5,61.0,5.0,376.6666666666667,121.0,533.0,533.0,64.0,64.0,65.445,3.0,314.0,115.5,544.0,582.0,84.0,64.0,72.0,6.0,71.33333333333333,40.0,40.0,40.0,87.0,87.0,71.84,3.0,475.3333333333333,30.0,11.0,11.0,707.5,707.5,34.0,3.0
107.0,234.0,107_234,3.0,,,,,,,,,,,,,,,,,,,,,,,,,328.3142857142857,158.0,547.6470588235294,267.0,121.16666666666667,112.0,94.52733333333333,35.0,525.0967741935484,185.0,744.2666666666667,479.0,319.625,58.5,90.99333333333334,31.0,445.1578947368421,432.0,417.3,399.5,476.1111111111111,525.0,94.613,19.0,638.5333333333333,405.0,700.0,417.0,584.75,135.0,96.91333333333333,15.0,1580.4285714285713,1346.0,2193.75,2014.0,762.6666666666666,537.0,95.426,7.0,490.55555555555554,396.0,872.6,753.0,13.0,133.5,95.87,9.0,553.0,301.0,803.5,348.5,352.6,301.0,87.29666666666667,9.0,167.85714285714286,216.0,220.75,239.0,97.33333333333333,-10.0,80.684,7.0,-183.5,65.5,311.0,360.0,-678.0,-746.0,76.15,6.0,121.0,121.0,,,121.0,121.0,80.74666666666667,1.0,218.75,115.5,94.0,94.0,343.5,343.5,78.44,4.0,908.0,908.0,,,908.0,908.0,75.72,1.0
234.0,107.0,107_234,3.0,,,,,,,,,,,,,,,,,,,,,,,,,328.3142857142857,158.0,121.16666666666667,112.0,547.6470588235294,267.0,93.38066666666667,35.0,525.0967741935484,185.0,319.625,58.5,744.2666666666667,479.0,100.0,31.0,445.1578947368421,432.0,476.1111111111111,525.0,417.3,399.5,100.0,19.0,638.5333333333333,405.0,584.75,135.0,700.0,417.0,69.14666666666666,15.0,1580.4285714285713,1346.0,762.6666666666666,537.0,2193.75,2014.0,61.078,7.0,490.55555555555554,396.0,13.0,133.5,872.6,753.0,42.2675,9.0,553.0,301.0,352.6,301.0,803.5,348.5,51.39,9.0,167.85714285714286,216.0,97.33333333333333,-10.0,220.75,239.0,61.76,7.0,-183.5,65.5,-678.0,-746.0,311.0,360.0,61.0,6.0,121.0,121.0,121.0,121.0,,,63.26,1.0,218.75,115.5,343.5,343.5,94.0,94.0,72.0,4.0,908.0,908.0,908.0,908.0,,,36.36,1.0
107.0,234.0,107_234,4.0,,,,,,,,,,,,,,,,,,,,,,,,,,,,,,,,,215.53333333333333,171.5,423.6666666666667,267.0,7.4,118.0,94.58,30.0,383.4,142.0,588.1764705882352,267.0,190.0,57.5,92.52,35.0,79.16666666666667,102.5,86.0,75.0,72.33333333333333,130.0,96.50166666666667,6.0,338.9230769230769,-26.0,145.33333333333334,-13.0,504.85714285714283,-135.0,97.352,13.0,1580.4285714285713,1346.0,2193.75,2014.0,762.6666666666666,537.0,94.6975,7.0,490.55555555555554,396.0,872.6,753.0,13.0,133.5,95.04666666666667,9.0,857.0,627.0,1242.0,773.0,472.0,301.0,89.476,6.0,174.0,216.0,174.33333333333334,216.0,173.5,173.5,82.365,5.0,-351.5,-280.0,286.5,286.5,-989.5,-989.5,76.88,4.0,504.5,504.5,64.0,64.0,945.0,945.0,82.45,2.0,24.5,24.5,9.0,9.0,40.0,40.0,75.0,2.0
234.0,107.0,107_234,4.0,,,,,,,,,,,,,,,,,,,,,,,,,,,,,,,,,215.53333333333333,171.5,7.4,118.0,423.6666666666667,267.0,91.72583333333333,30.0,383.4,142.0,190.0,57.5,588.1764705882352,267.0,100.0,35.0,79.16666666666667,102.5,72.33333333333333,130.0,86.0,75.0,100.0,6.0,338.9230769230769,-26.0,504.85714285714283,-135.0,145.33333333333334,-13.0,79.642,13.0,1580.4285714285713,1346.0,762.6666666666666,537.0,2193.75,2014.0,58.0975,7.0,490.55555555555554,396.0,13.0,133.5,872.6,753.0,32.02333333333333,9.0,857.0,627.0,472.0,301.0,1242.0,773.0,43.972,6.0,174.0,216.0,173.5,173.5,174.33333333333334,216.0,61.95,5.0,-351.5,-280.0,-989.5,-989.5,286.5,286.5,61.0,4.0,504.5,504.5,945.0,945.0,64.0,64.0,69.89,2.0,24.5,24.5,40.0,40.0,9.0,9.0,71.68,2.0
107.0,234.0,107_234,5.0,,,,,,,,,,,,,,,,,,,,,,,,,,,,,,,,,,,,,,,,,188.11764705882354,158.0,462.125,273.0,-55.44444444444444,118.0,94.089,17.0,233.1,378.5,70.0,59.0,396.2,412.0,97.55666666666667,10.0,-33.0,102.5,129.0,129.0,-195.0,-195.0,96.476,4.0,345.3636363636364,-90.0,174.4,-26.0,487.8333333333333,-301.5,97.5325,11.0,1761.3333333333333,885.0,2373.5,2373.5,537.0,537.0,95.26,3.0,455.25,331.5,897.5,671.0,13.0,133.5,95.5,8.0,873.8,481.0,1476.5,1476.5,472.0,301.0,88.65,5.0,189.0,262.0,311.0,311.0,-55.0,-55.0,78.08,3.0,121.0,121.0,,,121.0,121.0,79.67,1.0,165.0,165.0,165.0,165.0,,,72.98,1.0
234.0,107.0,107_234,5.0,,,,,,,,,,,,,,,,,,,,,,,,,,,,,,,,,,,,,,,,,188.11764705882354,158.0,-55.44444444444444,118.0,462.125,273.0,90.071,17.0,233.1,378.5,396.2,412.0,70.0,59.0,100.0,10.0,-33.0,102.5,-195.0,-195.0,129.0,129.0,100.0,4.0,345.3636363636364,-90.0,487.8333333333333,-301.5,174.4,-26.0,74.5525,11.0,1761.3333333333333,885.0,537.0,537.0,2373.5,2373.5,62.906666666666666,3.0,455.25,331.5,13.0,133.5,897.5,671.0,32.26,8.0,873.8,481.0,472.0,301.0,1476.5,1476.5,47.255,5.0,189.0,262.0,-55.0,-55.0,311.0,311.0,63.16,3.0,121.0,121.0,121.0,121.0,,,61.0,1.0,165.0,165.0,,,165.0,165.0,72.0,1.0
107.0,234.0,107_234,6.0,,,,,,,,,,,,,,,,,,,,,,,,,,,,,,,,,,,,,,,,,,,,,,,,,520.8571428571429,502.0,756.4285714285714,608.0,285.2857142857143,185.0,90.22833333333334,14.0,233.1,378.5,70.0,59.0,396.2,412.0,97.068,10.0,67.5,91.5,91.5,91.5,43.5,43.5,96.2625,4.0,752.7777777777778,417.0,1088.75,1131.5,484.0,405.0,95.63,9.0,3862.0,3862.0,3862.0,3862.0,,,96.248,1.0,463.0,492.5,705.0,753.0,221.0,267.0,94.57,6.0,152.0,130.5,130.5,130.5,173.5,173.5,84.72666666666667,4.0,-523.5,-523.5,186.0,186.0,-1233.0,-1233.0,77.55,2.0,354.0,354.0,126.0,126.0,582.0,582.0,77.76,2.0
234.0,107.0,107_234,6.0,,,,,,,,,,,,,,,,,,,,,,,,,,,,,,,,,,,,,,,,,,,,,,,,,520.8571428571429,502.0,285.2857142857143,185.0,756.4285714285714,608.0,100.0,14.0,233.1,378.5,396.2,412.0,70.0,59.0,100.0,10.0,67.5,91.5,43.5,43.5,91.5,91.5,100.0,4.0,752.7777777777778,417.0,484.0,405.0,1088.75,1131.5,60.723333333333336,9.0,3862.0,3862.0,,,3862.0,3862.0,64.688,1.0,463.0,492.5,221.0,267.0,705.0,753.0,27.21,6.0,152.0,130.5,173.5,173.5,130.5,130.5,59.44,4.0,-523.5,-523.5,-1233.0,-1233.0,186.0,186.0,61.0,2.0,354.0,354.0,582.0,582.0,126.0,126.0,72.0,2.0
107.0,234.0,107_234,7.0,,,,,,,,,,,,,,,,,,,,,,,,,,,,,,,,,,,,,,,,,,,,,,,,,528.5882352941177,89.0,733.625,120.0,346.3333333333333,28.0,91.75833333333334,17.0,680.7777777777778,525.0,764.6,479.0,576.0,609.0,92.158,9.0,88.0,75.0,67.0,67.0,130.0,130.0,96.9025,3.0,467.1666666666667,-61.0,181.66666666666666,-26.0,752.6666666666666,-135.0,98.19666666666667,6.0,1200.1666666666667,1115.5,1637.6666666666667,1846.0,762.6666666666666,537.0,94.604,6.0,545.6666666666666,0.0,1124.0,1124.0,-611.0,-611.0,97.17,3.0,873.8,481.0,1476.5,1476.5,472.0,301.0,89.86666666666666,5.0,-13.5,152.5,373.5,373.5,-400.5,-400.5,74.75,4.0,83.5,83.5,62.0,62.0,105.0,105.0,79.12,2.0
234.0,107.0,107_234,7.0,,,,,,,,,,,,,,,,,,,,,,,,,,,,,,,,,,,,,,,,,,,,,,,,,528.5882352941177,89.0,346.3333333333333,28.0,733.625,120.0,100.0,17.0,680.7777777777778,525.0,576.0,609.0,764.6,479.0,100.0,9.0,88.0,75.0,130.0,130.0,67.0,67.0,100.0,3.0,467.1666666666667,-61.0,752.6666666666666,-135.0,181.66666666666666,-26.0,77.57,6.0,1200.1666666666667,1115.5,762.6666666666666,537.0,1637.6666666666667,1846.0,57.468,6.0,545.6666666666666,0.0,-611.0,-611.0,1124.0,1124.0,57.325,3.0,873.8,481.0,472.0,301.0,1476.5,1476.5,43.34,5.0,-13.5,152.5,-400.5,-400.5,373.5,373.5,61.0,4.0,83.5,83.5,105.0,105.0,62.0,62.0,72.0,2.0
107.0,234.0,107_234,8.0,,,,,,,,,,,,,,,,,,,,,,,,,,,,,,,,,,,,,,,,,,,,,,,,,165.22727272727272,187.0,450.0,267.0,-119.54545454545455,87.0,95.17833333333333,22.0,301.52941176470586,89.0,548.25,375.0,82.22222222222223,0.0,89.636,17.0,252.44444444444446,390.0,72.75,183.5,396.2,412.0,97.9225,9.0,67.5,91.5,91.5,91.5,43.5,43.5,97.25333333333333,4.0,588.25,163.5,224.5,163.5,952.0,569.0,96.66,8.0,1761.3333333333333,885.0,2373.5,2373.5,537.0,537.0,93.72,3.0,502.2,589.0,705.0,753.0,198.0,198.0,94.09333333333333,5.0,262.0,262.0,262.0,262.0,,,80.14,1.0,504.5,504.5,64.0,64.0,945.0,945.0,82.0,2.0
234.0,107.0,107_234,8.0,,,,,,,,,,,,,,,,,,,,,,,,,,,,,,,,,,,,,,,,,,,,,,,,,165.22727272727272,187.0,-119.54545454545455,87.0,450.0,267.0,92.025,22.0,301.52941176470586,89.0,82.22222222222223,0.0,548.25,375.0,100.0,17.0,252.44444444444446,390.0,396.2,412.0,72.75,183.5,100.0,9.0,67.5,91.5,43.5,43.5,91.5,91.5,100.0,4.0,588.25,163.5,952.0,569.0,224.5,163.5,70.0,8.0,1761.3333333333333,885.0,537.0,537.0,2373.5,2373.5,57.86,3.0,502.2,589.0,198.0,198.0,705.0,753.0,27.613333333333333,5.0,262.0,262.0,,,262.0,262.0,64.24,1.0,504.5,504.5,945.0,945.0,64.0,64.0,72.0,2.0
107.0,234.0,107_234,9.0,,,,,,,,,,,,,,,,,,,,,,,,,,,,,,,,,,,,,,,,,,,,,,,,,353.875,151.5,351.25,186.0,356.5,151.5,93.98166666666667,8.0,460.72222222222223,187.0,623.6666666666666,267.0,297.77777777777777,106.0,95.404,18.0,680.7777777777778,525.0,764.6,479.0,576.0,609.0,90.1975,9.0,102.5,102.5,75.0,75.0,130.0,130.0,95.75,2.0,-60.0,-26.0,-13.0,-13.0,-91.33333333333333,-135.0,98.044,5.0,1444.75,1596.0,2014.0,2014.0,875.5,875.5,95.675,4.0,476.0,133.5,1124.0,1124.0,-172.0,-172.0,96.0,4.0,152.0,130.5,130.5,130.5,173.5,173.5,84.59,4.0,,,,,,,82.9,0.0
234.0,107.0,107_234,9.0,,,,,,,,,,,,,,,,,,,,,,,,,,,,,,,,,,,,,,,,,,,,,,,,,353.875,151.5,356.5,151.5,351.25,186.0,91.42666666666666,8.0,460.72222222222223,187.0,297.77777777777777,106.0,623.6666666666666,267.0,100.0,18.0,680.7777777777778,525.0,576.0,609.0,764.6,479.0,100.0,9.0,102.5,102.5,130.0,130.0,75.0,75.0,100.0,2.0,-60.0,-26.0,-91.33333333333333,-135.0,-13.0,-13.0,89.284,5.0,1444.75,1596.0,875.5,875.5,2014.0,2014.0,58.335,4.0,476.0,133.5,-172.0,-172.0,1124.0,1124.0,36.43333333333333,4.0,152.0,130.5,173.5,173.5,130.5,130.5,59.66,4.0,,,,,,,67.78,0.0
107.0,234.0,107_234,10.0,,,,,,,,,,,,,,,,,,,,,,,,,,,,,,,,,,,,,,,,,,,,,,,,,,,,,,,,,57.416666666666664,145.5,404.8333333333333,207.0,-290.0,-145.5,93.504,12.0,170.78571428571428,85.0,441.57142857142856,142.0,-100.0,0.0,89.53,14.0,213.8,390.0,-5.666666666666667,59.0,543.0,543.0,96.25333333333333,5.0,-168.5,-168.5,183.0,183.0,-520.0,-520.0,96.768,2.0,686.0,417.0,331.3333333333333,417.0,952.0,569.0,96.5,7.0,,,,,,,98.02,0.0,921.0,921.0,,,921.0,921.0,86.35,1.0,121.0,121.0,,,121.0,121.0,80.58,1.0
234.0,107.0,107_234,10.0,,,,,,,,,,,,,,,,,,,,,,,,,,,,,,,,,,,,,,,,,,,,,,,,,,,,,,,,,57.416666666666664,145.5,-290.0,-145.5,404.8333333333333,207.0,87.63,12.0,170.78571428571428,85.0,-100.0,0.0,441.57142857142856,142.0,100.0,14.0,213.8,390.0,543.0,543.0,-5.666666666666667,59.0,100.0,5.0,-168.5,-168.5,-520.0,-520.0,183.0,183.0,100.0,2.0,686.0,417.0,952.0,569.0,331.3333333333333,417.0,69.25,7.0,,,,,,,71.8,0.0,921.0,921.0,921.0,921.0,,,57.64,1.0,121.0,121.0,121.0,121.0,,,61.0,1.0
107.0,234.0,107_234,11.0,,,,,,,,,,,,,,,,,,,,,,,,,,,,,,,,,,,,,,,,,,,,,,,,,,,,,,,,,501.8,290.0,634.0,634.0,413.6666666666667,118.0,94.674,5.0,970.0,700.5,1416.6666666666667,1295.0,702.0,106.0,93.2525,8.0,252.4,367.0,183.5,183.5,298.3333333333333,412.0,98.86,5.0,102.5,102.5,75.0,75.0,130.0,130.0,96.184,2.0,-250.75,-115.5,-61.0,-61.0,-440.5,-440.5,98.565,4.0,1761.3333333333333,885.0,2373.5,2373.5,537.0,537.0,92.5,3.0,862.0,391.0,1476.5,1476.5,247.5,247.5,90.95,4.0,,,,,,,78.76,0.0
234.0,107.0,107_234,11.0,,,,,,,,,,,,,,,,,,,,,,,,,,,,,,,,,,,,,,,,,,,,,,,,,,,,,,,,,501.8,290.0,413.6666666666667,118.0,634.0,634.0,92.512,5.0,970.0,700.5,702.0,106.0,1416.6666666666667,1295.0,100.0,8.0,252.4,367.0,298.3333333333333,412.0,183.5,183.5,100.0,5.0,102.5,102.5,130.0,130.0,75.0,75.0,100.0,2.0,-250.75,-115.5,-440.5,-440.5,-61.0,-61.0,79.855,4.0,1761.3333333333333,885.0,537.0,537.0,2373.5,2373.5,54.013333333333335,3.0,862.0,391.0,247.5,247.5,1476.5,1476.5,36.87,4.0,,,,,,,61.0,0.0
107.0,234.0,107_234,12.0,,,,,,,,,,,,,,,,,,,,,,,,,,,,,,,,,,,,,,,,,,,,,,,,,,,,,,,,,,,,,,,,,195.5,226.0,504.0,318.0,-113.0,87.0,96.1425,18.0,548.75,502.0,521.5,455.5,576.0,609.0,91.90666666666667,8.0,155.75,224.5,-231.5,-231.5,543.0,543.0,96.576,4.0,67.5,91.5,91.5,91.5,43.5,43.5,97.805,4.0,1311.0,1346.0,2182.0,2182.0,875.5,875.5,94.70666666666666,3.0,640.6666666666666,753.0,763.0,763.0,396.0,396.0,93.14,3.0,,,,,,,77.44,0.0
234.0,107.0,107_234,12.0,,,,,,,,,,,,,,,,,,,,,,,,,,,,,,,,,,,,,,,,,,,,,,,,,,,,,,,,,,,,,,,,,195.5,226.0,-113.0,87.0,504.0,318.0,95.0375,18.0,548.75,502.0,576.0,609.0,521.5,455.5,100.0,8.0,155.75,224.5,543.0,543.0,-231.5,-231.5,100.0,4.0,67.5,91.5,43.5,43.5,91.5,91.5,100.0,4.0,1311.0,1346.0,875.5,875.5,2182.0,2182.0,56.78,3.0,640.6666666666666,753.0,396.0,396.0,763.0,763.0,28.42,3.0,,,,,,,61.0,0.0
107.0,234.0,107_234,13.0,,,,,,,,,,,,,,,,,,,,,,,,,,,,,,,,,,,,,,,,,,,,,,,,,,,,,,,,,,,,,,,,,156.33333333333334,133.0,305.8,158.0,-30.5,62.0,92.2625,9.0,483.6666666666667,396.5,1069.6666666666667,864.0,-102.33333333333333,-47.0,88.55,6.0,284.6666666666667,389.5,271.0,367.0,298.3333333333333,412.0,97.56,6.0,,,,,,,94.72,0.0,473.6666666666667,163.5,724.3333333333334,417.0,223.0,-468.0,96.55333333333333,6.0,285.3333333333333,267.0,589.0,589.0,133.5,133.5,96.0,3.0,-523.5,-523.5,186.0,186.0,-1233.0,-1233.0,77.66,2.0
234.0,107.0,107_234,13.0,,,,,,,,,,,,,,,,,,,,,,,,,,,,,,,,,,,,,,,,,,,,,,,,,,,,,,,,,,,,,,,,,156.33333333333334,133.0,-30.5,62.0,305.8,158.0,86.1425,9.0,483.6666666666667,396.5,-102.33333333333333,-47.0,1069.6666666666667,864.0,100.0,6.0,284.6666666666667,389.5,298.3333333333333,412.0,271.0,367.0,100.0,6.0,,,,,,,100.0,0.0,473.6666666666667,163.5,223.0,-468.0,724.3333333333334,417.0,64.66666666666667,6.0,285.3333333333333,267.0,133.5,133.5,589.0,589.0,26.0,3.0,-523.5,-523.5,-1233.0,-1233.0,186.0,186.0,61.0,2.0
107.0,234.0,107_234,14.0,,,,,,,,,,,,,,,,,,,,,,,,,,,,,,,,,,,,,,,,,,,,,,,,,,,,,,,,,,,,,,,,,513.3333333333334,290.0,290.0,290.0,625.0,625.0,95.335,3.0,330.0833333333333,85.0,485.6666666666667,120.0,174.5,0.0,89.2,12.0,562.5,562.5,432.0,432.0,693.0,693.0,98.96,2.0,102.5,102.5,75.0,75.0,130.0,130.0,96.98,2.0,1236.6666666666667,667.0,285.5,285.5,3139.0,3139.0,97.40666666666667,3.0,545.6666666666666,0.0,1124.0,1124.0,-611.0,-611.0,96.0,3.0,-179.5,-179.5,387.0,387.0,-746.0,-746.0,75.54,2.0
234.0,107.0,107_234,14.0,,,,,,,,,,,,,,,,,,,,,,,,,,,,,,,,,,,,,,,,,,,,,,,,,,,,,,,,,,,,,,,,,513.3333333333334,290.0,625.0,625.0,290.0,290.0,93.9975,3.0,330.0833333333333,85.0,174.5,0.0,485.6666666666667,120.0,100.0,12.0,562.5,562.5,693.0,693.0,432.0,432.0,100.0,2.0,102.5,102.5,130.0,130.0,75.0,75.0,100.0,2.0,1236.6666666666667,667.0,3139.0,3139.0,285.5,285.5,73.0,3.0,545.6666666666666,0.0,-611.0,-611.0,1124.0,1124.0,41.65,3.0,-179.5,-179.5,-746.0,-746.0,387.0,387.0,61.0,2.0
107.0,234.0,107_234,15.0,,,,,,,,,,,,,,,,,,,,,,,,,,,,,,,,,,,,,,,,,,,,,,,,,,,,,,,,,,,,,,,,,,,,,,,,,1005.0,106.0,1477.5,1477.5,690.0,106.0,94.31666666666666,5.0,714.5714285714286,525.0,847.75,672.5,537.0,525.0,85.356,7.0,59.0,59.0,59.0,59.0,,,96.825,1.0,-302.3333333333333,-135.0,-26.0,-26.0,-440.5,-440.5,98.98666666666666,3.0,,,,,,,98.34,0.0,152.5,152.5,360.0,360.0,-55.0,-55.0,73.96,2.0
234.0,107.0,107_234,15.0,,,,,,,,,,,,,,,,,,,,,,,,,,,,,,,,,,,,,,,,,,,,,,,,,,,,,,,,,,,,,,,,,,,,,,,,,1005.0,106.0,690.0,106.0,1477.5,1477.5,100.0,5.0,714.5714285714286,525.0,537.0,525.0,847.75,672.5,100.0,7.0,59.0,59.0,,,59.0,59.0,100.0,1.0,-302.3333333333333,-135.0,-440.5,-440.5,-26.0,-26.0,82.14,3.0,,,,,,,73.0,0.0,152.5,152.5,-55.0,-55.0,360.0,360.0,61.0,2.0
107.0,234.0,107_234,16.0,,,,,,,,,,,,,,,,,,,,,,,,,,,,,,,,,,,,,,,,,,,,,,,,,,,,,,,,,,,,,,,,,,,,,,,,,198.1875,226.0,470.5,292.5,-74.125,119.5,96.35333333333334,16.0,267.0,98.0,775.75,736.0,-140.0,-47.0,89.616,9.0,186.28571428571428,390.0,-25.333333333333332,0.0,345.0,401.0,95.845,7.0,67.5,91.5,91.5,91.5,43.5,43.5,97.40666666666667,4.0,,,,,,,96.22,0.0,262.0,262.0,262.0,262.0,,,77.4,1.0
234.0,107.0,107_234,16.0,,,,,,,,,,,,,,,,,,,,,,,,,,,,,,,,,,,,,,,,,,,,,,,,,,,,,,,,,,,,,,,,,,,,,,,,,198.1875,226.0,-74.125,119.5,470.5,292.5,98.05,16.0,267.0,98.0,-140.0,-47.0,775.75,736.0,100.0,9.0,186.28571428571428,390.0,345.0,401.0,-25.333333333333332,0.0,100.0,7.0,67.5,91.5,43.5,43.5,91.5,91.5,100.0,4.0,,,,,,,61.72,0.0,262.0,262.0,,,262.0,262.0,61.68,1.0
107.0,234.0,107_234,17.0,,,,,,,,,,,,,,,,,,,,,,,,,,,,,,,,,,,,,,,,,,,,,,,,,,,,,,,,,,,,,,,,,,,,,,,,,77.33333333333333,145.5,395.3333333333333,256.0,-240.66666666666666,-424.0,94.00333333333333,6.0,340.375,40.5,320.75,111.5,360.0,0.0,89.656,8.0,484.0,484.0,367.0,367.0,601.0,601.0,100.0,2.0,,,,,,,97.1,0.0,1761.3333333333333,885.0,2373.5,2373.5,537.0,537.0,91.22,3.0,,,,,,,82.88,0.0
234.0,107.0,107_234,17.0,,,,,,,,,,,,,,,,,,,,,,,,,,,,,,,,,,,,,,,,,,,,,,,,,,,,,,,,,,,,,,,,,,,,,,,,,77.33333333333333,145.5,-240.66666666666666,-424.0,395.3333333333333,256.0,86.0,6.0,340.375,40.5,360.0,0.0,320.75,111.5,100.0,8.0,484.0,484.0,601.0,601.0,367.0,367.0,100.0,2.0,,,,,,,100.0,0.0,1761.3333333333333,885.0,537.0,537.0,2373.5,2373.5,54.0,3.0,,,,,,,66.8,0.0
107.0,234.0,107_234,18.0,,,,,,,,,,,,,,,,,,,,,,,,,,,,,,,,,,,,,,,,,,,,,,,,,,,,,,,,,,,,,,,,,,,,,,,,,258.2,82.0,371.6666666666667,82.0,88.0,88.0,91.92666666666666,5.0,46.0,28.0,4.0,4.0,67.0,67.0,93.18,3.0,565.0,525.0,535.6666666666666,432.0,609.0,609.0,96.175,5.0,,,,,,,94.5,0.0,1764.0,1764.0,2182.0,2182.0,1346.0,1346.0,93.79,2.0,-10.0,-10.0,,,-10.0,-10.0,83.7,1.0
234.0,107.0,107_234,18.0,,,,,,,,,,,,,,,,,,,,,,,,,,,,,,,,,,,,,,,,,,,,,,,,,,,,,,,,,,,,,,,,,,,,,,,,,258.2,82.0,88.0,88.0,371.6666666666667,82.0,88.85333333333334,5.0,46.0,28.0,67.0,67.0,4.0,4.0,100.0,3.0,565.0,525.0,609.0,609.0,535.6666666666666,432.0,100.0,5.0,,,,,,,100.0,0.0,1764.0,1764.0,1346.0,1346.0,2182.0,2182.0,54.04,2.0,-10.0,-10.0,-10.0,-10.0,,,60.32,1.0
107.0,234.0,107_234,19.0,,,,,,,,,,,,,,,,,,,,,,,,,,,,,,,,,,,,,,,,,,,,,,,,,,,,,,,,,,,,,,,,,,,,,,,,,513.3333333333334,290.0,290.0,290.0,625.0,625.0,96.03666666666666,3.0,543.6666666666666,236.0,701.125,292.5,363.7142857142857,152.0,97.628,15.0,825.5,796.0,1108.0,1108.0,543.0,543.0,84.22,4.0,102.5,102.5,75.0,75.0,130.0,130.0,97.0,2.0,1125.5,1125.5,1846.0,1846.0,405.0,405.0,97.56,2.0,206.0,216.0,130.5,130.5,357.0,357.0,85.48,3.0
234.0,107.0,107_234,19.0,,,,,,,,,,,,,,,,,,,,,,,,,,,,,,,,,,,,,,,,,,,,,,,,,,,,,,,,,,,,,,,,,,,,,,,,,513.3333333333334,290.0,625.0,625.0,290.0,290.0,94.0,3.0,543.6666666666666,236.0,363.7142857142857,152.0,701.125,292.5,100.0,15.0,825.5,796.0,543.0,543.0,1108.0,1108.0,100.0,4.0,102.5,102.5,130.0,130.0,75.0,75.0,100.0,2.0,1125.5,1125.5,405.0,405.0,1846.0,1846.0,62.63,2.0,206.0,216.0,357.0,357.0,130.5,130.5,59.0,3.0
107.0,234.0,107_234,20.0,,,,,,,,,,,,,,,,,,,,,,,,,,,,,,,,,,,,,,,,,,,,,,,,,,,,,,,,,,,,,,,,,,,,,,,,,,,,,,,,,77.42857142857143,158.0,678.6666666666666,772.0,-373.5,-145.5,94.944,7.0,233.0,185.0,736.0,736.0,-102.33333333333333,-47.0,90.29,5.0,59.0,59.0,59.0,59.0,,,97.0,1.0,199.2,-90.0,163.5,163.5,223.0,-468.0,95.54,5.0,,,,,,,85.0,0.0
234.0,107.0,107_234,20.0,,,,,,,,,,,,,,,,,,,,,,,,,,,,,,,,,,,,,,,,,,,,,,,,,,,,,,,,,,,,,,,,,,,,,,,,,,,,,,,,,77.42857142857143,158.0,-373.5,-145.5,678.6666666666666,772.0,89.26,7.0,233.0,185.0,-102.33333333333333,-47.0,736.0,736.0,100.0,5.0,59.0,59.0,,,59.0,59.0,100.0,1.0,199.2,-90.0,223.0,-468.0,163.5,163.5,65.5,5.0,,,,,,,59.0,0.0
107.0,234.0,107_234,21.0,,,,,,,,,,,,,,,,,,,,,,,,,,,,,,,,,,,,,,,,,,,,,,,,,,,,,,,,,,,,,,,,,,,,,,,,,,,,,,,,,29.4,82.0,131.0,82.0,-123.0,-123.0,92.064,5.0,136.22222222222223,81.0,323.8,98.0,-98.25,0.0,88.77,9.0,252.5,418.0,-38.0,-38.0,543.0,543.0,95.50666666666666,4.0,1903.0,1903.0,667.0,667.0,3139.0,3139.0,97.46,2.0,921.0,921.0,,,921.0,921.0,87.7,1.0
234.0,107.0,107_234,21.0,,,,,,,,,,,,,,,,,,,,,,,,,,,,,,,,,,,,,,,,,,,,,,,,,,,,,,,,,,,,,,,,,,,,,,,,,,,,,,,,,29.4,82.0,-123.0,-123.0,131.0,82.0,86.0,5.0,136.22222222222223,81.0,-98.25,0.0,323.8,98.0,100.0,9.0,252.5,418.0,543.0,543.0,-38.0,-38.0,100.0,4.0,1903.0,1903.0,3139.0,3139.0,667.0,667.0,73.0,2.0,921.0,921.0,921.0,921.0,,,56.28,1.0
107.0,234.0,107_234,22.0,,,,,,,,,,,,,,,,,,,,,,,,,,,,,,,,,,,,,,,,,,,,,,,,,,,,,,,,,,,,,,,,,,,,,,,,,,,,,,,,,344.25,204.0,634.0,634.0,54.5,54.5,92.592,4.0,710.25,700.5,1295.0,1295.0,515.3333333333334,106.0,90.36,4.0,252.4,367.0,183.5,183.5,298.3333333333333,412.0,97.72,5.0,-96.0,-96.0,-96.0,-96.0,,,97.52,1.0,2472.0,2472.0,2472.0,2472.0,,,89.9,1.0
234.0,107.0,107_234,22.0,,,,,,,,,,,,,,,,,,,,,,,,,,,,,,,,,,,,,,,,,,,,,,,,,,,,,,,,,,,,,,,,,,,,,,,,,,,,,,,,,344.25,204.0,54.5,54.5,634.0,634.0,91.024,4.0,710.25,700.5,515.3333333333334,106.0,1295.0,1295.0,100.0,4.0,252.4,367.0,298.3333333333333,412.0,183.5,183.5,100.0,5.0,-96.0,-96.0,,,-96.0,-96.0,73.0,1.0,2472.0,2472.0,,,2472.0,2472.0,40.74,1.0
107.0,234.0,107_234,23.0,,,,,,,,,,,,,,,,,,,,,,,,,,,,,,,,,,,,,,,,,,,,,,,,,,,,,,,,,,,,,,,,,,,,,,,,,,,,,,,,,1132.0,1132.0,,,1132.0,1132.0,96.756,1.0,1229.75,982.0,1477.5,1477.5,982.0,982.0,96.145,4.0,,,,,,,100.0,0.0,-302.3333333333333,-135.0,-26.0,-26.0,-440.5,-440.5,99.61,3.0,325.3333333333333,301.0,481.0,481.0,247.5,247.5,92.0,3.0
234.0,107.0,107_234,23.0,,,,,,,,,,,,,,,,,,,,,,,,,,,,,,,,,,,,,,,,,,,,,,,,,,,,,,,,,,,,,,,,,,,,,,,,,,,,,,,,,1132.0,1132.0,1132.0,1132.0,,,94.0,1.0,1229.75,982.0,982.0,982.0,1477.5,1477.5,100.0,4.0,,,,,,,100.0,0.0,-302.3333333333333,-135.0,-440.5,-440.5,-26.0,-26.0,86.71,3.0,325.3333333333333,301.0,247.5,247.5,481.0,481.0,33.0,3.0
107.0,234.0,107_234,24.0,,,,,,,,,,,,,,,,,,,,,,,,,,,,,,,,,,,,,,,,,,,,,,,,,,,,,,,,,,,,,,,,,,,,,,,,,,,,,,,,,,,,,,,,,251.3846153846154,216.0,379.7142857142857,267.0,101.66666666666667,119.5,97.035,13.0,562.5,562.5,432.0,432.0,693.0,693.0,98.26666666666667,2.0,303.5,303.5,0.0,0.0,607.0,607.0,96.63,2.0,773.0,773.0,773.0,773.0,,,92.78,1.0
234.0,107.0,107_234,24.0,,,,,,,,,,,,,,,,,,,,,,,,,,,,,,,,,,,,,,,,,,,,,,,,,,,,,,,,,,,,,,,,,,,,,,,,,,,,,,,,,,,,,,,,,251.3846153846154,216.0,101.66666666666667,119.5,379.7142857142857,267.0,100.0,13.0,562.5,562.5,693.0,693.0,432.0,432.0,100.0,2.0,303.5,303.5,607.0,607.0,0.0,0.0,100.0,2.0,773.0,773.0,,,773.0,773.0,30.84,1.0
107.0,234.0,107_234,25.0,,,,,,,,,,,,,,,,,,,,,,,,,,,,,,,,,,,,,,,,,,,,,,,,,,,,,,,,,,,,,,,,,,,,,,,,,,,,,,,,,,,,,,,,,50.2,249.0,939.0,939.0,-542.3333333333334,-424.0,95.25,5.0,544.1666666666666,502.0,551.3333333333334,479.0,537.0,525.0,85.54666666666667,6.0,-168.5,-168.5,183.0,183.0,-520.0,-520.0,98.98,2.0,574.5,574.5,753.0,753.0,396.0,396.0,93.5,2.0
234.0,107.0,107_234,25.0,,,,,,,,,,,,,,,,,,,,,,,,,,,,,,,,,,,,,,,,,,,,,,,,,,,,,,,,,,,,,,,,,,,,,,,,,,,,,,,,,,,,,,,,,50.2,249.0,-542.3333333333334,-424.0,939.0,939.0,90.075,5.0,544.1666666666666,502.0,537.0,525.0,551.3333333333334,479.0,100.0,6.0,-168.5,-168.5,-520.0,-520.0,183.0,183.0,100.0,2.0,574.5,574.5,396.0,396.0,753.0,753.0,26.0,2.0
107.0,234.0,107_234,26.0,,,,,,,,,,,,,,,,,,,,,,,,,,,,,,,,,,,,,,,,,,,,,,,,,,,,,,,,,,,,,,,,,,,,,,,,,,,,,,,,,,,,,,,,,29.0,145.5,207.0,207.0,-149.0,-149.0,93.25,4.0,646.0,646.0,1737.0,1737.0,-445.0,-445.0,86.60666666666667,2.0,,,,,,,96.15,0.0,294.5,294.5,589.0,589.0,0.0,0.0,96.0,2.0
234.0,107.0,107_234,26.0,,,,,,,,,,,,,,,,,,,,,,,,,,,,,,,,,,,,,,,,,,,,,,,,,,,,,,,,,,,,,,,,,,,,,,,,,,,,,,,,,,,,,,,,,29.0,145.5,-149.0,-149.0,207.0,207.0,86.0,4.0,646.0,646.0,-445.0,-445.0,1737.0,1737.0,100.0,2.0,,,,,,,100.0,0.0,294.5,294.5,0.0,0.0,589.0,589.0,26.0,2.0
107.0,234.0,107_234,27.0,,,,,,,,,,,,,,,,,,,,,,,,,,,,,,,,,,,,,,,,,,,,,,,,,,,,,,,,,,,,,,,,,,,,,,,,,,,,,,,,,,,,,,,,,258.2,82.0,371.6666666666667,82.0,88.0,88.0,91.275,5.0,402.5,396.5,736.0,736.0,69.0,69.0,90.49333333333334,4.0,,,,,,,93.29,0.0,267.0,267.0,,,267.0,267.0,96.0,1.0
234.0,107.0,107_234,27.0,,,,,,,,,,,,,,,,,,,,,,,,,,,,,,,,,,,,,,,,,,,,,,,,,,,,,,,,,,,,,,,,,,,,,,,,,,,,,,,,,,,,,,,,,258.2,82.0,88.0,88.0,371.6666666666667,82.0,86.285,5.0,402.5,396.5,69.0,69.0,736.0,736.0,100.0,4.0,,,,,,,100.0,0.0,267.0,267.0,267.0,267.0,,,26.0,1.0
107.0,234.0,107_234,28.0,,,,,,,,,,,,,,,,,,,,,,,,,,,,,,,,,,,,,,,,,,,,,,,,,,,,,,,,,,,,,,,,,,,,,,,,,,,,,,,,,,,,,,,,,204.0,204.0,290.0,290.0,118.0,118.0,93.85,2.0,182.625,85.0,463.5,120.0,-98.25,0.0,88.78666666666666,8.0,,,,,,,96.96,0.0,-305.5,-305.5,0.0,0.0,-611.0,-611.0,96.0,2.0
234.0,107.0,107_234,28.0,,,,,,,,,,,,,,,,,,,,,,,,,,,,,,,,,,,,,,,,,,,,,,,,,,,,,,,,,,,,,,,,,,,,,,,,,,,,,,,,,,,,,,,,,204.0,204.0,118.0,118.0,290.0,290.0,93.995,2.0,182.625,85.0,-98.25,0.0,463.5,120.0,100.0,8.0,,,,,,,100.0,0.0,-305.5,-305.5,-611.0,-611.0,0.0,0.0,26.0,2.0
107.0,234.0,107_234,29.0,,,,,,,,,,,,,,,,,,,,,,,,,,,,,,,,,,,,,,,,,,,,,,,,,,,,,,,,,,,,,,,,,,,,,,,,,,,,,,,,,,,,,,,,,1132.0,1132.0,,,1132.0,1132.0,96.82,1.0,625.0,530.0,530.0,530.0,720.0,720.0,89.61333333333333,4.0,102.5,102.5,75.0,75.0,130.0,130.0,97.0,2.0,2248.0,2248.0,2248.0,2248.0,,,96.0,1.0
234.0,107.0,107_234,29.0,,,,,,,,,,,,,,,,,,,,,,,,,,,,,,,,,,,,,,,,,,,,,,,,,,,,,,,,,,,,,,,,,,,,,,,,,,,,,,,,,,,,,,,,,1132.0,1132.0,1132.0,1132.0,,,94.0,1.0,625.0,530.0,720.0,720.0,530.0,530.0,100.0,4.0,102.5,102.5,130.0,130.0,75.0,75.0,100.0,2.0,2248.0,2248.0,,,2248.0,2248.0,57.3,1.0
107.0,234.0,107_234,30.0,,,,,,,,,,,,,,,,,,,,,,,,,,,,,,,,,,,,,,,,,,,,,,,,,,,,,,,,,,,,,,,,,,,,,,,,,,,,,,,,,,,,,,,,,,,,,,,,,46.0,28.0,4.0,4.0,67.0,67.0,90.58,3.0,59.0,59.0,59.0,59.0,,,97.0,1.0,,,,,,,97.68,0.0
234.0,107.0,107_234,30.0,,,,,,,,,,,,,,,,,,,,,,,,,,,,,,,,,,,,,,,,,,,,,,,,,,,,,,,,,,,,,,,,,,,,,,,,,,,,,,,,,,,,,,,,,,,,,,,,,46.0,28.0,67.0,67.0,4.0,4.0,100.0,3.0,59.0,59.0,,,59.0,59.0,100.0,1.0,,,,,,,73.0,0.0
107.0,234.0,107_234,31.0,,,,,,,,,,,,,,,,,,,,,,,,,,,,,,,,,,,,,,,,,,,,,,,,,,,,,,,,,,,,,,,,,,,,,,,,,,,,,,,,,,,,,,,,,,,,,,,,,2443.5,2443.5,2951.0,2951.0,1936.0,1936.0,98.05333333333333,2.0,,,,,,,96.65,0.0,,,,,,,99.0,0.0
234.0,107.0,107_234,31.0,,,,,,,,,,,,,,,,,,,,,,,,,,,,,,,,,,,,,,,,,,,,,,,,,,,,,,,,,,,,,,,,,,,,,,,,,,,,,,,,,,,,,,,,,,,,,,,,,2443.5,2443.5,1936.0,1936.0,2951.0,2951.0,100.0,2.0,,,,,,,100.0,0.0,,,,,,,73.0,0.0
107.0,234.0,107_234,32.0,,,,,,,,,,,,,,,,,,,,,,,,,,,,,,,,,,,,,,,,,,,,,,,,,,,,,,,,,,,,,,,,,,,,,,,,,,,,,,,,,,,,,,,,,,,,,,,,,250.08333333333334,187.0,398.5,277.0,101.66666666666667,119.5,98.04666666666667,12.0,252.5,418.0,-38.0,-38.0,543.0,543.0,95.11,4.0,,,,,,,97.38,0.0
234.0,107.0,107_234,32.0,,,,,,,,,,,,,,,,,,,,,,,,,,,,,,,,,,,,,,,,,,,,,,,,,,,,,,,,,,,,,,,,,,,,,,,,,,,,,,,,,,,,,,,,,,,,,,,,,250.08333333333334,187.0,101.66666666666667,119.5,398.5,277.0,100.0,12.0,252.5,418.0,543.0,543.0,-38.0,-38.0,100.0,4.0,,,,,,,69.4,0.0
107.0,234.0,107_234,33.0,,,,,,,,,,,,,,,,,,,,,,,,,,,,,,,,,,,,,,,,,,,,,,,,,,,,,,,,,,,,,,,,,,,,,,,,,,,,,,,,,,,,,,,,,,,,,,,,,42.5,258.0,686.5,686.5,-601.5,-601.5,94.66,4.0,98.0,0.0,0.0,0.0,147.0,147.0,96.58,3.0,,,,,,,95.06,0.0
234.0,107.0,107_234,33.0,,,,,,,,,,,,,,,,,,,,,,,,,,,,,,,,,,,,,,,,,,,,,,,,,,,,,,,,,,,,,,,,,,,,,,,,,,,,,,,,,,,,,,,,,,,,,,,,,42.5,258.0,-601.5,-601.5,686.5,686.5,96.1,4.0,98.0,0.0,147.0,147.0,0.0,0.0,100.0,3.0,,,,,,,54.04,0.0
107.0,234.0,107_234,34.0,,,,,,,,,,,,,,,,,,,,,,,,,,,,,,,,,,,,,,,,,,,,,,,,,,,,,,,,,,,,,,,,,,,,,,,,,,,,,,,,,,,,,,,,,,,,,,,,,159.75,145.5,465.0,465.0,-145.5,-145.5,94.91333333333333,4.0,484.0,484.0,367.0,367.0,601.0,601.0,100.0,2.0,3862.0,3862.0,3862.0,3862.0,,,92.12,1.0
234.0,107.0,107_234,34.0,,,,,,,,,,,,,,,,,,,,,,,,,,,,,,,,,,,,,,,,,,,,,,,,,,,,,,,,,,,,,,,,,,,,,,,,,,,,,,,,,,,,,,,,,,,,,,,,,159.75,145.5,-145.5,-145.5,465.0,465.0,86.0,4.0,484.0,484.0,601.0,601.0,367.0,367.0,100.0,2.0,3862.0,3862.0,,,3862.0,3862.0,54.0,1.0
107.0,234.0,107_234,35.0,,,,,,,,,,,,,,,,,,,,,,,,,,,,,,,,,,,,,,,,,,,,,,,,,,,,,,,,,,,,,,,,,,,,,,,,,,,,,,,,,,,,,,,,,,,,,,,,,-87.5,-87.5,256.0,256.0,-431.0,-431.0,93.09333333333333,2.0,,,,,,,100.0,0.0,711.0,711.0,885.0,885.0,537.0,537.0,90.32,2.0
234.0,107.0,107_234,35.0,,,,,,,,,,,,,,,,,,,,,,,,,,,,,,,,,,,,,,,,,,,,,,,,,,,,,,,,,,,,,,,,,,,,,,,,,,,,,,,,,,,,,,,,,,,,,,,,,-87.5,-87.5,-431.0,-431.0,256.0,256.0,86.0,2.0,,,,,,,100.0,0.0,711.0,711.0,537.0,537.0,885.0,885.0,54.0,2.0
107.0,234.0,107_234,36.0,,,,,,,,,,,,,,,,,,,,,,,,,,,,,,,,,,,,,,,,,,,,,,,,,,,,,,,,,,,,,,,,,,,,,,,,,,,,,,,,,,,,,,,,,,,,,,,,,258.2,82.0,371.6666666666667,82.0,88.0,88.0,91.21333333333334,5.0,,,,,,,100.0,0.0,1346.0,1346.0,,,1346.0,1346.0,92.94,1.0
234.0,107.0,107_234,36.0,,,,,,,,,,,,,,,,,,,,,,,,,,,,,,,,,,,,,,,,,,,,,,,,,,,,,,,,,,,,,,,,,,,,,,,,,,,,,,,,,,,,,,,,,,,,,,,,,258.2,82.0,88.0,88.0,371.6666666666667,82.0,86.0,5.0,,,,,,,100.0,0.0,1346.0,1346.0,1346.0,1346.0,,,54.0,1.0
107.0,234.0,107_234,37.0,,,,,,,,,,,,,,,,,,,,,,,,,,,,,,,,,,,,,,,,,,,,,,,,,,,,,,,,,,,,,,,,,,,,,,,,,,,,,,,,,,,,,,,,,,,,,,,,,,,,,,,92.64,0.0,565.0,525.0,535.6666666666666,432.0,609.0,609.0,92.35,5.0,2182.0,2182.0,2182.0,2182.0,,,94.64,1.0
234.0,107.0,107_234,37.0,,,,,,,,,,,,,,,,,,,,,,,,,,,,,,,,,,,,,,,,,,,,,,,,,,,,,,,,,,,,,,,,,,,,,,,,,,,,,,,,,,,,,,,,,,,,,,,,,,,,,,,91.70666666666666,0.0,565.0,525.0,609.0,609.0,535.6666666666666,432.0,100.0,5.0,2182.0,2182.0,,,2182.0,2182.0,54.08,1.0
107.0,234.0,107_234,38.0,,,,,,,,,,,,,,,,,,,,,,,,,,,,,,,,,,,,,,,,,,,,,,,,,,,,,,,,,,,,,,,,,,,,,,,,,,,,,,,,,,,,,,,,,,,,,,,,,204.0,204.0,290.0,290.0,118.0,118.0,95.16666666666667,2.0,521.6666666666666,479.0,479.0,479.0,543.0,543.0,83.37,3.0,405.0,405.0,,,405.0,405.0,96.54,1.0
234.0,107.0,107_234,38.0,,,,,,,,,,,,,,,,,,,,,,,,,,,,,,,,,,,,,,,,,,,,,,,,,,,,,,,,,,,,,,,,,,,,,,,,,,,,,,,,,,,,,,,,,,,,,,,,,204.0,204.0,118.0,118.0,290.0,290.0,94.0,2.0,521.6666666666666,479.0,543.0,543.0,479.0,479.0,100.0,3.0,405.0,405.0,405.0,405.0,,,62.26,1.0
107.0,234.0,107_234,39.0,,,,,,,,,,,,,,,,,,,,,,,,,,,,,,,,,,,,,,,,,,,,,,,,,,,,,,,,,,,,,,,,,,,,,,,,,,,,,,,,,,,,,,,,,,,,,,,,,1132.0,1132.0,,,1132.0,1132.0,96.90666666666667,1.0,1737.0,1737.0,1737.0,1737.0,,,85.07,1.0,1846.0,1846.0,1846.0,1846.0,,,98.58,1.0
234.0,107.0,107_234,39.0,,,,,,,,,,,,,,,,,,,,,,,,,,,,,,,,,,,,,,,,,,,,,,,,,,,,,,,,,,,,,,,,,,,,,,,,,,,,,,,,,,,,,,,,,,,,,,,,,1132.0,1132.0,1132.0,1132.0,,,94.0,1.0,1737.0,1737.0,,,1737.0,1737.0,100.0,1.0,1846.0,1846.0,,,1846.0,1846.0,63.0,1.0
107.0,234.0,107_234,40.0,,,,,,,,,,,,,,,,,,,,,,,,,,,,,,,,,,,,,,,,,,,,,,,,,,,,,,,,,,,,,,,,,,,,,,,,,,,,,,,,,,,,,,,,,,,,,,,,,,,,,,,,,-445.0,-445.0,,,-445.0,-445.0,90.25,1.0,758.0,758.0,-90.0,-90.0,1606.0,1606.0,96.82,2.0
234.0,107.0,107_234,40.0,,,,,,,,,,,,,,,,,,,,,,,,,,,,,,,,,,,,,,,,,,,,,,,,,,,,,,,,,,,,,,,,,,,,,,,,,,,,,,,,,,,,,,,,,,,,,,,,,,,,,,,,,-445.0,-445.0,-445.0,-445.0,,,100.0,1.0,758.0,758.0,1606.0,1606.0,-90.0,-90.0,63.0,2.0
107.0,234.0,107_234,41.0,,,,,,,,,,,,,,,,,,,,,,,,,,,,,,,,,,,,,,,,,,,,,,,,,,,,,,,,,,,,,,,,,,,,,,,,,,,,,,,,,,,,,,,,,,,,,,,,,,,,,,,,,402.5,396.5,736.0,736.0,69.0,69.0,90.33,4.0,-173.33333333333334,-468.0,417.0,417.0,-468.5,-468.5,94.26,3.0
234.0,107.0,107_234,41.0,,,,,,,,,,,,,,,,,,,,,,,,,,,,,,,,,,,,,,,,,,,,,,,,,,,,,,,,,,,,,,,,,,,,,,,,,,,,,,,,,,,,,,,,,,,,,,,,,,,,,,,,,402.5,396.5,69.0,69.0,736.0,736.0,100.0,4.0,-173.33333333333334,-468.0,-468.5,-468.5,417.0,417.0,68.0,3.0
107.0,234.0,107_234,42.0,,,,,,,,,,,,,,,,,,,,,,,,,,,,,,,,,,,,,,,,,,,,,,,,,,,,,,,,,,,,,,,,,,,,,,,,,,,,,,,,,,,,,,,,,,,,,,,,,,,,,,,,,230.0,93.5,591.0,142.0,-131.0,0.0,88.18,6.0,667.0,667.0,667.0,667.0,,,95.46,1.0
234.0,107.0,107_234,42.0,,,,,,,,,,,,,,,,,,,,,,,,,,,,,,,,,,,,,,,,,,,,,,,,,,,,,,,,,,,,,,,,,,,,,,,,,,,,,,,,,,,,,,,,,,,,,,,,,,,,,,,,,230.0,93.5,-131.0,0.0,591.0,142.0,100.0,6.0,667.0,667.0,,,667.0,667.0,73.0,1.0
107.0,234.0,107_234,43.0,,,,,,,,,,,,,,,,,,,,,,,,,,,,,,,,,,,,,,,,,,,,,,,,,,,,,,,,,,,,,,,,,,,,,,,,,,,,,,,,,,,,,,,,,,,,,,,,,,,,,,,,,-51.333333333333336,0.0,-77.0,-77.0,0.0,0.0,89.36,3.0,3139.0,3139.0,,,3139.0,3139.0,99.46,1.0
234.0,107.0,107_234,43.0,,,,,,,,,,,,,,,,,,,,,,,,,,,,,,,,,,,,,,,,,,,,,,,,,,,,,,,,,,,,,,,,,,,,,,,,,,,,,,,,,,,,,,,,,,,,,,,,,,,,,,,,,-51.333333333333336,0.0,0.0,0.0,-77.0,-77.0,100.0,3.0,3139.0,3139.0,3139.0,3139.0,,,73.0,1.0
107.0,234.0,107_234,44.0,,,,,,,,,,,,,,,,,,,,,,,,,,,,,,,,,,,,,,,,,,,,,,,,,,,,,,,,,,,,,,,,,,,,,,,,,,,,,,,,,,,,,,,,,,,,,,,,,,,,,,,,,911.6666666666666,1295.0,1295.0,1295.0,720.0,720.0,90.06,3.0,-96.0,-96.0,-96.0,-96.0,,,97.3,1.0
234.0,107.0,107_234,44.0,,,,,,,,,,,,,,,,,,,,,,,,,,,,,,,,,,,,,,,,,,,,,,,,,,,,,,,,,,,,,,,,,,,,,,,,,,,,,,,,,,,,,,,,,,,,,,,,,,,,,,,,,911.6666666666666,1295.0,720.0,720.0,1295.0,1295.0,100.0,3.0,-96.0,-96.0,,,-96.0,-96.0,73.0,1.0
107.0,234.0,107_234,45.0,,,,,,,,,,,,,,,,,,,,,,,,,,,,,,,,,,,,,,,,,,,,,,,,,,,,,,,,,,,,,,,,,,,,,,,,,,,,,,,,,,,,,,,,,,,,,,,,,,,,,,,,,106.0,106.0,,,106.0,106.0,90.66,1.0,,,,,,,97.74,0.0
234.0,107.0,107_234,45.0,,,,,,,,,,,,,,,,,,,,,,,,,,,,,,,,,,,,,,,,,,,,,,,,,,,,,,,,,,,,,,,,,,,,,,,,,,,,,,,,,,,,,,,,,,,,,,,,,,,,,,,,,106.0,106.0,106.0,106.0,,,100.0,1.0,,,,,,,73.0,0.0
107.0,234.0,107_234,46.0,,,,,,,,,,,,,,,,,,,,,,,,,,,,,,,,,,,,,,,,,,,,,,,,,,,,,,,,,,,,,,,,,,,,,,,,,,,,,,,,,,,,,,,,,,,,,,,,,,,,,,,,,16.0,16.0,4.0,4.0,28.0,28.0,92.4,2.0,,,,,,,99.76,0.0
234.0,107.0,107_234,46.0,,,,,,,,,,,,,,,,,,,,,,,,,,,,,,,,,,,,,,,,,,,,,,,,,,,,,,,,,,,,,,,,,,,,,,,,,,,,,,,,,,,,,,,,,,,,,,,,,,,,,,,,,16.0,16.0,28.0,28.0,4.0,4.0,100.0,2.0,,,,,,,78.76,0.0
107.0,234.0,107_234,47.0,,,,,,,,,,,,,,,,,,,,,,,,,,,,,,,,,,,,,,,,,,,,,,,,,,,,,,,,,,,,,,,,,,,,,,,,,,,,,,,,,,,,,,,,,,,,,,,,,,,,,,,,,2443.5,2443.5,2951.0,2951.0,1936.0,1936.0,99.89,2.0,-302.3333333333333,-135.0,-26.0,-26.0,-440.5,-440.5,99.46,3.0
234.0,107.0,107_234,47.0,,,,,,,,,,,,,,,,,,,,,,,,,,,,,,,,,,,,,,,,,,,,,,,,,,,,,,,,,,,,,,,,,,,,,,,,,,,,,,,,,,,,,,,,,,,,,,,,,,,,,,,,,2443.5,2443.5,1936.0,1936.0,2951.0,2951.0,100.0,2.0,-302.3333333333333,-135.0,-440.5,-440.5,-26.0,-26.0,94.66,3.0
107.0,234.0,107_234,48.0,,,,,,,,,,,,,,,,,,,,,,,,,,,,,,,,,,,,,,,,,,,,,,,,,,,,,,,,,,,,,,,,,,,,,,,,,,,,,,,,,,,,,,,,,,,,,,,,,,,,,,,,,204.7,187.0,317.8,236.0,91.6,87.0,98.6,10.0,0.0,0.0,0.0,0.0,,,97.7,1.0
234.0,107.0,107_234,48.0,,,,,,,,,,,,,,,,,,,,,,,,,,,,,,,,,,,,,,,,,,,,,,,,,,,,,,,,,,,,,,,,,,,,,,,,,,,,,,,,,,,,,,,,,,,,,,,,,,,,,,,,,204.7,187.0,91.6,87.0,317.8,236.0,100.0,10.0,0.0,0.0,,,0.0,0.0,100.0,1.0
107.0,234.0,107_234,49.0,,,,,,,,,,,,,,,,,,,,,,,,,,,,,,,,,,,,,,,,,,,,,,,,,,,,,,,,,,,,,,,,,,,,,,,,,,,,,,,,,,,,,,,,,,,,,,,,,,,,,,,,,407.0,267.0,534.5,534.5,152.0,152.0,95.47,3.0,607.0,607.0,,,607.0,607.0,95.56,1.0
234.0,107.0,107_234,49.0,,,,,,,,,,,,,,,,,,,,,,,,,,,,,,,,,,,,,,,,,,,,,,,,,,,,,,,,,,,,,,,,,,,,,,,,,,,,,,,,,,,,,,,,,,,,,,,,,,,,,,,,,407.0,267.0,152.0,152.0,534.5,534.5,100.0,3.0,607.0,607.0,607.0,607.0,,,100.0,1.0
107.0,234.0,107_234,50.0,,,,,,,,,,,,,,,,,,,,,,,,,,,,,,,,,,,,,,,,,,,,,,,,,,,,,,,,,,,,,,,,,,,,,,,,,,,,,,,,,,,,,,,,,,,,,,,,,,,,,,,,,-32.333333333333336,249.0,1106.0,1106.0,-601.5,-601.5,94.99,3.0,-168.5,-168.5,183.0,183.0,-520.0,-520.0,98.96,2.0
234.0,107.0,107_234,50.0,,,,,,,,,,,,,,,,,,,,,,,,,,,,,,,,,,,,,,,,,,,,,,,,,,,,,,,,,,,,,,,,,,,,,,,,,,,,,,,,,,,,,,,,,,,,,,,,,,,,,,,,,-32.333333333333336,249.0,-601.5,-601.5,1106.0,1106.0,94.15,3.0,-168.5,-168.5,-520.0,-520.0,183.0,183.0,100.0,2.0
107.0,234.0,107_234,51.0,,,,,,,,,,,,,,,,,,,,,,,,,,,,,,,,,,,,,,,,,,,,,,,,,,,,,,,,,,,,,,,,,,,,,,,,,,,,,,,,,,,,,,,,,,,,,,,,,,,,,,,,,174.0,174.0,772.0,772.0,-424.0,-424.0,95.51,2.0,,,,,,,99.0,0.0
234.0,107.0,107_234,51.0,,,,,,,,,,,,,,,,,,,,,,,,,,,,,,,,,,,,,,,,,,,,,,,,,,,,,,,,,,,,,,,,,,,,,,,,,,,,,,,,,,,,,,,,,,,,,,,,,,,,,,,,,174.0,174.0,-424.0,-424.0,772.0,772.0,86.0,2.0,,,,,,,100.0,0.0
107.0,234.0,107_234,52.0,,,,,,,,,,,,,,,,,,,,,,,,,,,,,,,,,,,,,,,,,,,,,,,,,,,,,,,,,,,,,,,,,,,,,,,,,,,,,,,,,,,,,,,,,,,,,,,,,,,,,,,,,145.5,145.5,158.0,158.0,133.0,133.0,94.98,2.0,,,,,,,98.16,0.0
234.0,107.0,107_234,52.0,,,,,,,,,,,,,,,,,,,,,,,,,,,,,,,,,,,,,,,,,,,,,,,,,,,,,,,,,,,,,,,,,,,,,,,,,,,,,,,,,,,,,,,,,,,,,,,,,,,,,,,,,145.5,145.5,133.0,133.0,158.0,158.0,86.0,2.0,,,,,,,100.0,0.0
107.0,234.0,107_234,53.0,,,,,,,,,,,,,,,,,,,,,,,,,,,,,,,,,,,,,,,,,,,,,,,,,,,,,,,,,,,,,,,,,,,,,,,,,,,,,,,,,,,,,,,,,,,,,,,,,,,,,,,,,-87.5,-87.5,256.0,256.0,-431.0,-431.0,91.52,2.0,,,,,,,94.14,0.0
234.0,107.0,107_234,53.0,,,,,,,,,,,,,,,,,,,,,,,,,,,,,,,,,,,,,,,,,,,,,,,,,,,,,,,,,,,,,,,,,,,,,,,,,,,,,,,,,,,,,,,,,,,,,,,,,,,,,,,,,-87.5,-87.5,-431.0,-431.0,256.0,256.0,86.0,2.0,,,,,,,100.0,0.0
107.0,234.0,107_234,54.0,,,,,,,,,,,,,,,,,,,,,,,,,,,,,,,,,,,,,,,,,,,,,,,,,,,,,,,,,,,,,,,,,,,,,,,,,,,,,,,,,,,,,,,,,,,,,,,,,,,,,,,,,107.33333333333333,82.0,68.5,68.5,185.0,185.0,90.52,3.0,,,,,,,93.58,0.0
234.0,107.0,107_234,54.0,,,,,,,,,,,,,,,,,,,,,,,,,,,,,,,,,,,,,,,,,,,,,,,,,,,,,,,,,,,,,,,,,,,,,,,,,,,,,,,,,,,,,,,,,,,,,,,,,,,,,,,,,107.33333333333333,82.0,185.0,185.0,68.5,68.5,86.0,3.0,,,,,,,100.0,0.0
107.0,234.0,107_234,55.0,,,,,,,,,,,,,,,,,,,,,,,,,,,,,,,,,,,,,,,,,,,,,,,,,,,,,,,,,,,,,,,,,,,,,,,,,,,,,,,,,,,,,,,,,,,,,,,,,,,,,,,,,484.5,484.5,978.0,978.0,-9.0,-9.0,92.03,2.0,,,,,,,93.0,0.0
234.0,107.0,107_234,55.0,,,,,,,,,,,,,,,,,,,,,,,,,,,,,,,,,,,,,,,,,,,,,,,,,,,,,,,,,,,,,,,,,,,,,,,,,,,,,,,,,,,,,,,,,,,,,,,,,,,,,,,,,484.5,484.5,-9.0,-9.0,978.0,978.0,86.57,2.0,,,,,,,100.0,0.0
107.0,234.0,107_234,56.0,,,,,,,,,,,,,,,,,,,,,,,,,,,,,,,,,,,,,,,,,,,,,,,,,,,,,,,,,,,,,,,,,,,,,,,,,,,,,,,,,,,,,,,,,,,,,,,,,,,,,,,,,,,,,,,93.23,0.0,,,,,,,96.92,0.0
234.0,107.0,107_234,56.0,,,,,,,,,,,,,,,,,,,,,,,,,,,,,,,,,,,,,,,,,,,,,,,,,,,,,,,,,,,,,,,,,,,,,,,,,,,,,,,,,,,,,,,,,,,,,,,,,,,,,,,,,,,,,,,93.99,0.0,,,,,,,100.0,0.0
107.0,234.0,107_234,57.0,,,,,,,,,,,,,,,,,,,,,,,,,,,,,,,,,,,,,,,,,,,,,,,,,,,,,,,,,,,,,,,,,,,,,,,,,,,,,,,,,,,,,,,,,,,,,,,,,,,,,,,,,204.0,204.0,290.0,290.0,118.0,118.0,94.47,2.0,,,,,,,97.0,0.0
234.0,107.0,107_234,57.0,,,,,,,,,,,,,,,,,,,,,,,,,,,,,,,,,,,,,,,,,,,,,,,,,,,,,,,,,,,,,,,,,,,,,,,,,,,,,,,,,,,,,,,,,,,,,,,,,,,,,,,,,204.0,204.0,118.0,118.0,290.0,290.0,94.0,2.0,,,,,,,100.0,0.0
107.0,234.0,107_234,58.0,,,,,,,,,,,,,,,,,,,,,,,,,,,,,,,,,,,,,,,,,,,,,,,,,,,,,,,,,,,,,,,,,,,,,,,,,,,,,,,,,,,,,,,,,,,,,,,,,,,,,,,,,1132.0,1132.0,,,1132.0,1132.0,97.13,1.0,102.5,102.5,75.0,75.0,130.0,130.0,97.0,2.0
234.0,107.0,107_234,58.0,,,,,,,,,,,,,,,,,,,,,,,,,,,,,,,,,,,,,,,,,,,,,,,,,,,,,,,,,,,,,,,,,,,,,,,,,,,,,,,,,,,,,,,,,,,,,,,,,,,,,,,,,1132.0,1132.0,1132.0,1132.0,,,94.0,1.0,102.5,102.5,130.0,130.0,75.0,75.0,100.0,2.0
107.0,234.0,107_234,59.0,,,,,,,,,,,,,,,,,,,,,,,,,,,,,,,,,,,,,,,,,,,,,,,,,,,,,,,,,,,,,,,,,,,,,,,,,,,,,,,,,,,,,,,,,,,,,,,,,,,,,,,,,,,,,,,96.51,0.0,,,,,,,97.0,0.0
234.0,107.0,107_234,59.0,,,,,,,,,,,,,,,,,,,,,,,,,,,,,,,,,,,,,,,,,,,,,,,,,,,,,,,,,,,,,,,,,,,,,,,,,,,,,,,,,,,,,,,,,,,,,,,,,,,,,,,,,,,,,,,94.0,0.0,,,,,,,100.0,0.0
107.0,234.0,107_234,60.0,,,,,,,,,,,,,,,,,,,,,,,,,,,,,,,,,,,,,,,,,,,,,,,,,,,,,,,,,,,,,,,,,,,,,,,,,,,,,,,,,,,,,,,,,,,,,,,,,,,,,,,,,,,,,,,,,59.0,59.0,59.0,59.0,,,97.0,1.0
234.0,107.0,107_234,60.0,,,,,,,,,,,,,,,,,,,,,,,,,,,,,,,,,,,,,,,,,,,,,,,,,,,,,,,,,,,,,,,,,,,,,,,,,,,,,,,,,,,,,,,,,,,,,,,,,,,,,,,,,,,,,,,,,59.0,59.0,,,59.0,59.0,100.0,1.0
107.0,234.0,107_234,61.0,,,,,,,,,,,,,,,,,,,,,,,,,,,,,,,,,,,,,,,,,,,,,,,,,,,,,,,,,,,,,,,,,,,,,,,,,,,,,,,,,,,,,,,,,,,,,,,,,,,,,,,,,,,,,,,,,,,,,,,97.0,0.0
234.0,107.0,107_234,61.0,,,,,,,,,,,,,,,,,,,,,,,,,,,,,,,,,,,,,,,,,,,,,,,,,,,,,,,,,,,,,,,,,,,,,,,,,,,,,,,,,,,,,,,,,,,,,,,,,,,,,,,,,,,,,,,,,,,,,,,100.0,0.0
107.0,234.0,107_234,62.0,,,,,,,,,,,,,,,,,,,,,,,,,,,,,,,,,,,,,,,,,,,,,,,,,,,,,,,,,,,,,,,,,,,,,,,,,,,,,,,,,,,,,,,,,,,,,,,,,,,,,,,,,,,,,,,,,,,,,,,97.0,0.0
234.0,107.0,107_234,62.0,,,,,,,,,,,,,,,,,,,,,,,,,,,,,,,,,,,,,,,,,,,,,,,,,,,,,,,,,,,,,,,,,,,,,,,,,,,,,,,,,,,,,,,,,,,,,,,,,,,,,,,,,,,,,,,,,,,,,,,100.0,0.0
107.0,234.0,107_234,63.0,,,,,,,,,,,,,,,,,,,,,,,,,,,,,,,,,,,,,,,,,,,,,,,,,,,,,,,,,,,,,,,,,,,,,,,,,,,,,,,,,,,,,,,,,,,,,,,,,,,,,,,,,,,,,,,,,,,,,,,96.3,0.0
234.0,107.0,107_234,63.0,,,,,,,,,,,,,,,,,,,,,,,,,,,,,,,,,,,,,,,,,,,,,,,,,,,,,,,,,,,,,,,,,,,,,,,,,,,,,,,,,,,,,,,,,,,,,,,,,,,,,,,,,,,,,,,,,,,,,,,100.0,0.0
107.0,234.0,107_234,64.0,,,,,,,,,,,,,,,,,,,,,,,,,,,,,,,,,,,,,,,,,,,,,,,,,,,,,,,,,,,,,,,,,,,,,,,,,,,,,,,,,,,,,,,,,,,,,,,,,,,,,,,,,,,,,,,,,188.0,390.0,-522.0,-522.0,543.0,543.0,95.58,3.0
234.0,107.0,107_234,64.0,,,,,,,,,,,,,,,,,,,,,,,,,,,,,,,,,,,,,,,,,,,,,,,,,,,,,,,,,,,,,,,,,,,,,,,,,,,,,,,,,,,,,,,,,,,,,,,,,,,,,,,,,,,,,,,,,188.0,390.0,543.0,543.0,-522.0,-522.0,100.0,3.0
107.0,234.0,107_234,65.0,,,,,,,,,,,,,,,,,,,,,,,,,,,,,,,,,,,,,,,,,,,,,,,,,,,,,,,,,,,,,,,,,,,,,,,,,,,,,,,,,,,,,,,,,,,,,,,,,,,,,,,,,,,,,,,,,446.0,446.0,446.0,446.0,,,94.64,1.0
234.0,107.0,107_234,65.0,,,,,,,,,,,,,,,,,,,,,,,,,,,,,,,,,,,,,,,,,,,,,,,,,,,,,,,,,,,,,,,,,,,,,,,,,,,,,,,,,,,,,,,,,,,,,,,,,,,,,,,,,,,,,,,,,446.0,446.0,,,446.0,446.0,100.0,1.0
107.0,234.0,107_234,66.0,,,,,,,,,,,,,,,,,,,,,,,,,,,,,,,,,,,,,,,,,,,,,,,,,,,,,,,,,,,,,,,,,,,,,,,,,,,,,,,,,,,,,,,,,,,,,,,,,,,,,,,,,,,,,,,,,-59.0,-59.0,0.0,0.0,-118.0,-118.0,94.02,2.0
234.0,107.0,107_234,66.0,,,,,,,,,,,,,,,,,,,,,,,,,,,,,,,,,,,,,,,,,,,,,,,,,,,,,,,,,,,,,,,,,,,,,,,,,,,,,,,,,,,,,,,,,,,,,,,,,,,,,,,,,,,,,,,,,-59.0,-59.0,-118.0,-118.0,0.0,0.0,100.0,2.0
107.0,234.0,107_234,67.0,,,,,,,,,,,,,,,,,,,,,,,,,,,,,,,,,,,,,,,,,,,,,,,,,,,,,,,,,,,,,,,,,,,,,,,,,,,,,,,,,,,,,,,,,,,,,,,,,,,,,,,,,,,,,,,,,412.0,412.0,,,412.0,412.0,99.14,1.0
234.0,107.0,107_234,67.0,,,,,,,,,,,,,,,,,,,,,,,,,,,,,,,,,,,,,,,,,,,,,,,,,,,,,,,,,,,,,,,,,,,,,,,,,,,,,,,,,,,,,,,,,,,,,,,,,,,,,,,,,,,,,,,,,412.0,412.0,412.0,412.0,,,100.0,1.0
107.0,234.0,107_234,68.0,,,,,,,,,,,,,,,,,,,,,,,,,,,,,,,,,,,,,,,,,,,,,,,,,,,,,,,,,,,,,,,,,,,,,,,,,,,,,,,,,,,,,,,,,,,,,,,,,,,,,,,,,,,,,,,,,484.0,484.0,367.0,367.0,601.0,601.0,100.0,2.0
234.0,107.0,107_234,68.0,,,,,,,,,,,,,,,,,,,,,,,,,,,,,,,,,,,,,,,,,,,,,,,,,,,,,,,,,,,,,,,,,,,,,,,,,,,,,,,,,,,,,,,,,,,,,,,,,,,,,,,,,,,,,,,,,484.0,484.0,601.0,601.0,367.0,367.0,100.0,2.0
107.0,234.0,107_234,69.0,,,,,,,,,,,,,,,,,,,,,,,,,,,,,,,,,,,,,,,,,,,,,,,,,,,,,,,,,,,,,,,,,,,,,,,,,,,,,,,,,,,,,,,,,,,,,,,,,,,,,,,,,,,,,,,,,,,,,,,100.0,0.0
234.0,107.0,107_234,69.0,,,,,,,,,,,,,,,,,,,,,,,,,,,,,,,,,,,,,,,,,,,,,,,,,,,,,,,,,,,,,,,,,,,,,,,,,,,,,,,,,,,,,,,,,,,,,,,,,,,,,,,,,,,,,,,,,,,,,,,100.0,0.0
107.0,234.0,107_234,70.0,,,,,,,,,,,,,,,,,,,,,,,,,,,,,,,,,,,,,,,,,,,,,,,,,,,,,,,,,,,,,,,,,,,,,,,,,,,,,,,,,,,,,,,,,,,,,,,,,,,,,,,,,,,,,,,,,,,,,,,100.0,0.0
234.0,107.0,107_234,70.0,,,,,,,,,,,,,,,,,,,,,,,,,,,,,,,,,,,,,,,,,,,,,,,,,,,,,,,,,,,,,,,,,,,,,,,,,,,,,,,,,,,,,,,,,,,,,,,,,,,,,,,,,,,,,,,,,,,,,,,100.0,0.0
107.0,234.0,107_234,71.0,,,,,,,,,,,,,,,,,,,,,,,,,,,,,,,,,,,,,,,,,,,,,,,,,,,,,,,,,,,,,,,,,,,,,,,,,,,,,,,,,,,,,,,,,,,,,,,,,,,,,,,,,,,,,,,,,,,,,,,100.0,0.0
234.0,107.0,107_234,71.0,,,,,,,,,,,,,,,,,,,,,,,,,,,,,,,,,,,,,,,,,,,,,,,,,,,,,,,,,,,,,,,,,,,,,,,,,,,,,,,,,,,,,,,,,,,,,,,,,,,,,,,,,,,,,,,,,,,,,,,100.0,0.0
107.0,234.0,107_234,72.0,,,,,,,,,,,,,,,,,,,,,,,,,,,,,,,,,,,,,,,,,,,,,,,,,,,,,,,,,,,,,,,,,,,,,,,,,,,,,,,,,,,,,,,,,,,,,,,,,,,,,,,,,,,,,,,,,,,,,,,100.0,0.0
234.0,107.0,107_234,72.0,,,,,,,,,,,,,,,,,,,,,,,,,,,,,,,,,,,,,,,,,,,,,,,,,,,,,,,,,,,,,,,,,,,,,,,,,,,,,,,,,,,,,,,,,,,,,,,,,,,,,,,,,,,,,,,,,,,,,,,100.0,0.0
107.0,234.0,107_234,73.0,,,,,,,,,,,,,,,,,,,,,,,,,,,,,,,,,,,,,,,,,,,,,,,,,,,,,,,,,,,,,,,,,,,,,,,,,,,,,,,,,,,,,,,,,,,,,,,,,,,,,,,,,,,,,,,,,,,,,,,100.0,0.0
234.0,107.0,107_234,73.0,,,,,,,,,,,,,,,,,,,,,,,,,,,,,,,,,,,,,,,,,,,,,,,,,,,,,,,,,,,,,,,,,,,,,,,,,,,,,,,,,,,,,,,,,,,,,,,,,,,,,,,,,,,,,,,,,,,,,,,100.0,0.0
107.0,234.0,107_234,74.0,,,,,,,,,,,,,,,,,,,,,,,,,,,,,,,,,,,,,,,,,,,,,,,,,,,,,,,,,,,,,,,,,,,,,,,,,,,,,,,,,,,,,,,,,,,,,,,,,,,,,,,,,,,,,,,,,562.5,562.5,432.0,432.0,693.0,693.0,94.8,2.0
234.0,107.0,107_234,74.0,,,,,,,,,,,,,,,,,,,,,,,,,,,,,,,,,,,,,,,,,,,,,,,,,,,,,,,,,,,,,,,,,,,,,,,,,,,,,,,,,,,,,,,,,,,,,,,,,,,,,,,,,,,,,,,,,562.5,562.5,693.0,693.0,432.0,432.0,100.0,2.0
107.0,234.0,107_234,75.0,,,,,,,,,,,,,,,,,,,,,,,,,,,,,,,,,,,,,,,,,,,,,,,,,,,,,,,,,,,,,,,,,,,,,,,,,,,,,,,,,,,,,,,,,,,,,,,,,,,,,,,,,,,,,,,,,566.6666666666666,525.0,587.5,587.5,525.0,525.0,89.9,3.0
234.0,107.0,107_234,75.0,,,,,,,,,,,,,,,,,,,,,,,,,,,,,,,,,,,,,,,,,,,,,,,,,,,,,,,,,,,,,,,,,,,,,,,,,,,,,,,,,,,,,,,,,,,,,,,,,,,,,,,,,,,,,,,,,566.6666666666666,525.0,525.0,525.0,587.5,587.5,100.0,3.0
107.0,234.0,107_234,76.0,,,,,,,,,,,,,,,,,,,,,,,,,,,,,,,,,,,,,,,,,,,,,,,,,,,,,,,,,,,,,,,,,,,,,,,,,,,,,,,,,,,,,,,,,,,,,,,,,,,,,,,,,,,,,,,,,796.0,796.0,479.0,479.0,1113.0,1113.0,82.74,2.0
234.0,107.0,107_234,76.0,,,,,,,,,,,,,,,,,,,,,,,,,,,,,,,,,,,,,,,,,,,,,,,,,,,,,,,,,,,,,,,,,,,,,,,,,,,,,,,,,,,,,,,,,,,,,,,,,,,,,,,,,,,,,,,,,796.0,796.0,1113.0,1113.0,479.0,479.0,100.0,2.0
107.0,234.0,107_234,77.0,,,,,,,,,,,,,,,,,,,,,,,,,,,,,,,,,,,,,,,,,,,,,,,,,,,,,,,,,,,,,,,,,,,,,,,,,,,,,,,,,,,,,,,,,,,,,,,,,,,,,,,,,,,,,,,,,-27.0,-27.0,,,-27.0,-27.0,84.0,1.0
234.0,107.0,107_234,77.0,,,,,,,,,,,,,,,,,,,,,,,,,,,,,,,,,,,,,,,,,,,,,,,,,,,,,,,,,,,,,,,,,,,,,,,,,,,,,,,,,,,,,,,,,,,,,,,,,,,,,,,,,,,,,,,,,-27.0,-27.0,-27.0,-27.0,,,100.0,1.0
107.0,234.0,107_234,78.0,,,,,,,,,,,,,,,,,,,,,,,,,,,,,,,,,,,,,,,,,,,,,,,,,,,,,,,,,,,,,,,,,,,,,,,,,,,,,,,,,,,,,,,,,,,,,,,,,,,,,,,,,,,,,,,,,,,,,,,84.14,0.0
234.0,107.0,107_234,78.0,,,,,,,,,,,,,,,,,,,,,,,,,,,,,,,,,,,,,,,,,,,,,,,,,,,,,,,,,,,,,,,,,,,,,,,,,,,,,,,,,,,,,,,,,,,,,,,,,,,,,,,,,,,,,,,,,,,,,,,100.0,0.0
107.0,234.0,107_234,79.0,,,,,,,,,,,,,,,,,,,,,,,,,,,,,,,,,,,,,,,,,,,,,,,,,,,,,,,,,,,,,,,,,,,,,,,,,,,,,,,,,,,,,,,,,,,,,,,,,,,,,,,,,,,,,,,,,1737.0,1737.0,1737.0,1737.0,,,86.0,1.0
234.0,107.0,107_234,79.0,,,,,,,,,,,,,,,,,,,,,,,,,,,,,,,,,,,,,,,,,,,,,,,,,,,,,,,,,,,,,,,,,,,,,,,,,,,,,,,,,,,,,,,,,,,,,,,,,,,,,,,,,,,,,,,,,1737.0,1737.0,,,1737.0,1737.0,100.0,1.0
107.0,234.0,107_234,80.0,,,,,,,,,,,,,,,,,,,,,,,,,,,,,,,,,,,,,,,,,,,,,,,,,,,,,,,,,,,,,,,,,,,,,,,,,,,,,,,,,,,,,,,,,,,,,,,,,,,,,,,,,,,,,,,,,-445.0,-445.0,,,-445.0,-445.0,89.68,1.0
234.0,107.0,107_234,80.0,,,,,,,,,,,,,,,,,,,,,,,,,,,,,,,,,,,,,,,,,,,,,,,,,,,,,,,,,,,,,,,,,,,,,,,,,,,,,,,,,,,,,,,,,,,,,,,,,,,,,,,,,,,,,,,,,-445.0,-445.0,-445.0,-445.0,,,100.0,1.0
107.0,234.0,107_234,81.0,,,,,,,,,,,,,,,,,,,,,,,,,,,,,,,,,,,,,,,,,,,,,,,,,,,,,,,,,,,,,,,,,,,,,,,,,,,,,,,,,,,,,,,,,,,,,,,,,,,,,,,,,,,,,,,,,,,,,,,90.82,0.0
234.0,107.0,107_234,81.0,,,,,,,,,,,,,,,,,,,,,,,,,,,,,,,,,,,,,,,,,,,,,,,,,,,,,,,,,,,,,,,,,,,,,,,,,,,,,,,,,,,,,,,,,,,,,,,,,,,,,,,,,,,,,,,,,,,,,,,100.0,0.0
107.0,234.0,107_234,82.0,,,,,,,,,,,,,,,,,,,,,,,,,,,,,,,,,,,,,,,,,,,,,,,,,,,,,,,,,,,,,,,,,,,,,,,,,,,,,,,,,,,,,,,,,,,,,,,,,,,,,,,,,,,,,,,,,475.0,608.0,736.0,736.0,-47.0,-47.0,92.82,3.0
234.0,107.0,107_234,82.0,,,,,,,,,,,,,,,,,,,,,,,,,,,,,,,,,,,,,,,,,,,,,,,,,,,,,,,,,,,,,,,,,,,,,,,,,,,,,,,,,,,,,,,,,,,,,,,,,,,,,,,,,,,,,,,,,475.0,608.0,-47.0,-47.0,736.0,736.0,100.0,3.0
107.0,234.0,107_234,83.0,,,,,,,,,,,,,,,,,,,,,,,,,,,,,,,,,,,,,,,,,,,,,,,,,,,,,,,,,,,,,,,,,,,,,,,,,,,,,,,,,,,,,,,,,,,,,,,,,,,,,,,,,,,,,,,,,185.0,185.0,,,185.0,185.0,87.84,1.0
234.0,107.0,107_234,83.0,,,,,,,,,,,,,,,,,,,,,,,,,,,,,,,,,,,,,,,,,,,,,,,,,,,,,,,,,,,,,,,,,,,,,,,,,,,,,,,,,,,,,,,,,,,,,,,,,,,,,,,,,,,,,,,,,185.0,185.0,185.0,185.0,,,100.0,1.0
107.0,234.0,107_234,84.0,,,,,,,,,,,,,,,,,,,,,,,,,,,,,,,,,,,,,,,,,,,,,,,,,,,,,,,,,,,,,,,,,,,,,,,,,,,,,,,,,,,,,,,,,,,,,,,,,,,,,,,,,,,,,,,,,309.5,93.5,815.5,815.5,-196.5,-196.5,86.92,4.0
234.0,107.0,107_234,84.0,,,,,,,,,,,,,,,,,,,,,,,,,,,,,,,,,,,,,,,,,,,,,,,,,,,,,,,,,,,,,,,,,,,,,,,,,,,,,,,,,,,,,,,,,,,,,,,,,,,,,,,,,,,,,,,,,309.5,93.5,-196.5,-196.5,815.5,815.5,100.0,4.0
107.0,234.0,107_234,85.0,,,,,,,,,,,,,,,,,,,,,,,,,,,,,,,,,,,,,,,,,,,,,,,,,,,,,,,,,,,,,,,,,,,,,,,,,,,,,,,,,,,,,,,,,,,,,,,,,,,,,,,,,,,,,,,,,71.0,71.0,142.0,142.0,0.0,0.0,89.44,2.0
234.0,107.0,107_234,85.0,,,,,,,,,,,,,,,,,,,,,,,,,,,,,,,,,,,,,,,,,,,,,,,,,,,,,,,,,,,,,,,,,,,,,,,,,,,,,,,,,,,,,,,,,,,,,,,,,,,,,,,,,,,,,,,,,71.0,71.0,0.0,0.0,142.0,142.0,100.0,2.0
107.0,234.0,107_234,86.0,,,,,,,,,,,,,,,,,,,,,,,,,,,,,,,,,,,,,,,,,,,,,,,,,,,,,,,,,,,,,,,,,,,,,,,,,,,,,,,,,,,,,,,,,,,,,,,,,,,,,,,,,,,,,,,,,40.5,40.5,81.0,81.0,0.0,0.0,90.0,2.0
234.0,107.0,107_234,86.0,,,,,,,,,,,,,,,,,,,,,,,,,,,,,,,,,,,,,,,,,,,,,,,,,,,,,,,,,,,,,,,,,,,,,,,,,,,,,,,,,,,,,,,,,,,,,,,,,,,,,,,,,,,,,,,,,40.5,40.5,0.0,0.0,81.0,81.0,100.0,2.0
107.0,234.0,107_234,87.0,,,,,,,,,,,,,,,,,,,,,,,,,,,,,,,,,,,,,,,,,,,,,,,,,,,,,,,,,,,,,,,,,,,,,,,,,,,,,,,,,,,,,,,,,,,,,,,,,,,,,,,,,,,,,,,,,-235.0,-235.0,-235.0,-235.0,,,88.72,1.0
234.0,107.0,107_234,87.0,,,,,,,,,,,,,,,,,,,,,,,,,,,,,,,,,,,,,,,,,,,,,,,,,,,,,,,,,,,,,,,,,,,,,,,,,,,,,,,,,,,,,,,,,,,,,,,,,,,,,,,,,,,,,,,,,-235.0,-235.0,,,-235.0,-235.0,100.0,1.0
107.0,234.0,107_234,88.0,,,,,,,,,,,,,,,,,,,,,,,,,,,,,,,,,,,,,,,,,,,,,,,,,,,,,,,,,,,,,,,,,,,,,,,,,,,,,,,,,,,,,,,,,,,,,,,,,,,,,,,,,,,,,,,,,720.0,720.0,,,720.0,720.0,89.4,2.0
234.0,107.0,107_234,88.0,,,,,,,,,,,,,,,,,,,,,,,,,,,,,,,,,,,,,,,,,,,,,,,,,,,,,,,,,,,,,,,,,,,,,,,,,,,,,,,,,,,,,,,,,,,,,,,,,,,,,,,,,,,,,,,,,720.0,720.0,720.0,720.0,,,100.0,2.0
107.0,234.0,107_234,89.0,,,,,,,,,,,,,,,,,,,,,,,,,,,,,,,,,,,,,,,,,,,,,,,,,,,,,,,,,,,,,,,,,,,,,,,,,,,,,,,,,,,,,,,,,,,,,,,,,,,,,,,,,,,,,,,,,1295.0,1295.0,1295.0,1295.0,,,90.72,1.0
234.0,107.0,107_234,89.0,,,,,,,,,,,,,,,,,,,,,,,,,,,,,,,,,,,,,,,,,,,,,,,,,,,,,,,,,,,,,,,,,,,,,,,,,,,,,,,,,,,,,,,,,,,,,,,,,,,,,,,,,,,,,,,,,1295.0,1295.0,,,1295.0,1295.0,100.0,1.0
107.0,234.0,107_234,90.0,,,,,,,,,,,,,,,,,,,,,,,,,,,,,,,,,,,,,,,,,,,,,,,,,,,,,,,,,,,,,,,,,,,,,,,,,,,,,,,,,,,,,,,,,,,,,,,,,,,,,,,,,,,,,,,,,,,,,,,91.2,0.0
234.0,107.0,107_234,90.0,,,,,,,,,,,,,,,,,,,,,,,,,,,,,,,,,,,,,,,,,,,,,,,,,,,,,,,,,,,,,,,,,,,,,,,,,,,,,,,,,,,,,,,,,,,,,,,,,,,,,,,,,,,,,,,,,,,,,,,100.0,0.0
107.0,234.0,107_234,91.0,,,,,,,,,,,,,,,,,,,,,,,,,,,,,,,,,,,,,,,,,,,,,,,,,,,,,,,,,,,,,,,,,,,,,,,,,,,,,,,,,,,,,,,,,,,,,,,,,,,,,,,,,,,,,,,,,106.0,106.0,,,106.0,106.0,90.12,1.0
234.0,107.0,107_234,91.0,,,,,,,,,,,,,,,,,,,,,,,,,,,,,,,,,,,,,,,,,,,,,,,,,,,,,,,,,,,,,,,,,,,,,,,,,,,,,,,,,,,,,,,,,,,,,,,,,,,,,,,,,,,,,,,,,106.0,106.0,106.0,106.0,,,100.0,1.0
107.0,234.0,107_234,92.0,,,,,,,,,,,,,,,,,,,,,,,,,,,,,,,,,,,,,,,,,,,,,,,,,,,,,,,,,,,,,,,,,,,,,,,,,,,,,,,,,,,,,,,,,,,,,,,,,,,,,,,,,,,,,,,,,16.0,16.0,4.0,4.0,28.0,28.0,90.42,2.0
234.0,107.0,107_234,92.0,,,,,,,,,,,,,,,,,,,,,,,,,,,,,,,,,,,,,,,,,,,,,,,,,,,,,,,,,,,,,,,,,,,,,,,,,,,,,,,,,,,,,,,,,,,,,,,,,,,,,,,,,,,,,,,,,16.0,16.0,28.0,28.0,4.0,4.0,100.0,2.0
107.0,234.0,107_234,93.0,,,,,,,,,,,,,,,,,,,,,,,,,,,,,,,,,,,,,,,,,,,,,,,,,,,,,,,,,,,,,,,,,,,,,,,,,,,,,,,,,,,,,,,,,,,,,,,,,,,,,,,,,,,,,,,,,,,,,,,94.38,0.0
234.0,107.0,107_234,93.0,,,,,,,,,,,,,,,,,,,,,,,,,,,,,,,,,,,,,,,,,,,,,,,,,,,,,,,,,,,,,,,,,,,,,,,,,,,,,,,,,,,,,,,,,,,,,,,,,,,,,,,,,,,,,,,,,,,,,,,100.0,0.0
107.0,234.0,107_234,94.0,,,,,,,,,,,,,,,,,,,,,,,,,,,,,,,,,,,,,,,,,,,,,,,,,,,,,,,,,,,,,,,,,,,,,,,,,,,,,,,,,,,,,,,,,,,,,,,,,,,,,,,,,,,,,,,,,,,,,,,99.78,0.0
234.0,107.0,107_234,94.0,,,,,,,,,,,,,,,,,,,,,,,,,,,,,,,,,,,,,,,,,,,,,,,,,,,,,,,,,,,,,,,,,,,,,,,,,,,,,,,,,,,,,,,,,,,,,,,,,,,,,,,,,,,,,,,,,,,,,,,100.0,0.0
107.0,234.0,107_234,95.0,,,,,,,,,,,,,,,,,,,,,,,,,,,,,,,,,,,,,,,,,,,,,,,,,,,,,,,,,,,,,,,,,,,,,,,,,,,,,,,,,,,,,,,,,,,,,,,,,,,,,,,,,,,,,,,,,2443.5,2443.5,2951.0,2951.0,1936.0,1936.0,100.0,2.0
234.0,107.0,107_234,95.0,,,,,,,,,,,,,,,,,,,,,,,,,,,,,,,,,,,,,,,,,,,,,,,,,,,,,,,,,,,,,,,,,,,,,,,,,,,,,,,,,,,,,,,,,,,,,,,,,,,,,,,,,,,,,,,,,2443.5,2443.5,1936.0,1936.0,2951.0,2951.0,100.0,2.0
107.0,234.0,107_234,96.0,,,,,,,,,,,,,,,,,,,,,,,,,,,,,,,,,,,,,,,,,,,,,,,,,,,,,,,,,,,,,,,,,,,,,,,,,,,,,,,,,,,,,,,,,,,,,,,,,,,,,,,,,,,,,,,,,295.6,236.0,515.6666666666666,318.0,-34.5,-34.5,99.2,5.0
234.0,107.0,107_234,96.0,,,,,,,,,,,,,,,,,,,,,,,,,,,,,,,,,,,,,,,,,,,,,,,,,,,,,,,,,,,,,,,,,,,,,,,,,,,,,,,,,,,,,,,,,,,,,,,,,,,,,,,,,,,,,,,,,295.6,236.0,-34.5,-34.5,515.6666666666666,318.0,100.0,5.0
107.0,234.0,107_234,97.0,,,,,,,,,,,,,,,,,,,,,,,,,,,,,,,,,,,,,,,,,,,,,,,,,,,,,,,,,,,,,,,,,,,,,,,,,,,,,,,,,,,,,,,,,,,,,,,,,,,,,,,,,,,,,,,,,113.8,87.0,21.0,21.0,175.66666666666666,87.0,98.0,5.0
234.0,107.0,107_234,97.0,,,,,,,,,,,,,,,,,,,,,,,,,,,,,,,,,,,,,,,,,,,,,,,,,,,,,,,,,,,,,,,,,,,,,,,,,,,,,,,,,,,,,,,,,,,,,,,,,,,,,,,,,,,,,,,,,113.8,87.0,175.66666666666666,87.0,21.0,21.0,100.0,5.0
107.0,234.0,107_234,98.0,,,,,,,,,,,,,,,,,,,,,,,,,,,,,,,,,,,,,,,,,,,,,,,,,,,,,,,,,,,,,,,,,,,,,,,,,,,,,,,,,,,,,,,,,,,,,,,,,,,,,,,,,,,,,,,,,477.0,477.0,802.0,802.0,152.0,152.0,96.94,2.0
234.0,107.0,107_234,98.0,,,,,,,,,,,,,,,,,,,,,,,,,,,,,,,,,,,,,,,,,,,,,,,,,,,,,,,,,,,,,,,,,,,,,,,,,,,,,,,,,,,,,,,,,,,,,,,,,,,,,,,,,,,,,,,,,477.0,477.0,152.0,152.0,802.0,802.0,100.0,2.0
107.0,234.0,107_234,99.0,,,,,,,,,,,,,,,,,,,,,,,,,,,,,,,,,,,,,,,,,,,,,,,,,,,,,,,,,,,,,,,,,,,,,,,,,,,,,,,,,,,,,,,,,,,,,,,,,,,,,,,,,,,,,,,,,267.0,267.0,267.0,267.0,,,94.0,1.0
234.0,107.0,107_234,99.0,,,,,,,,,,,,,,,,,,,,,,,,,,,,,,,,,,,,,,,,,,,,,,,,,,,,,,,,,,,,,,,,,,,,,,,,,,,,,,,,,,,,,,,,,,,,,,,,,,,,,,,,,,,,,,,,,267.0,267.0,,,267.0,267.0,100.0,1.0
107.0,234.0,107_234,100.0,,,,,,,,,,,,,,,,,,,,,,,,,,,,,,,,,,,,,,,,,,,,,,,,,,,,,,,,,,,,,,,,,,,,,,,,,,,,,,,,,,,,,,,,,,,,,,,,,,,,,,,,,,,,,,,,,-1452.0,-1452.0,,,-1452.0,-1452.0,95.76,1.0
234.0,107.0,107_234,100.0,,,,,,,,,,,,,,,,,,,,,,,,,,,,,,,,,,,,,,,,,,,,,,,,,,,,,,,,,,,,,,,,,,,,,,,,,,,,,,,,,,,,,,,,,,,,,,,,,,,,,,,,,,,,,,,,,-1452.0,-1452.0,-1452.0,-1452.0,,,100.0,1.0
107.0,234.0,107_234,101.0,,,,,,,,,,,,,,,,,,,,,,,,,,,,,,,,,,,,,,,,,,,,,,,,,,,,,,,,,,,,,,,,,,,,,,,,,,,,,,,,,,,,,,,,,,,,,,,,,,,,,,,,,,,,,,,,,677.5,677.5,1106.0,1106.0,249.0,249.0,94.22,2.0
234.0,107.0,107_234,101.0,,,,,,,,,,,,,,,,,,,,,,,,,,,,,,,,,,,,,,,,,,,,,,,,,,,,,,,,,,,,,,,,,,,,,,,,,,,,,,,,,,,,,,,,,,,,,,,,,,,,,,,,,,,,,,,,,677.5,677.5,249.0,249.0,1106.0,1106.0,88.3,2.0
107.0,234.0,107_234,102.0,,,,,,,,,,,,,,,,,,,,,,,,,,,,,,,,,,,,,,,,,,,,,,,,,,,,,,,,,,,,,,,,,,,,,,,,,,,,,,,,,,,,,,,,,,,,,,,,,,,,,,,,,,,,,,,,,174.0,174.0,772.0,772.0,-424.0,-424.0,94.62,2.0
234.0,107.0,107_234,102.0,,,,,,,,,,,,,,,,,,,,,,,,,,,,,,,,,,,,,,,,,,,,,,,,,,,,,,,,,,,,,,,,,,,,,,,,,,,,,,,,,,,,,,,,,,,,,,,,,,,,,,,,,,,,,,,,,174.0,174.0,-424.0,-424.0,772.0,772.0,86.0,2.0
107.0,234.0,107_234,103.0,,,,,,,,,,,,,,,,,,,,,,,,,,,,,,,,,,,,,,,,,,,,,,,,,,,,,,,,,,,,,,,,,,,,,,,,,,,,,,,,,,,,,,,,,,,,,,,,,,,,,,,,,,,,,,,,,,,,,,,96.4,0.0
234.0,107.0,107_234,103.0,,,,,,,,,,,,,,,,,,,,,,,,,,,,,,,,,,,,,,,,,,,,,,,,,,,,,,,,,,,,,,,,,,,,,,,,,,,,,,,,,,,,,,,,,,,,,,,,,,,,,,,,,,,,,,,,,,,,,,,86.0,0.0
107.0,234.0,107_234,104.0,,,,,,,,,,,,,,,,,,,,,,,,,,,,,,,,,,,,,,,,,,,,,,,,,,,,,,,,,,,,,,,,,,,,,,,,,,,,,,,,,,,,,,,,,,,,,,,,,,,,,,,,,,,,,,,,,145.5,145.5,158.0,158.0,133.0,133.0,93.72,2.0
234.0,107.0,107_234,104.0,,,,,,,,,,,,,,,,,,,,,,,,,,,,,,,,,,,,,,,,,,,,,,,,,,,,,,,,,,,,,,,,,,,,,,,,,,,,,,,,,,,,,,,,,,,,,,,,,,,,,,,,,,,,,,,,,145.5,145.5,133.0,133.0,158.0,158.0,86.0,2.0
107.0,234.0,107_234,105.0,,,,,,,,,,,,,,,,,,,,,,,,,,,,,,,,,,,,,,,,,,,,,,,,,,,,,,,,,,,,,,,,,,,,,,,,,,,,,,,,,,,,,,,,,,,,,,,,,,,,,,,,,,,,,,,,,,,,,,,96.24,0.0
234.0,107.0,107_234,105.0,,,,,,,,,,,,,,,,,,,,,,,,,,,,,,,,,,,,,,,,,,,,,,,,,,,,,,,,,,,,,,,,,,,,,,,,,,,,,,,,,,,,,,,,,,,,,,,,,,,,,,,,,,,,,,,,,,,,,,,86.0,0.0
107.0,234.0,107_234,106.0,,,,,,,,,,,,,,,,,,,,,,,,,,,,,,,,,,,,,,,,,,,,,,,,,,,,,,,,,,,,,,,,,,,,,,,,,,,,,,,,,,,,,,,,,,,,,,,,,,,,,,,,,,,,,,,,,-87.5,-87.5,256.0,256.0,-431.0,-431.0,93.12,2.0
234.0,107.0,107_234,106.0,,,,,,,,,,,,,,,,,,,,,,,,,,,,,,,,,,,,,,,,,,,,,,,,,,,,,,,,,,,,,,,,,,,,,,,,,,,,,,,,,,,,,,,,,,,,,,,,,,,,,,,,,,,,,,,,,-87.5,-87.5,-431.0,-431.0,256.0,256.0,86.0,2.0
107.0,234.0,107_234,107.0,,,,,,,,,,,,,,,,,,,,,,,,,,,,,,,,,,,,,,,,,,,,,,,,,,,,,,,,,,,,,,,,,,,,,,,,,,,,,,,,,,,,,,,,,,,,,,,,,,,,,,,,,,,,,,,,,,,,,,,89.92,0.0
234.0,107.0,107_234,107.0,,,,,,,,,,,,,,,,,,,,,,,,,,,,,,,,,,,,,,,,,,,,,,,,,,,,,,,,,,,,,,,,,,,,,,,,,,,,,,,,,,,,,,,,,,,,,,,,,,,,,,,,,,,,,,,,,,,,,,,86.0,0.0
107.0,234.0,107_234,108.0,,,,,,,,,,,,,,,,,,,,,,,,,,,,,,,,,,,,,,,,,,,,,,,,,,,,,,,,,,,,,,,,,,,,,,,,,,,,,,,,,,,,,,,,,,,,,,,,,,,,,,,,,,,,,,,,,120.0,120.0,55.0,55.0,185.0,185.0,88.6,2.0
234.0,107.0,107_234,108.0,,,,,,,,,,,,,,,,,,,,,,,,,,,,,,,,,,,,,,,,,,,,,,,,,,,,,,,,,,,,,,,,,,,,,,,,,,,,,,,,,,,,,,,,,,,,,,,,,,,,,,,,,,,,,,,,,120.0,120.0,185.0,185.0,55.0,55.0,86.0,2.0
107.0,234.0,107_234,109.0,,,,,,,,,,,,,,,,,,,,,,,,,,,,,,,,,,,,,,,,,,,,,,,,,,,,,,,,,,,,,,,,,,,,,,,,,,,,,,,,,,,,,,,,,,,,,,,,,,,,,,,,,,,,,,,,,82.0,82.0,82.0,82.0,,,92.44,1.0
234.0,107.0,107_234,109.0,,,,,,,,,,,,,,,,,,,,,,,,,,,,,,,,,,,,,,,,,,,,,,,,,,,,,,,,,,,,,,,,,,,,,,,,,,,,,,,,,,,,,,,,,,,,,,,,,,,,,,,,,,,,,,,,,82.0,82.0,,,82.0,82.0,86.0,1.0
107.0,234.0,107_234,110.0,,,,,,,,,,,,,,,,,,,,,,,,,,,,,,,,,,,,,,,,,,,,,,,,,,,,,,,,,,,,,,,,,,,,,,,,,,,,,,,,,,,,,,,,,,,,,,,,,,,,,,,,,,,,,,,,,484.5,484.5,978.0,978.0,-9.0,-9.0,92.6,2.0
234.0,107.0,107_234,110.0,,,,,,,,,,,,,,,,,,,,,,,,,,,,,,,,,,,,,,,,,,,,,,,,,,,,,,,,,,,,,,,,,,,,,,,,,,,,,,,,,,,,,,,,,,,,,,,,,,,,,,,,,,,,,,,,,484.5,484.5,-9.0,-9.0,978.0,978.0,86.0,2.0
107.0,234.0,107_234,111.0,,,,,,,,,,,,,,,,,,,,,,,,,,,,,,,,,,,,,,,,,,,,,,,,,,,,,,,,,,,,,,,,,,,,,,,,,,,,,,,,,,,,,,,,,,,,,,,,,,,,,,,,,,,,,,,,,,,,,,,91.46,0.0
234.0,107.0,107_234,111.0,,,,,,,,,,,,,,,,,,,,,,,,,,,,,,,,,,,,,,,,,,,,,,,,,,,,,,,,,,,,,,,,,,,,,,,,,,,,,,,,,,,,,,,,,,,,,,,,,,,,,,,,,,,,,,,,,,,,,,,87.14,0.0
107.0,234.0,107_234,112.0,,,,,,,,,,,,,,,,,,,,,,,,,,,,,,,,,,,,,,,,,,,,,,,,,,,,,,,,,,,,,,,,,,,,,,,,,,,,,,,,,,,,,,,,,,,,,,,,,,,,,,,,,,,,,,,,,,,,,,,92.8,0.0
234.0,107.0,107_234,112.0,,,,,,,,,,,,,,,,,,,,,,,,,,,,,,,,,,,,,,,,,,,,,,,,,,,,,,,,,,,,,,,,,,,,,,,,,,,,,,,,,,,,,,,,,,,,,,,,,,,,,,,,,,,,,,,,,,,,,,,93.98,0.0
107.0,234.0,107_234,113.0,,,,,,,,,,,,,,,,,,,,,,,,,,,,,,,,,,,,,,,,,,,,,,,,,,,,,,,,,,,,,,,,,,,,,,,,,,,,,,,,,,,,,,,,,,,,,,,,,,,,,,,,,,,,,,,,,,,,,,,93.66,0.0
234.0,107.0,107_234,113.0,,,,,,,,,,,,,,,,,,,,,,,,,,,,,,,,,,,,,,,,,,,,,,,,,,,,,,,,,,,,,,,,,,,,,,,,,,,,,,,,,,,,,,,,,,,,,,,,,,,,,,,,,,,,,,,,,,,,,,,94.0,0.0
107.0,234.0,107_234,114.0,,,,,,,,,,,,,,,,,,,,,,,,,,,,,,,,,,,,,,,,,,,,,,,,,,,,,,,,,,,,,,,,,,,,,,,,,,,,,,,,,,,,,,,,,,,,,,,,,,,,,,,,,,,,,,,,,204.0,204.0,290.0,290.0,118.0,118.0,92.44,2.0
234.0,107.0,107_234,114.0,,,,,,,,,,,,,,,,,,,,,,,,,,,,,,,,,,,,,,,,,,,,,,,,,,,,,,,,,,,,,,,,,,,,,,,,,,,,,,,,,,,,,,,,,,,,,,,,,,,,,,,,,,,,,,,,,204.0,204.0,118.0,118.0,290.0,290.0,94.0,2.0
107.0,234.0,107_234,115.0,,,,,,,,,,,,,,,,,,,,,,,,,,,,,,,,,,,,,,,,,,,,,,,,,,,,,,,,,,,,,,,,,,,,,,,,,,,,,,,,,,,,,,,,,,,,,,,,,,,,,,,,,,,,,,,,,,,,,,,96.5,0.0
234.0,107.0,107_234,115.0,,,,,,,,,,,,,,,,,,,,,,,,,,,,,,,,,,,,,,,,,,,,,,,,,,,,,,,,,,,,,,,,,,,,,,,,,,,,,,,,,,,,,,,,,,,,,,,,,,,,,,,,,,,,,,,,,,,,,,,94.0,0.0
107.0,234.0,107_234,116.0,,,,,,,,,,,,,,,,,,,,,,,,,,,,,,,,,,,,,,,,,,,,,,,,,,,,,,,,,,,,,,,,,,,,,,,,,,,,,,,,,,,,,,,,,,,,,,,,,,,,,,,,,,,,,,,,,,,,,,,96.56,0.0
234.0,107.0,107_234,116.0,,,,,,,,,,,,,,,,,,,,,,,,,,,,,,,,,,,,,,,,,,,,,,,,,,,,,,,,,,,,,,,,,,,,,,,,,,,,,,,,,,,,,,,,,,,,,,,,,,,,,,,,,,,,,,,,,,,,,,,94.0,0.0
107.0,234.0,107_234,117.0,,,,,,,,,,,,,,,,,,,,,,,,,,,,,,,,,,,,,,,,,,,,,,,,,,,,,,,,,,,,,,,,,,,,,,,,,,,,,,,,,,,,,,,,,,,,,,,,,,,,,,,,,,,,,,,,,1132.0,1132.0,,,1132.0,1132.0,97.7,1.0
234.0,107.0,107_234,117.0,,,,,,,,,,,,,,,,,,,,,,,,,,,,,,,,,,,,,,,,,,,,,,,,,,,,,,,,,,,,,,,,,,,,,,,,,,,,,,,,,,,,,,,,,,,,,,,,,,,,,,,,,,,,,,,,,1132.0,1132.0,1132.0,1132.0,,,94.0,1.0
107.0,234.0,107_234,118.0,,,,,,,,,,,,,,,,,,,,,,,,,,,,,,,,,,,,,,,,,,,,,,,,,,,,,,,,,,,,,,,,,,,,,,,,,,,,,,,,,,,,,,,,,,,,,,,,,,,,,,,,,,,,,,,,,,,,,,,97.12,0.0
234.0,107.0,107_234,118.0,,,,,,,,,,,,,,,,,,,,,,,,,,,,,,,,,,,,,,,,,,,,,,,,,,,,,,,,,,,,,,,,,,,,,,,,,,,,,,,,,,,,,,,,,,,,,,,,,,,,,,,,,,,,,,,,,,,,,,,94.0,0.0
107.0,234.0,107_234,119.0,,,,,,,,,,,,,,,,,,,,,,,,,,,,,,,,,,,,,,,,,,,,,,,,,,,,,,,,,,,,,,,,,,,,,,,,,,,,,,,,,,,,,,,,,,,,,,,,,,,,,,,,,,,,,,,,,,,,,,,95.9,0.0
234.0,107.0,107_234,119.0,,,,,,,,,,,,,,,,,,,,,,,,,,,,,,,,,,,,,,,,,,,,,,,,,,,,,,,,,,,,,,,,,,,,,,,,,,,,,,,,,,,,,,,,,,,,,,,,,,,,,,,,,,,,,,,,,,,,,,,94.0,0.0
