subID,factor_1_self_mean,factor_1_partner_mean,factor_1_self_var,factor_1_partner_var,avg_connection_self_mean,avg_connection_partner_mean,avg_connection_self_var,avg_connection_partner_var,mean_gap_convo_self_mean,mean_gap_convo_partner_mean,mean_gap_convo_self_var,mean_gap_convo_partner_var,median_gap_convo_self_mean,median_gap_convo_partner_mean,median_gap_convo_self_var,median_gap_convo_partner_var,mean_gap_speaker_self_mean,mean_gap_speaker_partner_mean,mean_gap_speaker_self_var,mean_gap_speaker_partner_var,median_gap_speaker_self_mean,median_gap_speaker_partner_mean,median_gap_speaker_self_var,median_gap_speaker_partner_var,mean_gap_partner_self_mean,mean_gap_partner_partner_mean,mean_gap_partner_self_var,mean_gap_partner_partner_var,median_gap_partner_self_mean,median_gap_partner_partner_mean,median_gap_partner_self_var,median_gap_partner_partner_var,factor_1_centered_self_mean,factor_1_centered_partner_mean,factor_1_centered_self_var,factor_1_centered_partner_var,avg_connection_centered_self_mean,avg_connection_centered_partner_mean,avg_connection_centered_self_var,avg_connection_centered_partner_var,mean_gap_convo_centered_self_mean,mean_gap_convo_centered_partner_mean,mean_gap_convo_centered_self_var,mean_gap_convo_centered_partner_var,median_gap_convo_centered_self_mean,median_gap_convo_centered_partner_mean,median_gap_convo_centered_self_var,median_gap_convo_centered_partner_var,mean_gap_speaker_centered_self_mean,mean_gap_speaker_centered_partner_mean,mean_gap_speaker_centered_self_var,mean_gap_speaker_centered_partner_var,median_gap_speaker_centered_self_mean,median_gap_speaker_centered_partner_mean,median_gap_speaker_centered_self_var,median_gap_speaker_centered_partner_var,mean_gap_partner_centered_self_mean,mean_gap_partner_centered_partner_mean,mean_gap_partner_centered_self_var,mean_gap_partner_centered_partner_var,median_gap_partner_centered_self_mean,median_gap_partner_centered_partner_mean,median_gap_partner_centered_self_var,median_gap_partner_centered_partner_var
1,-0.08069128032736093,0.5496827699278943,0.2887532478705626,1.1587076829950014,59.776149999999994,71.87698333333333,89.48031720030866,336.81652463858006,187.00486053578763,187.00486053578763,5694.168780169839,5694.168780169839,224.05,224.05,1582.6916666666666,1582.6916666666666,170.79751142640555,203.4384575618505,6860.870307812373,9983.39154425919,212.45,231.75,3609.8027777777775,5250.513888888888,203.4384575618505,170.79751142640555,9983.39154425919,6860.870307812373,231.75,212.45,5250.513888888888,3609.8027777777775,1.1102230246251566e-17,0.3503481637843319,0.2887532478705626,0.6099112131678349,4.973799150320701e-15,9.248628333333329,89.48031720030866,226.16708276086734,8.526512829121202e-15,-5.965274210543512,5694.168780169838,7496.049055537741,-1.1368683772161604e-14,-3.544999999999999,1582.6916666666666,2500.339694444445,-8.526512829121202e-15,8.86725249677435,6860.870307812373,10479.875347918336,1.1368683772161604e-14,2.2699999999999987,3609.8027777777775,4576.8656666666675,-1.9895196601282804e-14,-20.509599025126107,9983.39154425919,7201.589143189507,0.0,-15.1,5250.513888888889,2575.3600000000006
2,-0.13953271115354968,0.3511223972333325,0.8860403826032288,0.9640662751044259,48.79395,62.8691,413.01618579660493,443.1399036308642,124.16132036098656,124.16132036098656,27097.645531376118,27097.645531376118,188.6,188.6,10614.599999999999,10614.599999999999,100.20559121483191,148.01198978956722,31803.612668518657,29918.81835842022,183.35,217.7,11005.780555555557,20078.17777777778,148.01198978956722,100.20559121483191,29918.81835842022,31803.612668518657,217.7,183.35,20078.17777777778,11005.780555555557,3.3306690738754695e-17,0.14590364800715144,0.8860403826032286,0.6251009710523645,-1.4210854715202005e-15,-0.8574749999999998,413.0161857966049,314.6405498411883,5.684341886080802e-15,-75.09316840282467,27097.645531376118,17625.925785500764,5.684341886080802e-15,-42.540000000000006,10614.6,6551.7337777777775,-1.1368683772161604e-14,-53.61840729666626,31803.61266851866,15879.330065890412,5.684341886080802e-15,-14.690000000000001,11005.780555555557,9841.337666666666,8.526512829121202e-15,-96.64416601392807,29918.818358420227,25091.83620065697,1.1368683772161604e-14,-45.605000000000004,20078.17777777778,9968.728027777777
3,-0.052690986369405904,-0.18581280266516761,0.1380639885349213,1.1521260677726683,57.90436666666666,54.230599999999995,36.33230102345681,365.1374439209876,203.14608897968557,203.14608897968557,22921.39502973784,22921.39502973784,233.15,233.15,7862.391666666667,7862.391666666667,230.01000970960817,176.4102309841384,23652.89233593251,32095.66863788291,230.4,249.05,8376.766666666666,9988.469444444447,176.4102309841384,230.01000970960817,32095.66863788291,23652.89233593251,249.05,230.4,9988.469444444447,8376.766666666666,-4.8572257327350596e-18,-0.38234737941293434,0.1380639885349213,0.6362042873094479,4.973799150320701e-15,-8.584933333333334,36.332301023456814,228.56907277969134,2.842170943040401e-15,11.790077077744225,22921.395029737843,8984.284729016561,-5.684341886080802e-15,6.465000000000001,7862.391666666667,2386.010583333334,1.7053025658242404e-14,-12.239724252617501,23652.892335932513,16011.31774054553,-5.684341886080802e-15,21.365000000000002,8376.766666666666,3295.7255833333325,-2.842170943040401e-14,36.00007660030533,32095.66863788291,10583.600037328823,-1.1368683772161604e-14,4.580000000000001,9988.469444444447,3024.081777777778
4,0.46642347175354304,-0.09131157979634227,0.47739518270978576,0.816441427725176,77.50139999999999,60.93726666666667,187.73113674814806,201.11055176666656,103.03678968872661,103.03678968872661,3565.289492307491,3565.289492307491,183.0,183.0,987.9444444444445,987.9444444444445,169.58542711541563,36.50875870759399,8714.023048312434,3077.9407362517277,221.45,113.2,3893.7472222222223,2681.066666666667,36.50875870759399,169.58542711541563,3077.9407362517277,8714.023048312434,113.2,221.45,2681.066666666667,3893.7472222222223,6.106226635438361e-17,-0.23593471073181416,0.47739518270978576,0.6512161733424995,7.815970093361103e-15,0.08143666666666434,187.73113674814806,145.681612544,1.9895196601282804e-14,-98.33015214231061,3565.289492307491,2456.423748501662,0.0,-48.7,987.9444444444445,1455.0477777777778,1.1368683772161604e-14,-158.18365478858112,8714.023048312434,4543.881876580576,1.1368683772161604e-14,-115.38,3893.7472222222223,7615.808444444449,-2.842170943040401e-15,-38.41465322154166,3077.9407362517277,3553.444496987092,-4.263256414560601e-15,-17.955000000000002,2681.0666666666666,1546.6658055555554
5,0.48509537656095203,0.1577798280076817,0.2748555808473345,1.0093193227337844,76.21275,65.96735,181.74312442746907,185.71650416944442,265.6229653517891,265.6229653517891,9770.762041780357,9770.762041780357,280.45,280.45,6991.469444444444,6991.469444444444,306.358730510161,225.24924536563358,13858.385279263977,11234.298396437434,339.35,236.25,17763.780555555553,5756.791666666668,225.24924536563358,306.358730510161,11234.298396437434,13858.385279263977,236.25,339.35,5756.791666666668,17763.780555555553,0.0,0.015023887552950699,0.2748555808473345,0.9893238766916433,-7.105427357601002e-16,4.982654999999999,181.74312442746907,118.63225241531167,3.410605131648481e-14,80.51464108705812,9770.762041780354,8057.541003029632,1.1368683772161604e-14,58.495000000000005,6991.469444444445,4109.497472222223,5.684341886080802e-15,44.23416220893303,13858.385279263981,7839.407818587272,-2.2737367544323207e-14,19.46,17763.780555555557,3500.9259999999995,1.9895196601282804e-14,117.23269883900771,11234.298396437433,10764.118988958142,0.0,112.25,5756.791666666667,10624.246111111112
6,-0.4594090948375274,-0.12599422041655414,1.2010077087942757,0.6792860965647677,61.0865,56.96298333333334,572.983335567901,319.7064610151235,261.91815760388926,261.91815760388926,21867.292081923228,21867.292081923228,281.05,281.05,5396.580555555555,5396.580555555555,266.4082934179393,257.11225597521155,27916.867146611432,22815.28851236732,271.55,286.6,14446.302777777779,7185.4333333333325,257.11225597521155,266.4082934179393,22815.28851236732,27916.867146611432,286.6,271.55,7185.4333333333325,14446.302777777779,-2.7755575615628914e-17,-0.3632006080111331,1.2010077087942754,0.39431427511691125,-7.105427357601002e-16,-5.5343366666666665,572.9833355679011,143.87415889646925,1.1368683772161604e-14,76.43935256436828,21867.292081923235,10857.526926900764,-1.1368683772161604e-14,59.154999999999994,5396.580555555555,2618.987472222223,1.7053025658242404e-14,72.10212910928882,27916.867146611432,12576.033548514846,-1.1368683772161604e-14,63.02999999999999,14446.302777777779,2874.634555555555,1.1368683772161604e-14,80.46856280774378,22815.288512367315,13682.940069143633,-2.2737367544323207e-14,49.485,7185.433333333333,6752.943361111112
7,0.9458095938121558,0.1815860412074104,0.8463565122990953,1.653950251434816,62.96588333333334,60.73815,133.22737045709877,424.64476587314823,250.90138878136491,250.90138878136491,13805.467556059371,13805.467556059371,255.45,255.45,3705.0249999999996,3705.0249999999996,222.60270888697568,279.01444045283733,16413.46245824113,19040.228819403732,234.15,268.35,7500.113888888888,6013.836111111112,279.01444045283733,222.60270888697568,19040.228819403732,16413.46245824113,268.35,234.15,6013.836111111112,7500.113888888888,-2.2204460492503132e-17,0.08490152247779983,0.8463565122990953,1.0051338667587808,-3.552713678800501e-15,-1.5712316666666688,133.2273704570988,268.94517850015126,1.9895196601282804e-14,64.32090685959152,13805.467556059373,3919.7925135908954,1.1368683772161604e-14,30.994999999999997,3705.0249999999996,950.8030277777777,1.4210854715202004e-14,89.62375513381825,16413.46245824113,7362.605007026307,-5.684341886080802e-15,41.040000000000006,7500.113888888888,1876.8871111111102,1.1368683772161604e-14,38.85319672454273,19040.228819403732,5261.11113189816,-2.2737367544323207e-14,10.260000000000002,6013.836111111112,2017.0282222222215
8,0.2131757169746132,0.5497890343817844,1.3085685626598835,0.4436409762414028,60.97011666666667,72.52701666666668,246.32862348179015,225.78546060154324,73.87200694189731,73.87200694189731,4240.240196416223,4240.240196416223,145.05,145.05,3532.2472222222227,3532.2472222222227,75.19714829255017,72.44451655724386,4017.716123108379,7712.24896832822,158.6,130.0,2668.6555555555556,5401.222222222223,72.44451655724386,75.19714829255017,7712.24896832822,4017.716123108379,130.0,158.6,5401.222222222223,2668.6555555555556,9.992007221626409e-17,0.3798411279684195,1.3085685626598835,0.3188175955328576,-4.973799150320701e-15,10.018058333333332,246.3286234817901,114.60164365785492,1.4210854715202005e-15,-130.41141316382286,4240.240196416223,3958.4628696454183,-1.1368683772161604e-14,-90.44500000000001,3532.2472222222223,2966.5219166666666,-7.105427357601002e-15,-131.68672482121784,4017.716123108379,6271.089088249161,5.684341886080802e-15,-104.86499999999998,2668.6555555555556,4265.558916666667,-9.947598300641402e-15,-129.20935625944213,7712.248968328222,5024.878207022108,0.0,-79.125,5401.222222222223,4098.121805555555
9,-0.4068981806760871,0.27895126232046896,0.40899511982463577,0.5897174444105558,45.74288333333333,65.67773333333334,242.706511827469,308.5125106185185,249.5713233391138,249.5713233391138,9162.849368200132,9162.849368200132,245.9,245.9,3166.5444444444447,3166.5444444444447,271.86146192633834,226.89074204280578,13565.769941111492,14673.29969322817,266.75,239.7,5739.847222222222,5403.622222222224,226.89074204280578,271.86146192633834,14673.29969322817,13565.769941111492,239.7,266.75,5403.622222222224,5739.847222222222,2.2204460492503132e-17,0.04699596614203409,0.40899511982463577,0.2554267419485795,1.0658141036401502e-15,1.6460516666666662,242.70651182746911,139.4001580673117,-2.5579538487363607e-14,62.85783487311526,9162.84936820013,4990.680086431823,-5.684341886080802e-15,20.490000000000002,3166.5444444444443,1637.4298888888889,-1.9895196601282804e-14,42.42593202772288,13565.769941111492,9734.940768163757,0.0,15.65,5739.847222222222,4415.759444444445,-5.968558980384842e-14,82.89957992290219,14673.299693228173,5954.530716875581,1.1368683772161604e-14,39.995,5403.622222222223,2073.04025
10,-0.2434475976864396,0.3835144532852846,1.1299210960217847,0.7294549071420623,57.17886666666667,58.824200000000005,304.964073819753,469.5429027024692,189.83583737322584,189.83583737322584,6258.707435621028,6258.707435621028,221.35,221.35,1666.7250000000001,1666.7250000000001,132.6975335780681,246.98713616298647,9659.300587210791,7285.345944541001,177.95,266.9,2679.3027777777784,3940.6555555555565,246.98713616298647,132.6975335780681,7285.345944541001,9659.300587210791,266.9,177.95,3940.6555555555565,2679.3027777777784,-2.2204460492503132e-17,0.16790421540581446,1.1299210960217847,0.1999726417163237,-6.7501559897209515e-15,-4.063883333333333,304.964073819753,302.01807543987655,-1.5631940186722205e-14,-2.8511996893614993,6258.707435621029,2101.133660252946,5.684341886080802e-15,-6.515000000000001,1666.7249999999997,532.8172499999998,5.684341886080802e-15,48.605933313076605,9659.300587210791,3173.214075220959,1.1368683772161604e-14,33.96999999999999,2679.3027777777775,1941.1789999999996,-5.684341886080802e-15,-54.25470901334997,7285.345944541002,3207.4213454465316,2.2737367544323207e-14,-46.085,3940.655555555555,1545.2355833333338
11,1.1848204730573682,-0.13665240237753098,0.08105475350172271,0.25922411241720833,77.92683333333335,55.44831666666666,64.29673327160495,84.45619570648148,207.63546904263248,207.63546904263248,11239.143163449538,11239.143163449538,241.95,241.95,6447.413888888889,6447.413888888889,170.78514599887296,244.44178847729827,19092.940573883545,10690.420493722142,211.25,267.75,8102.624999999998,7436.069444444444,244.44178847729827,170.78514599887296,10690.420493722142,19092.940573883545,267.75,211.25,7436.069444444444,8102.624999999998,4.4408920985006264e-17,-0.20943583318262035,0.08105475350172271,0.5736147362314485,-1.4210854715202004e-14,-5.364970000000001,64.29673327160496,63.30922478683947,2.842170943040401e-15,16.728395146985825,11239.143163449537,6073.621502774798,1.1368683772161604e-14,16.145000000000003,6447.413888888888,2888.201916666667,1.8474111129762605e-14,49.869346869468856,19092.940573883552,6901.83559373847,0.0,38.15,8102.625,3941.2816666666663,-2.2737367544323207e-14,-16.42163136111389,10690.420493722142,10377.771689277439,0.0,-12.700000000000001,7436.069444444444,3854.004444444444
20,-0.2873726260897008,0.8890484611490763,0.6439633867769325,0.21271078742820318,67.47491666666666,76.23258333333332,102.20068874603173,87.40676849999997,104.93846050722118,104.93846050722118,13358.024390507233,13358.024390507233,160.4375,160.4375,4335.674107142857,4335.674107142857,32.56449877966745,177.7471134283355,12564.409496288781,22932.4262855699,107.375,212.0,4768.196428571428,8432.285714285716,177.7471134283355,32.56449877966745,22932.4262855699,12564.409496288781,212.0,107.375,8432.285714285716,4768.196428571428,-2.7755575615628914e-17,0.6555165403593001,0.6439633867769325,0.20051476228066134,6.217248937900877e-15,11.601333333333331,102.20068874603173,29.343639053333334,-1.0658141036401503e-14,-48.261253649208804,13358.024390507233,8892.70788927164,0.0,-48.074999999999996,4335.674107142857,4605.331428571429,-3.552713678800501e-15,18.911825595093852,12564.409496288781,8889.908485719041,0.0,-7.637500000000003,4768.196428571428,3518.999107142857,1.4210854715202004e-14,-115.10447027433695,22932.4262855699,10347.925066704303,0.0,-98.69999999999999,8432.285714285716,6069.149285714286
21,0.16146607711837374,0.1525299809842958,0.9726846293052501,0.46063121354869657,55.52808333333333,64.11165,514.435832625,165.06183505833317,124.32978931980351,124.32978931980351,17459.433630010855,17459.433630010855,172.7,172.7,3586.4555555555553,3586.4555555555553,76.33092316936067,171.5725379480414,11357.101149522668,33751.619726625395,161.75,206.7,3758.402777777777,8801.844444444445,171.5725379480414,76.33092316936067,33751.619726625395,11357.101149522668,206.7,161.75,8801.844444444445,3758.402777777777,0.0,0.0730140629177896,0.9726846293052501,0.5012889953363182,4.973799150320701e-15,0.5177888888888873,514.435832625,91.30099186341401,-2.842170943040401e-15,-38.344181412652404,17459.43363001085,8760.378710437428,1.1368683772161604e-14,-39.80041666666667,3586.4555555555553,3493.150121763546,-4.263256414560601e-15,5.328292832256718,11357.101149522668,11976.837242523434,0.0,-12.305833333333334,3758.402777777778,3846.7378402777777,5.684341886080802e-15,-82.99486230058446,33751.61972662539,9498.223244942958,1.1368683772161604e-14,-55.12888888888889,8801.844444444445,4451.355650205761
22,0.17243417403871264,0.5315317923476481,1.2959406709449202,0.49034561784438846,69.53051666666667,67.02611666666667,477.0277281941357,152.69686723487644,97.77624184258187,97.77624184258187,17700.004494138222,17700.004494138222,173.25,173.25,7203.069444444444,7203.069444444444,84.1402582749594,111.291392273799,16204.535590289153,24934.50489160626,164.65,176.95,7853.5583333333325,7975.302777777777,111.291392273799,84.1402582749594,24934.50489160626,16204.535590289153,176.95,164.65,7975.302777777777,7853.5583333333325,-2.2204460492503132e-17,0.45311268397317583,1.2959406709449202,0.1860236986147723,-4.263256414560601e-15,4.832498888888889,477.0277281941357,83.4853989961836,-1.5631940186722205e-14,-67.55308363759623,17700.00449413822,4573.885372074478,0.0,-39.195416666666674,7203.069444444445,2209.2210554055214,-2.842170943040401e-15,-54.1719193314258,16204.535590289152,10227.801147793378,-2.842170943040401e-15,-41.76583333333333,7853.5583333333325,5468.213988425925,7.105427357601002e-15,-81.21364176240998,24934.50489160626,6973.848059954025,1.1368683772161604e-14,-55.203888888888876,7975.302777777779,4134.422208847737
23,-0.42176021773353417,0.32682498953252126,1.0157400469173403,0.7276857126211721,43.68531481481481,60.09012962962964,351.7300597253087,500.9137090331791,142.47447121294508,142.47447121294508,15398.802085913967,15398.802085913967,182.72222222222223,182.72222222222223,5475.819444444444,5475.819444444444,146.0037722070791,138.88672796357852,13949.830968218626,23020.62152614406,175.5,216.33333333333334,4529.562499999999,12734.062499999998,138.88672796357852,146.0037722070791,23020.62152614406,13949.830968218626,216.33333333333334,175.5,12734.062499999998,4529.562499999999,5.551115123125783e-17,0.14174075602066902,1.0157400469173403,1.093516790521098,3.947459643111668e-15,-4.388366255144033,351.73005972530865,463.62496185063446,3.157967714489334e-15,-24.598480445298968,15398.80208591397,3160.0744664055205,-6.315935428978668e-15,-34.44938271604938,5475.819444444444,970.6667395404669,-2.210577400142534e-14,-34.46939462980605,13949.830968218625,1317.9769667079138,0.0,-13.54814814814815,4529.5625,1146.7106558641979,-9.473903143468002e-15,-14.906955710207448,23020.62152614406,8720.079361011358,-6.315935428978668e-15,-40.85061728395061,12734.062499999998,2143.920906207133
24,-0.10361203676371562,-0.732235588875189,0.5249747893322296,1.9434245696644865,73.41246666666666,50.84341666666666,190.12279596790125,788.2451561620371,297.1020462671233,297.1020462671233,13156.464924492677,13156.464924492677,293.3,293.3,9201.288888888888,9201.288888888888,393.69307535905875,200.95767047492333,17481.118590211718,16997.864932162807,414.2,236.0,14835.233333333334,8942.11111111111,200.95767047492333,393.69307535905875,16997.864932162807,17481.118590211718,236.0,414.2,8942.11111111111,14835.233333333334,0.0,-0.838259318329904,0.5249747893322296,0.8932361975805408,5.684341886080802e-15,-10.96200611111111,190.12279596790125,327.44131601539243,-1.7053025658242404e-14,151.70530122939937,13156.464924492679,6695.32414513755,-1.1368683772161604e-14,92.85958333333333,9201.28888888889,4027.653646454904,1.7053025658242404e-14,66.44964057810846,17481.118590211714,6652.035384412792,1.1368683772161604e-14,42.23916666666666,14835.233333333334,2437.2945995370374,1.1368683772161604e-14,237.30580314180185,16997.864932162807,11208.709890131615,0.0,200.2511111111111,8942.11111111111,9131.54552674897
25,-0.5419452080527087,0.5971299628310593,2.860979644971846,0.46368613363546896,42.56218333333334,73.18746666666667,473.7580149966051,114.13851910370369,90.84242171786052,90.84242171786052,16878.529628607994,16878.529628607994,192.4,192.4,8708.1,8708.1,73.90579182045414,107.91949158619755,7660.174251515003,34801.342142643334,192.75,209.6,4434.347222222223,22206.877777777776,107.91949158619755,73.90579182045414,34801.342142643334,7660.174251515003,209.6,192.75,22206.877777777776,4434.347222222223,-8.881784197001253e-17,0.44727291624744503,2.8609796449718465,0.33500054194380524,-3.197442310920451e-15,8.297015555555555,473.7580149966051,147.51016865881058,-1.9895196601282804e-14,-75.18028577478971,16878.529628607997,6873.103962064857,-5.684341886080802e-15,-18.130416666666665,8708.1,3193.971717442558,2.842170943040401e-15,-58.56726666447778,7660.174251515003,8571.882498763189,0.0,-6.305833333333334,4434.347222222223,3796.755432870371,1.1368683772161604e-14,-91.78529828567537,34801.34214264334,8638.737698061628,0.0,-23.83888888888888,22206.877777777772,4987.260329218107
26,0.9973545252907264,-0.8236480313721067,0.14277299539074154,0.7477101286816067,70.6121,51.998866666666665,59.59597389629633,250.19429510370375,268.81454559147915,268.81454559147915,9093.201459362412,9093.201459362412,261.4,261.4,6356.766666666667,6356.766666666667,315.9636051714191,222.3494923617198,13122.206138065832,10846.81776515333,292.1,235.95,8485.155555555555,11262.191666666668,222.3494923617198,315.9636051714191,10846.81776515333,13122.206138065832,235.95,292.1,11262.191666666668,8485.155555555555,5.551115123125783e-17,-0.8195751046213775,0.14277299539074154,0.8112185908119451,2.842170943040401e-15,-10.086592777777781,59.5959738962963,188.37615616846247,2.842170943040401e-15,120.58905048619079,9093.20145936241,1779.6994546616359,2.2737367544323207e-14,57.76958333333332,6356.766666666666,1433.2269952203358,3.979039320256561e-14,80.06851544614096,13122.206138065832,4664.660570089536,-2.2737367544323207e-14,29.979166666666668,8485.155555555555,1647.176747685185,-8.526512829121202e-15,161.71551514284184,10846.817765153328,4429.533603443616,1.1368683772161604e-14,78.1461111111111,11262.191666666668,3513.476159465021
27,-0.20249726471153925,-0.4361446571046308,0.15384127698267525,1.4730703783381762,63.256462962962964,53.40135185185185,34.69562892206788,588.2999768364198,278.05885167275653,278.05885167275653,16005.850643582673,16005.850643582673,286.44444444444446,286.44444444444446,5324.902777777779,5324.902777777779,289.52280067452773,266.84479882354356,3949.062505000749,45679.531816815885,311.8333333333333,298.55555555555554,1049.5625000000005,27552.277777777777,266.84479882354356,289.52280067452773,45679.531816815885,3949.062505000749,298.55555555555554,311.8333333333333,27552.277777777777,1049.5625000000005,2.4671622769447922e-17,-0.5968663402807058,0.15384127698267525,0.7928759138909423,0.0,-8.902572016460907,34.6956289220679,297.827373858699,-6.315935428978668e-15,126.05083117671377,16005.850643582673,3172.511593628691,-1.2631870857957336e-14,80.79753086419753,5324.902777777777,1200.9938743141288,5.0527483431829344e-14,109.4352349487644,3949.062505000751,11046.293368968227,1.8947806286936004e-14,83.82222222222224,1049.5625,7622.3138194444455,0.0,142.82963618612627,45679.53181681588,1578.30105487233,1.2631870857957336e-14,104.61851851851851,27552.277777777777,901.981211419753
28,0.9612783387290464,0.28045157182911007,1.0024464309406027,0.6537463041997662,69.3533,66.19475,389.23412419629636,274.74610868672835,180.78607126224395,180.78607126224395,10144.326564358338,10144.326564358338,238.95,238.95,3006.8027777777775,3006.8027777777775,185.57312892216288,176.49927485169442,10533.213760807517,20828.055312876957,233.15,228.2,2041.3916666666669,8977.399999999996,176.49927485169442,185.57312892216288,20828.055312876957,10533.213760807517,228.2,233.15,8977.399999999996,2041.3916666666669,1.554312234475219e-16,0.2809168799236711,1.0024464309406027,0.5695264156652651,-7.105427357601002e-15,3.983410555555556,389.23412419629636,190.21413266470665,5.684341886080802e-15,23.75772872403209,10144.326564358336,4495.929775580533,1.1368683772161604e-14,33.07458333333334,3006.8027777777775,1822.0883547882377,2.842170943040401e-15,21.179250311189964,10533.213760807515,5905.429456433308,-5.684341886080802e-15,16.33416666666667,2041.3916666666669,4183.004543981481,2.842170943040401e-15,26.740017142583053,20828.055312876957,7442.165520859732,1.1368683772161604e-14,18.421111111111117,8977.400000000001,1549.2344773662553
29,0.362579654814895,0.09905538755846388,0.4848961361284528,1.4935593134614578,75.05455,59.33836666666666,90.30646590771603,312.5418693814815,119.88235268657077,119.88235268657077,18749.910150485946,18749.910150485946,201.2,201.2,7109.066666666666,7109.066666666666,129.4527621188218,110.21125365260082,15235.521388487887,28279.281354197457,182.25,197.1,4146.347222222222,15010.711111111113,110.21125365260082,129.4527621188218,28279.281354197457,15235.521388487887,197.1,182.25,15010.711111111113,4146.347222222222,2.2204460492503132e-17,0.039650827261609844,0.4848961361284528,0.8320463793638038,-5.684341886080802e-15,-2.302847777777778,90.30646590771603,141.64204877156374,-5.684341886080802e-15,-43.23636170920843,18749.910150485946,7409.223238597446,1.1368683772161604e-14,-8.450416666666666,7109.0666666666675,2422.4589334919406,-2.5579538487363607e-14,-50.72080756823778,15235.52138848789,7966.759022697723,0.0,-19.855833333333333,4146.347222222222,3310.560340277779,-1.1368683772161604e-14,-36.00915178066741,28279.281354197457,11224.9486873273,5.684341886080802e-15,-35.58888888888889,15010.711111111113,2649.2896502057606
30,-0.1413001588571201,0.3588593878382391,0.23461760052977057,0.35134708686721666,60.99680000000001,71.4485,81.85737892469135,170.4242900432099,46.06424456377681,46.06424456377681,6733.130073566426,6733.130073566426,134.9,134.9,3091.655555555554,3091.655555555554,11.622757829696543,80.55063928305883,7465.195475637104,8953.984775507144,116.25,158.1,2316.125,7997.766666666667,80.55063928305883,11.622757829696543,8953.984775507144,7465.195475637104,158.1,116.25,7997.766666666667,2316.125,-1.6653345369377347e-17,0.24906684617418354,0.23461760052977057,0.19863815631290774,-6.394884621840902e-15,8.401510555555557,81.85737892469135,160.28041252937055,3.552713678800501e-15,-124.43628064428177,6733.130073566426,1900.0780639621214,-5.684341886080802e-15,-81.38041666666668,3091.6555555555556,1577.6804365783612,4.618527782440651e-15,-92.16442236669226,7465.195475637104,5461.281888991588,0.0,-65.45583333333335,2316.125,3428.709969907408,0.0,-156.80521750674689,8953.984775507144,3751.980079316343,5.684341886080802e-15,-105.4888888888889,7997.766666666666,1540.5958230452673
40,-0.69271656835215,-0.4698842889913556,1.3124232634829667,0.8683374117926093,37.686383333333325,54.948183333333326,255.53247024722234,597.6094684595681,391.20016962455975,391.20016962455975,24693.96018013646,24693.96018013646,333.25,333.25,11564.847222222223,11564.847222222223,386.6424342448075,395.56873414593537,19880.587549902553,40989.03536091488,341.55,328.95,12761.136111111111,13116.136111111111,395.56873414593537,386.6424342448075,40989.03536091488,19880.587549902553,328.95,341.55,13116.136111111111,12761.136111111111,-7.771561172376095e-17,-0.3183301756444926,1.3124232634829667,0.8201672302876424,7.460698725481052e-15,-1.1842083333333335,255.53247024722228,201.06153447347216,-1.4210854715202004e-14,68.86030821786612,24693.96018013646,10470.757875425908,0.0,34.485,11564.847222222223,5180.953916666666,1.7053025658242404e-14,73.14352709056647,19880.587549902553,17988.964523017316,-1.1368683772161604e-14,31.820000000000004,12761.136111111113,6372.200666666667,-5.684341886080802e-15,65.1098571795514,40989.03536091487,6320.6772534747615,1.1368683772161604e-14,43.160000000000004,13116.136111111111,4945.672666666667
41,-0.31452609688918864,-0.21585705989963352,0.4019918238831037,0.44704117477702965,32.82813333333333,56.21346666666667,118.04883494320987,276.4375287395062,346.87935562197595,346.87935562197595,13558.474085636233,13558.474085636233,313.25,313.25,4289.069444444444,4289.069444444444,341.4010045482978,351.9496064488827,18583.89374694191,14681.672728533109,298.25,312.45,11962.236111111111,4655.025000000001,351.9496064488827,341.4010045482978,14681.672728533109,18583.89374694191,312.45,298.25,4655.025000000001,11962.236111111111,0.0,-0.026483899406474453,0.40199182388310367,0.2789778730004047,7.105427357601002e-15,-0.4047499999999992,118.04883494320987,207.38454328080252,-2.842170943040401e-15,20.10741281502394,13558.474085636237,8106.1160224882915,0.0,12.485000000000003,4289.069444444444,1450.253916666667,-1.1368683772161604e-14,25.000256423862844,18583.89374694191,6683.593963330331,0.0,10.990000000000004,11962.236111111111,1173.8354444444442,-8.526512829121202e-15,15.506514713336434,14681.672728533109,13019.13730580205,1.1368683772161604e-14,-1.7899999999999978,4655.025,7377.718777777776
42,-0.3314449084120445,-0.05489985651439082,0.5167870599761163,0.8578498296573147,51.832883333333335,52.33606666666667,57.09049535833333,520.6266449456791,386.7784289594645,386.7784289594645,50066.69959160424,50066.69959160424,322.0,322.0,11821.944444444445,11821.944444444445,368.5119169863691,405.95914814769105,40780.47247215227,66149.79099166703,287.55,350.6,9105.525000000001,12646.21111111111,405.95914814769105,368.5119169863691,66149.79099166703,40780.47247215227,350.6,287.55,12646.21111111111,9105.525000000001,-2.2204460492503132e-17,0.1327814228264827,0.5167870599761163,0.24569671012955416,0.0,-2.3816749999999987,57.09049535833333,71.04222976174385,-4.5474735088646414e-14,63.99639348626134,50066.69959160424,23993.40544403115,0.0,22.110000000000003,11821.944444444445,5602.242111111112,1.1368683772161604e-14,81.72088936647833,40780.47247215227,37591.79568771017,-1.1368683772161604e-14,48.07000000000001,9105.525000000001,7300.303444444445,1.1368683772161604e-14,48.01838132128857,66149.79099166705,16682.525266834225,-2.2737367544323207e-14,-8.674999999999994,12646.21111111111,3190.060694444445
43,0.0048639363976957116,0.09865731729274892,1.896750238850203,1.0117579019640592,51.005833333333335,61.630616666666675,607.3018761481483,455.9513278521606,331.650860807493,331.650860807493,17395.226744534568,17395.226744534568,305.15,305.15,8788.558333333332,8788.558333333332,333.5866315346062,329.47325782317824,18026.548374454967,21870.197413118163,319.7,288.9,11394.455555555556,9454.211111111112,329.47325782317824,333.5866315346062,21870.197413118163,18026.548374454967,288.9,319.7,9454.211111111112,11394.455555555556,4.4408920985006264e-17,0.31996948111459644,1.896750238850203,0.4508836392472077,-2.1316282072803005e-15,6.8301700000000025,607.3018761481483,102.69949739850625,-5.400124791776761e-14,3.3560685190926707,17395.22674453457,8089.475244197739,2.2737367544323207e-14,3.575,8788.558333333332,5310.341249999999,-8.526512829121202e-15,1.7424704967892637,18026.548374454964,10984.976760393682,1.1368683772161604e-14,-10.414999999999997,11394.455555555556,5768.507805555558,4.5474735088646414e-14,5.444506837074404,21870.197413118163,8829.782050054346,2.2737367544323207e-14,17.305,9454.211111111112,6753.513583333337
44,-0.5952033251663633,0.13403938907636329,0.9728570757865656,0.7896768521007538,59.06591666666666,58.62595,121.11704527932099,301.40699892623456,292.7094540753721,292.7094540753721,18751.876425295482,18751.876425295482,256.0,256.0,4279.777777777777,4279.777777777777,210.9700079751927,373.1917574756822,16115.200233080703,27829.778113593704,219.8,312.75,4494.233333333334,12066.791666666666,373.1917574756822,210.9700079751927,27829.778113593704,16115.200233080703,312.75,219.8,12066.791666666666,4494.233333333334,-4.4408920985006264e-17,0.29534482674180484,0.9728570757865656,0.21540746245673312,7.105427357601002e-15,4.6315116666666665,121.11704527932102,60.74076093031178,2.842170943040401e-14,-39.47947888624025,18751.87642529548,11257.481340277705,0.0,-50.489999999999995,4279.777777777777,2892.249888888889,2.842170943040401e-15,33.19930779335183,16115.200233080706,17550.918984018233,-1.1368683772161604e-14,3.4450000000000047,4494.233333333334,7468.551361111111,5.684341886080802e-15,-112.80026675708874,27829.778113593704,10828.850031104861,0.0,-80.21,12066.791666666666,2217.1121111111106
45,0.12259159179679846,0.11487927961662103,0.21897859827616556,0.5497574675442752,73.89226666666669,65.62469999999999,144.85426663703706,394.34148416543223,267.591727562795,267.591727562795,6376.3777697482765,6376.3777697482765,270.25,270.25,3046.2361111111113,3046.2361111111113,220.26106878034025,313.9733444161266,11304.487330115482,7067.43557208301,238.5,301.6,3343.777777777778,4593.655555555556,313.9733444161266,220.26106878034025,7067.43557208301,11304.487330115482,301.6,238.5,4593.655555555556,3343.777777777778,1.1102230246251566e-17,0.3479642089783788,0.21897859827616556,0.17159255061208573,-1.7053025658242404e-14,13.112896666666671,144.85426663703709,249.0586661793704,1.4210854715202004e-14,-67.10897805007512,6376.3777697482765,3450.6643923390184,0.0,-34.815,3046.2361111111113,3437.466138888889,-2.5579538487363607e-14,-25.089999185689,11304.487330115482,4096.119054349863,0.0,-5.834999999999996,3343.777777777778,5254.156694444445,5.684341886080802e-15,-109.43104725789676,7067.43557208301,4435.015554954898,-2.2737367544323207e-14,-62.62499999999998,4593.655555555555,3226.3329166666663
46,-1.0739437012972688,-1.5098265458900202,0.3127975169202542,1.1355866401059869,42.23416666666667,32.88646666666667,28.976801395061727,388.8455222024692,458.20638551462497,458.20638551462497,44208.9666532328,44208.9666532328,369.8,369.8,7307.844444444443,7307.844444444443,487.95877099235906,428.6098093519205,67943.53627613466,35858.94106089434,382.7,368.7,13074.511111111111,8725.955555555554,428.6098093519205,487.95877099235906,35858.94106089434,67943.53627613466,368.7,382.7,8725.955555555554,13074.511111111111,-8.881784197001253e-17,-1.396395145837669,0.3127975169202542,0.6943911894340684,-7.105427357601002e-16,-22.791146666666666,28.97680139506174,148.89443613881494,2.2737367544323207e-14,142.5671456969379,44208.9666532328,26337.64896029393,-1.1368683772161604e-14,74.69,7307.844444444443,3845.8498888888894,-2.842170943040401e-14,116.31623597130674,67943.53627613466,22171.874353543877,1.1368683772161604e-14,75.68500000000002,13074.511111111111,6327.905583333332,0.0,169.73030144770144,35858.94106089434,37993.08957434076,1.1368683772161604e-14,88.285,8725.955555555554,6236.606694444443
47,-0.6995829469836153,-0.8352587173131942,0.2987502195046545,0.71447617688515,41.736083333333326,45.62740000000001,343.73959497067904,499.12635179753096,355.5552011137954,355.5552011137954,22326.405804488444,22326.405804488444,301.05,301.05,6571.747222222221,6571.747222222221,396.8803197825463,313.51353773054433,37124.23145168889,18015.429619546558,309.65,276.15,10416.391666666666,8121.780555555557,313.51353773054433,396.8803197825463,18015.429619546558,37124.23145168889,276.15,309.65,8121.780555555557,10416.391666666666,8.326672684688674e-17,-0.6843912418294779,0.2987502195046545,0.516815613468271,7.460698725481052e-15,-10.100021666666667,343.73959497067904,236.37298729845983,6.821210263296962e-14,29.650842856025427,22326.40580448844,17003.399665420344,-1.1368683772161604e-14,-0.9349999999999966,6571.747222222222,5784.250583333333,2.2737367544323207e-14,-7.887880771050712,37124.23145168889,13951.027127458323,2.2737367544323207e-14,-24.169999999999998,10416.391666666666,6336.357888888891,-1.9895196601282804e-14,67.1422230757511,18015.429619546558,34724.55583584947,2.2737367544323207e-14,5.980000000000001,8121.780555555555,11458.426222222222
48,0.24609482133428587,-0.11536953278598785,0.6840353528369483,0.9819352065294829,53.95503333333333,53.11811666666667,441.08209190617276,662.5245901175927,304.0973136353124,304.0973136353124,9373.99334447618,9373.99334447618,306.15,306.15,4279.7249999999985,4279.7249999999985,322.453774473415,284.28852253460474,20944.538198845494,9076.974368273923,300.75,306.4,11064.680555555553,3870.9888888888913,284.28852253460474,322.453774473415,9076.974368273923,20944.538198845494,306.4,300.75,3870.9888888888913,11064.680555555553,2.2204460492503132e-17,0.13006571952951868,0.6840353528369484,0.44486762009130604,-3.552713678800501e-16,-1.3874099999999987,441.08209190617276,151.72329360482712,-1.1368683772161604e-14,-26.952833370305978,9373.99334447618,2656.8000557104824,2.2737367544323207e-14,4.675,4279.725,1232.969027777778,-3.410605131648481e-14,-44.55555049790341,20944.538198845497,9310.819534295182,0.0,5.190000000000003,11064.680555555553,2163.1843333333327,-8.526512829121202e-15,-10.206823752974168,9076.974368273924,4007.1768420158787,2.2737367544323207e-14,0.10500000000000113,3870.988888888889,2895.865805555555
49,0.714647757943644,0.4708613374101076,0.6850662045935146,0.24614294274150858,82.58956666666667,59.23666666666666,37.610072908642046,162.17254899382718,150.59425484045636,150.59425484045636,8848.408709152487,8848.408709152487,209.75,209.75,2235.402777777778,2235.402777777778,201.17101473921414,96.66512396810496,8152.540384740153,18350.170517475304,257.4,154.8,1237.5999999999997,5393.177777777778,96.66512396810496,201.17101473921414,18350.170517475304,8152.540384740153,154.8,257.4,5393.177777777778,1237.5999999999997,1.1102230246251566e-17,0.7631518833865499,0.6850662045935146,0.09458407857292239,0.0,7.594593333333336,37.61007290864199,38.736148144518545,-2.842170943040401e-15,-195.80619804464763,8848.408709152487,15466.707379926982,0.0,-101.365,2235.402777777778,4086.333916666666,-1.1368683772161604e-14,-244.30722503782326,8152.540384740153,19152.951156563675,2.2737367544323207e-14,-150.745,1237.6,5314.524694444444,-4.263256414560601e-15,-150.251923343825,18350.170517475304,16667.052943082144,-1.1368683772161604e-14,-58.404999999999994,5393.177777777778,3251.4980277777777
50,0.4109617378074274,0.17440097617796219,0.8625125432166616,0.43476258105722515,72.18403333333333,58.76266666666667,505.5318587271607,397.599046617284,329.3356319356465,329.3356319356465,2219.8564183166945,2219.8564183166945,334.25,334.25,1282.0138888888885,1282.0138888888885,341.0575607413484,317.7016627558256,7013.239698703923,3635.4934524244823,357.0,311.55,2753.5,2403.9694444444444,317.7016627558256,341.0575607413484,3635.4934524244823,7013.239698703923,311.55,357.0,2403.9694444444444,2753.5,-5.551115123125783e-17,0.4363229201407829,0.8625125432166618,0.1869427249996923,4.263256414560601e-15,6.08004,505.5318587271607,120.61000671019752,0.0,0.8093167600615743,2219.856418316695,7002.41513714243,0.0,35.585,1282.013888888889,1365.890583333333,8.526512829121202e-15,-9.282031649889149,7013.239698703922,6678.357631106264,0.0,15.965000000000003,2753.5,1554.424472222222,3.410605131648481e-14,11.738276537081358,3635.493452424486,12630.09255309115,-1.1368683772161604e-14,56.870000000000005,2403.9694444444444,3415.543444444445
60,0.5955597573537867,0.25160449160389536,0.7676573687707728,0.47951114058969374,71.58792592592592,61.26525925925926,118.97576438966045,322.28913756327165,250.61751122841957,250.61751122841957,10171.493047548076,10171.493047548076,248.44444444444446,248.44444444444446,5159.965277777777,5159.965277777777,282.4320848196022,218.99425809820647,11910.777056933943,14352.05717385162,264.44444444444446,228.27777777777777,3764.7777777777774,9554.006944444445,218.99425809820647,282.4320848196022,14352.05717385162,11910.777056933943,228.27777777777777,264.44444444444446,9554.006944444445,3764.7777777777774,-8.635067969306773e-17,0.3758840168100599,0.7676573687707731,0.5009068683311398,8.68441121484567e-15,4.390300000000002,118.97576438966044,105.56160801309414,-4.7369515717340014e-14,28.956928579408547,10171.493047548078,8106.750785920069,-1.2631870857957336e-14,-1.4555555555555613,5159.965277777777,2723.7632175925924,-2.842170943040401e-14,-2.0294026659319937,11910.777056933941,12274.280214362594,-1.2631870857957336e-14,-19.535802469135806,3764.777777777778,3427.3612817215367,9.473903143468002e-15,59.73579323080158,14352.05717385162,7007.887252633324,6.315935428978668e-15,17.32407407407407,9554.006944444445,4976.633078703704
61,-0.7533981675141179,0.12805212286623716,1.2262862922089561,1.2659486077924171,58.055933333333336,57.60945,339.1134219395061,736.4704242348765,90.10475893623084,90.10475893623084,47719.11448777895,47719.11448777895,144.0,144.0,30139.277777777777,30139.277777777777,108.54601891339583,71.81177684908309,29172.746681666868,82158.7030846304,171.2,112.75,11309.400000000001,54369.569444444445,71.81177684908309,108.54601891339583,82158.7030846304,29172.746681666868,112.75,171.2,54369.569444444445,11309.400000000001,-4.4408920985006264e-17,0.03740468219916533,1.2262862922089561,0.7186901720863829,-1.4210854715202005e-15,-1.3074492592592566,339.1134219395062,373.27550908488894,-2.842170943040401e-15,-123.58621126121879,47719.11448777894,12497.090162467146,0.0,-99.81444444444446,30139.277777777777,10137.4269218107,-5.684341886080802e-15,-139.1811508014201,29172.746681666868,23344.649279533234,1.1368683772161604e-14,-126.12666666666667,11309.400000000001,16962.770368998623,1.1368683772161604e-14,-108.18213544524217,82158.70308463038,11620.159350307345,0.0,-74.68111111111111,54369.569444444445,6937.415783264747
62,-0.11278965885201273,-0.3898539969828881,0.1440583203966011,0.6687623636785354,51.4465925925926,54.382074074074076,30.569241347993838,211.55461104243827,256.05284626429227,256.05284626429227,17573.54481922774,17573.54481922774,255.5,255.5,7980.875,7980.875,187.76912809580938,324.24660712883696,20237.960915978147,32857.87438346725,218.0,285.27777777777777,3698.25,26050.381944444445,324.24660712883696,187.76912809580938,32857.87438346725,20237.960915978147,285.27777777777777,218.0,26050.381944444445,3698.25,6.1679056923619804e-18,-0.34427996246625686,0.14405832039660108,0.38972559981968075,-8.68441121484567e-15,-4.730811111111109,30.56924134799383,46.778657701751534,1.578983857244667e-14,34.99618973037826,17573.54481922774,3930.0569052480387,0.0,6.3839506172839435,7980.875,1048.5506747256513,3.157967714489334e-15,92.70484006205483,20237.960915978147,7884.145053707808,0.0,32.30370370370369,3698.2500000000005,4439.784344135803,-6.315935428978668e-15,-23.232458045143378,32857.87438346725,7583.436720177667,6.315935428978668e-15,-22.78703703703704,26050.381944444445,751.7793749999998
63,-0.5596880331706545,-0.1120145447465558,1.8975557521202466,1.3239815242197113,46.5115925925926,57.431611111111096,365.2208777021606,345.6380109444445,279.7891465078349,279.7891465078349,6792.22189231798,6792.22189231798,301.22222222222223,301.22222222222223,7261.381944444443,7261.381944444443,272.9277517031097,286.33522755100324,12393.146902110779,13979.01256973291,283.8888888888889,300.3888888888889,7344.548611111113,12816.173611111113,286.33522755100324,272.9277517031097,13979.01256973291,12393.146902110779,300.3888888888889,283.8888888888889,12816.173611111113,7344.548611111113,1.603655480014115e-16,-0.11609588515421804,1.8975557521202466,0.8652316537763686,-7.500173321912169e-15,-2.229607407407407,365.2208777021605,114.12171824187504,-9.473903143468002e-15,61.36985666764786,6792.221892317981,3535.922324265734,-6.315935428978668e-15,57.18641975308641,7261.381944444444,2954.705278635117,6.315935428978668e-15,64.25552977392115,12393.14690211078,3547.9270182093937,-2.5263741715914672e-14,54.7358024691358,7344.548611111111,2414.6087354252404,-1.578983857244667e-14,57.713790053508774,13979.012569732906,6643.499806644734,-2.5263741715914672e-14,44.78086419753086,12816.173611111113,3299.006698388203
64,-0.45439487649135585,-0.4737982711189562,0.6290769643457853,1.3343585313392492,57.3683,54.43760000000001,151.6860815975309,402.04143651975306,139.0834882281915,139.0834882281915,34331.64709133568,34331.64709133568,200.4,200.4,11162.266666666665,11162.266666666665,103.01951695618553,175.88735336561012,36905.952039310556,56416.5320756654,157.65,239.6,8223.447222222223,23993.1,175.88735336561012,103.01951695618553,56416.5320756654,36905.952039310556,239.6,157.65,23993.1,8223.447222222223,-2.2204460492503132e-17,-0.5345453826837517,0.6290769643457853,0.9216321749556635,2.842170943040401e-15,-4.548062592592592,151.68608159753092,340.56993976565974,2.2737367544323207e-14,-69.70960904006208,34331.64709133568,14653.856663533345,-2.842170943040401e-15,-37.774444444444455,11162.266666666666,4593.464946502059,-2.842170943040401e-15,-35.6582244806141,36905.952039310556,18817.862271880796,-5.684341886080802e-15,-0.6316666666666692,8223.447222222223,7953.606680727024,1.7053025658242404e-14,-103.30107975079974,56416.5320756654,16315.626983004518,0.0,-75.54611111111112,23993.1,4495.818662894377
65,0.010465825688606534,0.2931430672721135,0.32831020147559353,1.013202875621891,37.67996666666666,63.51481666666666,198.1871986901234,201.39817920030848,239.57717055572502,239.57717055572502,21191.624842334684,21191.624842334684,234.25,234.25,14105.236111111111,14105.236111111111,210.99479929895975,268.9433882778487,12022.151763862661,49203.11038831839,193.6,284.05,10940.87777777778,29289.025000000005,268.9433882778487,210.99479929895975,49203.11038831839,12022.151763862661,284.05,193.6,29289.025000000005,10940.87777777778,-1.1102230246251566e-17,0.27888202592531414,0.32831020147559353,0.32373871721146646,7.105427357601002e-15,2.5603207407407416,198.1871986901234,46.80169471915084,5.684341886080802e-15,40.83344152022481,21191.62484233468,8742.604178974541,0.0,-0.5394444444444503,14105.236111111111,5190.721937242799,2.842170943040401e-15,68.19533866590191,12022.151763862661,16428.64792685587,5.684341886080802e-15,47.413333333333334,10940.877777777778,7752.321455418381,0.0,13.979806083198326,49203.1103883184,5419.483826070328,-1.1368683772161604e-14,-35.15111111111111,29289.024999999998,3859.2748820301777
66,-0.37976917585118,-0.00833964764572106,1.0261127010225877,0.9482757586479189,52.43605,53.58085,434.9920840867283,434.19584102129625,201.76146081574697,201.76146081574697,19998.319708813488,19998.319708813488,262.1,262.1,5523.211111111112,5523.211111111112,259.6337315666537,143.78984446684066,14781.29876713584,38391.767224499075,309.25,224.0,5381.791666666666,12639.055555555553,143.78984446684066,259.6337315666537,38391.767224499075,14781.29876713584,224.0,309.25,12639.055555555553,5381.791666666666,-5.828670879282072e-17,-0.06162418914649911,1.026112701022588,0.6859549061902589,-2.1316282072803005e-15,-5.8980375925925905,434.9920840867283,241.7919646549138,1.1368683772161604e-14,-0.7638391937510477,19998.319708813488,8600.990027154148,-2.2737367544323207e-14,30.095555555555553,5523.211111111112,3800.057625514404,6.252776074688882e-14,-52.09431191833674,14781.29876713584,18177.042391600527,0.0,-1.0716666666666712,5381.791666666667,7087.970112825789,1.7053025658242404e-14,50.10338396979153,38391.76722449907,7774.674021975828,0.0,74.49388888888889,12639.055555555555,4504.356662894376
67,0.6760322086582944,0.9186608609705729,0.42354556897528317,0.2171386385972576,63.762366666666665,78.78223333333332,203.4653603527778,273.8650482027778,-18.54829415879113,-18.54829415879113,28692.7565548771,28692.7565548771,84.6,84.6,23216.175,23216.175,-53.16973627842049,15.832438038051112,43497.05962590189,22443.469893504247,65.2,119.2,43739.575,13136.075,15.832438038051112,-53.16973627842049,22443.469893504247,43497.05962590189,119.2,65.2,13136.075,43739.575,-4.4408920985006264e-17,1.0655226849480266,0.4235455689752831,0.3438143056400941,2.842170943040401e-15,21.970440000000004,203.4653603527778,136.06789739563888,-5.684341886080802e-15,-210.83401662589236,28692.756554877105,11217.859376529246,0.0,-141.82,23216.175,11684.210749999998,0.0,-167.59171508299744,43497.05962590189,9552.598619561286,2.842170943040401e-15,-94.72,43739.575,6331.750749999999,0.0,-254.68318382198336,22443.46989350425,13684.747802080745,0.0,-171.05,13136.075,19849.18375
68,-0.3255377278984634,0.0222389856273376,0.5262475921173689,0.9884897344158929,52.7237037037037,55.10898148148148,15.65461511651234,287.39029101003075,90.42904651860653,90.42904651860653,26765.98304270361,26765.98304270361,169.55555555555554,169.55555555555554,11153.840277777777,11153.840277777777,58.24679182333317,122.6099470841771,36707.172688724946,25857.6179006963,136.33333333333334,211.38888888888889,20763.937499999996,7766.861111111111,122.6099470841771,58.24679182333317,25857.6179006963,36707.172688724946,211.38888888888889,136.33333333333334,7766.861111111111,20763.937499999996,8.018277400070575e-17,0.04417434580547439,0.5262475921173689,0.4501917164287935,3.157967714489334e-15,-3.8620024691358004,15.654615116512344,57.99303968221276,0.0,-149.03025443149482,26765.98304270361,15112.000676315913,1.2631870857957336e-14,-89.10987654320988,11153.840277777777,5288.367830075446,6.315935428978668e-15,-123.32319067954683,36707.172688724946,23603.05645113149,-9.473903143468002e-15,-50.65925925925925,20763.937499999996,10358.879020061728,1.8947806286936004e-14,-175.15886765591515,25857.617900696296,24110.743903931492,3.157967714489334e-15,-112.66358024691358,7766.861111111111,10588.73200703018
69,0.6138088129529186,-0.3128004833089529,0.18746242599410012,0.6124819532687803,77.13377777777777,57.42601851851852,34.646700868055525,164.64865985725302,407.24559221485896,407.24559221485896,12865.523647755781,12865.523647755781,390.72222222222223,390.72222222222223,4761.819444444444,4761.819444444444,553.1485096497513,263.50760481737376,37135.29962006702,5791.886144662519,522.5,245.77777777777777,17054.9375,3628.694444444444,263.50760481737376,553.1485096497513,5791.886144662519,37135.29962006702,245.77777777777777,522.5,3628.694444444444,17054.9375,1.2335811384723961e-17,-0.18649328525844036,0.1874624259941001,0.48913745704136663,9.473903143468002e-15,1.1672650205761315,34.64670086805555,56.19100591286652,-6.315935428978668e-15,202.98812967545234,12865.523647755783,7981.037635185153,-6.315935428978668e-15,156.63086419753088,4761.819444444444,4392.2744144375865,-1.0737090229263736e-13,72.5635468121407,37135.299620067024,3238.953310627781,0.0,26.637037037037032,17054.9375,744.3871219135802,-3.473764485938268e-14,335.3981454741914,5791.886144662518,24416.268500935625,6.315935428978668e-15,277.3240740740741,3628.6944444444443,12317.085856481483
70,0.8427872742807783,-0.11771988904361697,0.28196495481846556,0.585935857254083,78.51871666666666,59.81699999999999,157.6689547657406,182.19822812962957,290.90173379961186,290.90173379961186,16508.08583019836,16508.08583019836,291.35,291.35,7955.169444444446,7955.169444444446,234.92669887004791,347.1348747584317,16892.94799045805,29665.80384216668,237.9,320.85,3996.988888888889,15339.502777777778,347.1348747584317,234.92669887004791,29665.80384216668,16892.94799045805,320.85,237.9,15339.502777777778,3996.988888888889,-3.3306690738754695e-17,-0.04874878553119909,0.2819649548184656,0.259893500515198,1.4210854715202005e-15,2.9463790740740756,157.6689547657407,61.55823608852159,4.263256414560601e-14,97.29046108850035,16508.085830198357,5899.998936579949,-2.2737367544323207e-14,62.27055555555555,7955.169444444444,3055.441221193416,1.7053025658242404e-14,148.78001510359363,16892.94799045805,3872.7085936735425,-5.684341886080802e-15,88.64333333333332,3996.988888888889,2904.523023319615,-8.526512829121202e-15,45.73085430234481,29665.80384216668,22273.804710757755,-2.2737367544323207e-14,12.828888888888887,15339.502777777778,8693.637721536354
80,0.6240401141068077,-0.2766844077078899,0.4347463057893908,0.9937352945737365,76.57216666666666,59.74596666666666,93.86597259876542,355.76225590617287,195.1990128987473,195.1990128987473,10597.203614972941,10597.203614972941,198.0,198.0,5929.9444444444425,5929.9444444444425,186.90983565975628,203.81876179877122,10400.12480007435,15999.670271877878,184.6,204.45,8070.822222222221,8703.025000000001,203.81876179877122,186.90983565975628,15999.670271877878,10400.12480007435,204.45,184.6,8703.025000000001,8070.822222222221,1.6653345369377348e-16,-0.334188148091404,0.4347463057893907,0.3651614107257106,4.263256414560601e-15,1.0408166666666663,93.86597259876541,73.26712366123452,5.684341886080802e-15,-39.8018303386934,10597.20361497294,4009.463343340209,0.0,-21.019999999999996,5929.944444444445,2663.6801111111113,-8.526512829121202e-15,-32.12327333425792,10400.12480007435,7258.140940047942,5.684341886080802e-15,-17.054999999999996,8070.822222222221,3553.057472222222,-5.684341886080802e-15,-47.341306859371365,15999.670271877878,4463.853170256108,1.1368683772161604e-14,-34.92,8703.025000000001,4277.261777777779
81,1.132503174165763,0.38236547795815434,0.15573112778414294,0.6528468048466274,67.03408333333333,67.4068,311.79444475462975,734.667032060494,260.25435769189016,260.25435769189016,6310.268347178648,6310.268347178648,223.6,223.6,4174.766666666666,4174.766666666666,245.54688847037013,275.1640791709025,12498.781692432334,5252.747972691529,231.2,219.7,6959.122222222225,5107.51111111111,275.1640791709025,245.54688847037013,5252.747972691529,12498.781692432334,219.7,231.2,5107.51111111111,6959.122222222225,2.2204460492503132e-17,0.37570804358053567,0.15573112778414294,0.3950083563221921,5.684341886080802e-15,7.747841666666669,311.79444475462975,192.77171740081792,1.1368683772161604e-14,31.759048933763758,6310.268347178644,2556.6184846574083,5.684341886080802e-15,7.140000000000001,4174.766666666666,1454.8687777777777,-3.979039320256561e-14,45.08574931893475,12498.781692432338,3535.9406589253567,1.1368683772161604e-14,2.855000000000004,6959.122222222222,2534.989694444445,5.684341886080802e-15,18.43027768845557,5252.747972691528,5647.916724056991,1.1368683772161604e-14,13.205000000000002,5107.51111111111,2460.8346944444443
82,-0.20439631077111603,-0.060416855184709704,0.23208560104729406,1.1962409446021278,62.16011666666667,55.051550000000006,92.11520399413581,623.4882945558645,206.60522292912896,206.60522292912896,7223.597132350821,7223.597132350821,205.6,205.6,2692.433333333333,2692.433333333333,145.7831051846992,268.0593470695643,4623.312492348683,13705.257150990412,139.2,279.75,2786.177777777778,10002.458333333334,268.0593470695643,145.7831051846992,13705.257150990412,4623.312492348683,279.75,139.2,10002.458333333334,2786.177777777778,6.661338147750939e-17,-0.20076423805601626,0.23208560104729412,0.9104054083985873,-1.4210854715202005e-15,-5.0948049999999965,92.11520399413581,324.3721993671636,2.1316282072803006e-14,-27.254999305273564,7223.597132350821,2023.1372013577877,5.684341886080802e-15,-12.66,2692.433333333334,801.3621111111112,2.842170943040401e-14,28.00463888902945,4623.312492348683,2868.718861981899,1.1368683772161604e-14,53.70500000000002,2786.1777777777775,2902.7385833333333,-5.684341886080802e-15,-82.0439788073491,13705.257150990412,3124.0138619986033,0.0,-72.79,10002.458333333336,2515.5854444444444
83,0.3347999378654176,-0.2478566070579092,1.1016377955104055,1.042969055375693,71.64646666666667,58.34946666666667,245.9160367271606,691.1931648691358,246.02099530103754,246.02099530103754,7555.0997033027625,7555.0997033027625,221.8,221.8,2927.8999999999996,2927.8999999999996,276.81333147355224,215.31185703509718,6445.580439216233,14255.8660063746,247.25,202.95,5093.458333333335,4885.969444444444,215.31185703509718,276.81333147355224,14255.8660063746,6445.580439216233,202.95,247.25,4885.969444444444,5093.458333333335,-5.551115123125783e-17,-0.33428436506556236,1.1016377955104055,0.36387458521452465,7.105427357601002e-16,-0.8482533333333322,245.9160367271606,287.8944044567778,-1.1368683772161604e-14,16.102350303825848,7555.099703302759,1699.647801078704,-1.1368683772161604e-14,5.160000000000002,2927.9,971.0310000000003,5.400124791776761e-14,-11.639828516552328,6445.580439216234,3333.7661123955695,0.0,-12.289999999999996,5093.458333333333,1419.1115555555548,3.126388037344441e-14,43.71149847805724,14255.8660063746,3338.320830046178,1.1368683772161604e-14,27.579999999999995,4885.969444444445,2124.2395555555554
84,-0.9628334958382132,-0.39299096497328134,1.74356499420109,1.2285738851807642,18.900733333333335,51.51345000000001,167.82421074197535,183.8439494262346,283.84611131000963,283.84611131000963,9813.98968374356,9813.98968374356,261.3,261.3,3866.788888888889,3866.788888888889,289.5426597805591,278.53438794991087,6564.240338375948,21425.377634496694,282.65,251.1,7359.391666666667,7116.044444444445,278.53438794991087,289.5426597805591,21425.377634496694,6564.240338375948,251.1,282.65,7116.044444444445,7359.391666666667,6.661338147750939e-17,-0.6091820663512977,1.74356499420109,0.7965488546972279,-1.4210854715202005e-15,-12.958843333333334,167.82421074197535,94.21988054180254,1.9895196601282804e-14,57.709977913695184,9813.98968374356,3859.180678026277,-1.1368683772161604e-14,48.61,3866.788888888889,2278.1904444444444,-8.526512829121202e-15,52.85563522896196,6564.2403383759465,8270.01210440619,2.2737367544323207e-14,39.4,7359.391666666667,2171.959444444445,-6.252776074688882e-14,62.76307987654544,21425.377634496694,3972.059565344401,5.684341886080802e-15,67.795,7116.044444444444,4864.971361111111
85,0.27881324554594805,0.21577116619237838,0.3242056277378553,1.2571856588134307,63.42743333333334,61.26133333333333,139.43420376049386,605.7673453271605,318.28380054512814,318.28380054512814,10037.448161968287,10037.448161968287,257.2,257.2,4023.8444444444444,4023.8444444444444,373.7914609344265,263.3363748401388,12128.512641471194,12087.248853847288,309.2,222.85,8156.900000000001,6074.002777777778,263.3363748401388,373.7914609344265,12087.248853847288,12128.512641471194,222.85,309.2,6074.002777777778,8156.900000000001,2.2204460492503132e-17,0.12374473895277827,0.3242056277378552,0.5189647613584174,-5.684341886080802e-15,1.2417100000000025,139.43420376049383,208.5991830583458,-5.1159076974727215e-14,95.59143607232548,10037.448161968288,2791.855945436235,1.1368683772161604e-14,44.1,4023.8444444444444,1240.5094444444444,5.968558980384842e-14,46.08250223457668,12128.512641471192,3996.274280224385,1.1368683772161604e-14,13.805000000000003,8156.900000000001,1481.7985833333332,1.1368683772161604e-14,145.49207971943565,12087.248853847288,3946.4382172406686,5.684341886080802e-15,91.51999999999998,6074.002777777778,3768.1106666666656
86,-0.2928537485843331,0.19995783809787174,1.082760421381495,1.1511468713144886,62.871333333333325,60.403549999999996,270.9146027222222,390.2451207595679,302.04843993450095,302.04843993450095,17760.038119300665,17760.038119300665,258.5,258.5,6168.444444444443,6168.444444444443,311.33370655431975,292.6847874756491,19032.210880200208,18297.46796616057,255.35,260.6,7233.613888888889,10865.6,292.6847874756491,311.33370655431975,18297.46796616057,19032.210880200208,260.6,255.35,10865.6,7233.613888888889,4.4408920985006264e-17,0.05076471144524351,1.0827604213814948,0.5191920303828617,6.394884621840902e-15,0.3283166666666652,270.9146027222221,50.72546190876548,-5.400124791776761e-14,77.73253940063556,17760.03811930067,5373.09200094381,0.0,45.529999999999994,6168.444444444444,1677.9073333333333,7.389644451905042e-14,69.1851394320763,19032.210880200204,4176.80600973815,5.684341886080802e-15,46.17000000000001,7233.613888888889,2706.627333333334,-1.7053025658242404e-14,85.96916660287995,18297.467966160566,8172.891190118254,-2.2737367544323207e-14,41.44500000000001,10865.6,3075.7091388888894
87,0.25189067814996335,0.6828529512965609,0.4341597750114039,0.91596990166719,73.72971666666668,66.86940000000001,316.7885631916668,500.488927291358,133.44745824695067,133.44745824695067,11430.383162693011,11430.383162693011,154.6,154.6,1944.9888888888886,1944.9888888888886,138.49600429936885,128.31664344808433,16708.019719195905,9700.803585431015,167.8,138.7,1440.677777777778,4063.0666666666675,128.31664344808433,138.49600429936885,9700.803585431015,16708.019719195905,138.7,167.8,4063.0666666666675,1440.677777777778,2.2204460492503132e-17,0.5881342673173625,0.4341597750114039,0.3300928651371875,-7.105427357601002e-15,7.8800050000000015,316.78856319166675,71.17567773778086,1.4210854715202005e-15,-107.72854045566969,11430.383162693011,4877.208064586773,5.684341886080802e-15,-68.76,1944.988888888889,869.8265555555555,-3.552713678800501e-14,-112.46677482098353,16708.019719195905,3601.0676016046923,-1.1368683772161604e-14,-84.48499999999999,1440.6777777777777,2364.8128055555558,5.684341886080802e-15,-103.30535005482753,9700.803585431015,9404.992087371827,1.1368683772161604e-14,-58.295,4063.0666666666675,1176.7624722222224
88,0.3729543467157237,0.2339150375966716,0.7098000265293063,0.950843503405475,66.73155,61.83923333333333,380.8111179262346,345.4914723777777,219.3339918300951,219.3339918300951,5814.516023787393,5814.516023787393,205.15,205.15,814.3916666666668,814.3916666666668,201.3343436749305,237.4451986341212,6877.464689101288,8761.449614946989,209.6,185.3,1178.4888888888888,2516.4,237.4451986341212,201.3343436749305,8761.449614946989,6877.464689101288,185.3,209.6,2516.4,1178.4888888888888,-1.1102230246251566e-17,0.15130272047404916,0.7098000265293062,1.1205034924060926,2.842170943040401e-15,2.1500216666666665,380.8111179262346,73.02851050580553,4.263256414560601e-15,-13.253353514210824,5814.516023787393,4985.62894238463,-5.684341886080802e-15,-13.154999999999998,814.3916666666667,1661.1958055555556,1.9895196601282804e-14,2.9456143026095063,6877.464689101288,5267.767324388671,5.684341886080802e-15,-33.705,1178.4888888888888,3740.73636111111,1.4210854715202004e-14,-29.554155160662134,8761.449614946989,6866.772060414889,-1.1368683772161604e-14,-11.834999999999997,2516.4,2055.9011388888885
89,0.15641380679089895,-0.007127233632392131,0.5253235140897554,0.3326206588059865,60.90531666666666,55.38204999999999,32.479806150925924,73.80014981512349,284.740556637585,284.740556637585,14377.064165814407,14377.064165814407,254.2,254.2,4966.733333333334,4966.733333333334,287.8235572919627,281.44175056970306,11290.556044651901,19990.258926015107,244.4,264.2,4471.544444444445,7361.622222222223,281.44175056970306,287.8235572919627,19990.258926015107,11290.556044651901,264.2,244.4,7361.622222222223,4471.544444444445,-2.2204460492503132e-17,-0.11139360474749713,0.5253235140897554,0.7064015206696411,9.947598300641402e-15,-4.889785000000001,32.479806150925924,275.6362133823734,6.536993168992921e-14,58.69386777402811,14377.064165814407,7051.350230652784,1.1368683772161604e-14,40.8,4966.733333333334,3348.631666666667,8.526512829121202e-15,55.59108759989463,11290.556044651898,10496.287410519439,-5.684341886080802e-15,48.67500000000001,4471.544444444446,6636.232361111111,5.400124791776761e-14,61.33471364992823,19990.2589260151,6941.52071939301,1.1368683772161604e-14,30.855,7361.622222222221,3196.352472222223
90,-0.4922542302049111,0.4692911153564944,0.78199470327931,0.15456388122120338,39.64475,65.80086666666666,75.12976745833332,467.9691654555555,95.42749794808094,95.42749794808094,7383.240373639115,7383.240373639115,148.25,148.25,1911.1805555555557,1911.1805555555557,88.95529366610232,102.21699899810517,7131.212738681857,11440.896028841067,128.4,170.05,1958.9333333333332,4248.13611111111,102.21699899810517,88.95529366610232,11440.896028841067,7131.212738681857,170.05,128.4,4248.13611111111,1958.9333333333332,-8.881784197001253e-17,0.3001579405418084,0.7819947032793099,0.09410001958151527,-2.4868995751603505e-15,3.4029750000000023,75.12976745833332,75.8530182384722,-8.526512829121202e-15,-149.5504967844264,7383.240373639115,2745.8141811866753,0.0,-75.74500000000002,1911.1805555555557,939.3458055555553,-8.526512829121202e-15,-143.52049033428935,7131.212738681857,5301.650901476261,-5.684341886080802e-15,-57.075,1958.9333333333332,1742.1156944444451,-1.1368683772161604e-14,-155.45602513309194,11440.896028841067,2599.8240548268586,-1.1368683772161604e-14,-94.56000000000002,4248.136111111111,1900.7982222222226
100,-0.1118545294111768,-0.10188803876601456,0.8750147324274302,0.42376557940561943,46.73985,55.791466666666665,168.78684236697532,506.1680120419754,199.94401368002502,199.94401368002502,22504.130077556285,22504.130077556285,203.85,203.85,8634.447222222223,8634.447222222223,174.96656665571282,225.2284157875885,15714.312235289835,36690.74924523992,188.75,212.2,4728.791666666668,14357.066666666668,225.2284157875885,174.96656665571282,36690.74924523992,15714.312235289835,212.2,188.75,14357.066666666668,4728.791666666668,4.4408920985006264e-17,0.06947260482232775,0.8750147324274302,0.40033928837037874,2.4868995751603505e-15,1.477804074074075,168.7868423669753,139.99340665079245,5.684341886080802e-15,-109.48961414939345,22504.130077556285,4203.230616078334,5.684341886080802e-15,-52.73833333333333,8634.447222222223,1465.372479080933,1.7053025658242404e-14,-86.50555701515164,15714.312235289839,7809.086592652122,0.0,-46.862222222222215,4728.791666666666,2918.4057325102885,8.526512829121202e-15,-132.22500947774955,36690.74924523992,4015.2577660521474,1.1368683772161604e-14,-68.55666666666669,14357.066666666668,1272.7972620027435
101,-0.3411303893711995,-0.24458845085555042,1.4040801364026578,1.3170687845130504,59.04770370370371,53.13538888888889,435.73460064429025,356.75596140277776,421.8961482566683,421.8961482566683,21793.004481824282,21793.004481824282,330.72222222222223,330.72222222222223,8728.756944444445,8728.756944444445,411.71713412526503,432.2606831898886,21892.02806083394,28999.301476333538,332.6666666666667,358.22222222222223,11684.4375,19239.006944444445,432.2606831898886,411.71713412526503,28999.301476333538,21892.02806083394,358.22222222222223,332.6666666666667,19239.006944444445,11684.4375,0.0,-0.09902169585658777,1.4040801364026578,1.2627243072807086,-3.947459643111668e-15,-1.2667833333333307,435.73460064429025,575.2923902318056,4.421154800285068e-14,131.98178767588317,21793.004481824275,7206.490479433079,-6.315935428978668e-15,86.0111111111111,8728.756944444445,3610.8961111111107,3.789561257387201e-14,139.89855175739706,21892.028060833938,10363.580299665007,-1.8947806286936004e-14,110.98333333333332,11684.4375,8701.926875000001,2.5263741715914672e-14,124.19288513187172,28999.30147633354,7191.892802327692,-6.315935428978668e-15,91.32222222222221,19239.006944444445,5838.813819444444
102,-0.5247182248795279,-0.06956326157586057,0.16799753640763446,0.9009777657989617,56.75678333333333,52.1164,29.618813179320984,473.31152715555555,310.2301652276023,310.2301652276023,17253.365652047174,17253.365652047174,261.85,261.85,6042.669444444446,6042.669444444446,331.19029156242084,289.68168290431197,15097.72885389044,25332.86831017805,293.0,240.85,5346.666666666667,9981.391666666668,289.68168290431197,331.19029156242084,25332.86831017805,15097.72885389044,240.85,293.0,9981.391666666668,5346.666666666667,3.3306690738754695e-17,0.06051101246564659,0.16799753640763446,0.6271762277862545,1.4210854715202005e-15,-1.1955692592592606,29.618813179320984,129.1716435661943,0.0,11.825152552941555,17253.365652047174,3482.887963036442,-2.2737367544323207e-14,11.061666666666673,6042.669444444446,1886.2091457475997,-1.4210854715202004e-14,-6.429917407757282,15097.72885389044,3833.522364068849,0.0,-7.787222222222224,5346.666666666667,1783.3766738683132,7.389644451905042e-14,30.444042140630792,25332.868310178048,7375.065388705559,5.684341886080802e-15,38.55833333333332,9981.391666666668,6264.345907064471
103,0.058803751241530235,-0.3013686902193184,1.1166299400290596,0.5683739876269619,59.7636,49.90881666666667,50.994995637037015,358.3814355398148,361.77974262005125,361.77974262005125,15972.602134028952,15972.602134028952,294.25,294.25,7478.569444444444,7478.569444444444,401.45001130396867,321.79858497264433,25666.492867570043,11079.617590402851,325.85,258.8,12801.78055555556,4775.233333333334,321.79858497264433,401.45001130396867,11079.617590402851,25666.492867570043,258.8,325.85,4775.233333333334,12801.78055555556,3.2612801348363975e-17,-0.11294221856570537,1.1166299400290596,0.5899033549195614,4.263256414560601e-15,-3.1024709259259238,50.99499563703705,96.88212664348274,5.684341886080802e-15,68.52968768463542,15972.602134028952,1518.446738665444,0.0,46.70166666666667,7478.569444444444,1002.6100346364888,-1.1368683772161604e-14,32.71295663472974,25666.492867570036,1136.7242940804454,-2.2737367544323207e-14,13.447777777777778,12801.780555555555,696.7313251028809,-4.831690603168681e-14,103.91545208901184,11079.617590402855,4647.091059827882,-1.1368683772161604e-14,73.20333333333332,4775.233333333333,3034.3437805212616
104,-0.17422978093273597,0.009293820876439682,1.0593640933705457,0.31847110447396526,41.20922222222222,51.61757407407407,209.6341489305555,255.88160941049378,263.15489849047464,263.15489849047464,23536.635379558105,23536.635379558105,236.61111111111111,236.61111111111111,8478.048611111111,8478.048611111111,249.32997766542465,277.1652529917835,32419.923445999677,23043.77290073068,221.55555555555554,254.94444444444446,10742.215277777777,12341.840277777776,277.1652529917835,249.32997766542465,23043.77290073068,32419.923445999677,254.94444444444446,221.55555555555554,12341.840277777776,10742.215277777777,-2.4671622769447922e-17,0.15486057587540233,1.059364093370546,0.32277653530264466,-2.7632217501781674e-15,-2.784598148148148,209.6341489305555,89.01850787239202,7.263325743325468e-14,-26.759462090310492,23536.6353795581,6018.007708008993,-3.157967714489334e-15,-8.099999999999996,8478.048611111111,2640.6537499999995,-1.8947806286936004e-14,-15.196878440708069,32419.923445999684,4872.482102070065,1.2631870857957336e-14,7.705555555555555,10742.21527777778,3651.3046527777783,1.2631870857957336e-14,-38.19427132796872,23043.77290073068,12527.72591774828,-1.2631870857957336e-14,-19.788888888888895,12341.840277777777,3803.8929861111114
105,-0.3361470632701044,-1.1281626681799233,0.40183537084368387,1.2633434387059383,41.45198333333333,45.943133333333336,83.26683534845678,518.4050725728395,423.4266000881438,423.4266000881438,9151.375296410975,9151.375296410975,306.15,306.15,3566.8916666666664,3566.8916666666664,374.03353092063355,471.21354728441264,9504.191365165605,18006.430330296,236.85,364.75,1900.5583333333327,7889.291666666663,471.21354728441264,374.03353092063355,18006.430330296,9504.191365165605,364.75,236.85,7889.291666666663,1900.5583333333327,-3.3306690738754695e-17,-0.9792312779774737,0.40183537084368387,1.24772341138529,1.0658141036401502e-15,-8.899315925925922,83.26683534845678,155.3302010584715,1.1368683772161604e-14,136.34123089953718,9151.375296410975,5123.561214229755,2.2737367544323207e-14,59.79166666666667,3566.891666666667,2681.7176148834023,4.263256414560601e-14,179.38627090816462,9504.191365165605,6535.805813833952,5.684341886080802e-15,110.49777777777777,1900.5583333333334,3416.742991769547,3.979039320256561e-14,91.44046793685364,18006.430330296,9468.77596678779,0.0,-5.201666666666673,7889.291666666667,5089.516721879288
106,-0.06613332251050473,-0.5022692329840746,0.8937641341043366,0.6549697877307294,57.117399999999996,52.71909999999999,208.48224083456793,178.95377169259262,461.179855226071,461.179855226071,16042.546781041348,16042.546781041348,350.45,350.45,5634.580555555555,5634.580555555555,538.888532274652,383.77400576084074,24252.19382973721,15873.812992660112,425.95,281.1,13607.691666666668,5722.488888888889,383.77400576084074,538.888532274652,15873.812992660112,24252.19382973721,281.1,425.95,5722.488888888889,13607.691666666668,0.0,-0.32633646870566513,0.8937641341043366,0.6929559210939847,2.842170943040401e-15,-0.5568075925925935,208.48224083456793,86.12019561371314,0.0,177.86981155125713,16042.546781041348,5282.771085592872,1.1368683772161604e-14,108.52166666666668,5634.580555555555,1932.4835901920435,2.2737367544323207e-14,108.43222951999451,24252.19382973721,4385.763514050699,1.1368683772161604e-14,45.757777777777775,13607.691666666668,1717.0936090534976,-1.7053025658242404e-14,247.55151513851487,15873.812992660116,12880.84428164017,-2.2737367544323207e-14,175.53333333333336,5722.488888888889,5669.415891632371
107,0.20925485169733302,0.5456011217074623,0.9455812692801933,0.2492245966707367,67.72288333333334,63.55998333333334,97.4498269138889,387.5523233484568,107.49215881707292,107.49215881707292,9475.028758223656,9475.028758223656,121.95,121.95,2895.0249999999987,2895.0249999999987,127.80750813424322,86.8429240810357,10928.8950558909,14392.053225662072,134.15,110.35,2863.2805555555556,7917.224999999999,86.8429240810357,127.80750813424322,14392.053225662072,10928.8950558909,110.35,134.15,7917.224999999999,2863.2805555555556,6.106226635438361e-17,0.7490727034066558,0.945581269280193,0.1625813903709705,-9.237055564881303e-15,11.344624074074073,97.44982691388887,98.57675723288297,-5.684341886080802e-15,-211.18665449864073,9475.028758223656,3028.6784904947813,-2.842170943040401e-15,-142.82833333333332,2895.025,1200.3087753772295,2.842170943040401e-15,-229.6069545738514,10928.895055890898,6024.810700555383,-5.684341886080802e-15,-154.17222222222222,2863.280555555555,5800.308189300413,-7.105427357601002e-15,-193.22261716987444,14392.053225662074,4369.611469612864,5.684341886080802e-15,-133.34166666666664,7917.224999999999,1240.7267712620026
108,-0.06861782004729701,-0.6074056878506457,0.37639403940287575,0.44697073455402286,70.09449999999998,47.08415000000001,170.150021845679,277.62019145339514,219.29548733805603,219.29548733805603,22471.698967163717,22471.698967163717,208.7,208.7,7083.955555555556,7083.955555555556,187.13328366014628,251.8679600647767,24162.20401829982,30120.54215900214,190.35,219.15,14468.447222222223,9056.058333333332,251.8679600647767,187.13328366014628,30120.54215900214,24162.20401829982,219.15,190.35,9056.058333333332,14468.447222222223,5.551115123125783e-18,-0.43172137332591554,0.37639403940287575,0.518493493335726,1.7763568394002505e-14,-4.894047592592594,170.150021845679,96.8592070523442,-1.7053025658242404e-14,-88.20299312555935,22471.698967163717,4079.0602970182663,1.1368683772161604e-14,-47.40333333333333,7083.955555555555,2300.3121550068586,8.526512829121202e-15,-58.64934103752008,24162.20401829982,8945.122892995301,5.684341886080802e-15,-39.75222222222222,14468.447222222223,3898.1537942386835,-2.842170943040401e-15,-117.39433804559728,30120.54215900214,5389.837261413129,-5.684341886080802e-15,-66.26166666666668,9056.058333333332,5230.7550922496575
109,-0.05517257878056832,-0.051507834715283585,1.2158442055952912,1.3932325092056983,63.01145,51.870966666666675,631.790130950926,665.2790952641975,232.33014981809714,232.33014981809714,26359.471439243873,26359.471439243873,207.85,207.85,12029.280555555557,12029.280555555557,207.26932296279375,258.6737840895376,23021.645750242493,38031.405080551944,194.25,225.55,15523.180555555558,21100.30277777778,258.6737840895376,207.26932296279375,38031.405080551944,23021.645750242493,225.55,194.25,21100.30277777778,15523.180555555558,0.0,0.12552100393611954,1.2158442055952912,1.2867426873225343,-4.973799150320701e-15,-0.8155359259259235,631.7901309509259,802.6742063770857,-4.831690603168681e-14,-73.86486439751417,26359.471439243876,7669.893588896013,5.684341886080802e-15,-48.33833333333333,12029.280555555557,4063.4732198216743,-2.7000623958883806e-14,-49.82991308249445,23021.645750242496,19858.132675782617,0.0,-32.96222222222222,15523.180555555558,11583.414744855967,-2.5579538487363607e-14,-96.57771634047374,38031.405080551944,7109.450209885743,-1.1368683772161604e-14,-61.72166666666668,21100.30277777778,5757.767684842249
110,-0.41551585903034816,0.6544045113006518,1.6841759769801987,0.2705222565089413,26.961100000000005,66.5791,619.2083045753085,159.52047072345684,293.5510724119473,293.5510724119473,32628.82023743179,32628.82023743179,247.35,247.35,16423.002777777776,16423.002777777776,288.5201354178533,298.63733599539205,30500.37160605144,42371.15255370855,236.0,259.35,18048.61111111111,25042.224999999995,298.63733599539205,288.5201354178533,42371.15255370855,30500.37160605144,259.35,236.0,25042.224999999995,18048.61111111111,-4.4408920985006264e-17,0.795399021927077,1.6841759769801987,0.13954874438987994,-4.973799150320701e-15,10.287562407407409,619.2083045753087,36.9466179272001,0.0,-6.5218495442789335,32628.82023743179,9063.315540159447,5.684341886080802e-15,-4.888333333333331,16423.002777777776,5036.827293895747,5.684341886080802e-15,-1.7412799311340224,30500.37160605144,11720.83332983209,0.0,5.012777777777776,18048.61111111111,6049.997784979423,2.842170943040401e-15,-11.330548694828737,42371.15255370855,11354.347078772018,-2.2737367544323207e-14,-16.591666666666672,25042.225,6784.219363854593
