subID,partnerID,convo_flow,convo_enjoy,friends,speak,knew_before,know_now,common,similar,attractive,attracted_to,extraverted,fun,disclosed,comfortable_self,convo_order,round_robin_num,dyad,factor_1,factor_2,factor_3,factor_4
1,2,66,58,63,10,58,69,44,58,74,45,70,62,57,57,1,1,14,-1.0454095592990738,1.4142776473672403,1.2729217852939843,0.6614941410888654
1,4,100,87,94,67,0,65,58,37,55,49,36,60,55,88,2,1,34,0.34972052558947486,1.244862693673481,-0.7573851801035105,-0.0674690950590575
1,3,88,74,79,65,0,71,58,72,88,53,57,70,37,62,3,1,23,-0.16110645367389848,1.2380621273353918,0.993579849908537,-0.38374873933996156
1,5,96,93,100,80,78,74,82,88,63,52,61,73,79,92,4,1,42,0.7506558673445467,1.7817394509309388,0.29551832346037654,-1.0959747276064487
1,6,90,87,89,44,66,68,28,27,64,53,90,65,92,61,5,1,54,-0.20371980065260115,1.2669362971298648,0.38777540715485614,1.439496029402382
1,10,81,68,84,68,0,68,32,60,62,45,31,65,66,70,6,1,97,-0.3519258296350647,1.3048304902988193,0.14664570938304805,-0.19500702209801943
1,7,94,77,63,28,0,56,13,67,54,44,73,69,85,87,7,1,65,0.11254576832375743,0.4819074600943054,-0.17485690572811982,1.364011090796552
1,11,82,79,64,60,0,58,33,61,57,38,41,62,29,64,8,1,108,-0.05046159058589931,0.6104880063728753,-0.3511001394212816,-0.12247102683840247
1,9,75,63,62,22,0,79,63,70,60,46,46,46,76,86,9,1,86,-0.6768554293440487,2.111032623648333,-0.047305445540765725,-0.0993762381450827
1,8,92,97,100,41,0,87,40,78,60,56,100,89,77,72,10,1,79,0.46964369865919775,1.7628607562437293,0.790217228213001,0.9270784138415435
2,6,77,80,80,62,62,65,65,41,70,70,74,74,61,74,1,1,51,-0.2208069350724208,1.2421441010585734,0.873942327544561,0.4731940751884863
2,8,67,81,66,82,0,20,34,34,34,27,34,70,62,70,2,1,70,0.24665910360382853,-0.9544670487687309,-0.8629530011019481,0.08737217405032599
2,7,77,72,78,59,0,16,60,71,75,76,37,72,59,71,3,1,61,0.28639021822579996,-0.9875690835702117,0.8834386098114878,-0.7520110596486351
2,10,36,61,64,73,0,10,67,58,41,37,40,54,35,22,4,1,93,-0.6223436207530436,-1.0320959611640947,0.5972490702590353,-1.808807859152742
2,1,91,91,91,77,58,65,42,58,44,30,41,71,41,79,5,1,14,0.5071373203169038,1.083398633572939,-0.6225701740422133,-0.4222633704170394
2,3,36,17,23,64,0,8,19,21,57,57,33,20,11,19,6,1,22,-2.3915304522269247,-0.9886458842083112,0.7399304589518854,-0.7341690272829289
2,4,73,84,80,50,0,24,64,81,40,36,34,72,60,78,7,1,35,0.733570155716912,-0.6285738109760637,-0.3023780990978473,-1.0215566174848039
2,11,59,38,39,61,0,9,59,39,24,20,38,56,42,64,8,1,106,-0.8180277945706208,-1.0305757916294311,-0.23181385833585696,-0.36054418765970697
2,5,98,83,83,68,71,71,59,59,41,27,61,80,60,76,9,1,46,0.3528389244401324,1.4233669486281204,-0.21271969302693067,0.18402245122205504
2,9,77,76,67,78,8,22,65,63,44,27,19,78,65,78,10,1,84,0.5307859687839366,-0.7396556519444841,-0.4767155604198211,-0.6663629349769312
3,6,80,85,70,38,0,34,51,48,61,27,66,64,65,58,1,1,50,0.22947659673906187,-0.38790727897797134,-0.0345182176623976,0.3604748294878644
3,4,81,96,73,47,3,39,59,66,64,25,50,80,50,69,2,1,33,0.7621756844624697,-0.35163477769718265,-0.11174878517856326,0.0006754950494866551
3,2,65,69,72,42,10,36,55,42,60,45,61,70,60,70,3,1,22,-0.2828771542350221,-0.11550036011114602,0.6134750020526728,0.36228976807418356
3,1,64,72,39,49,17,34,41,39,41,27,61,51,48,80,4,1,23,-0.3145370412152306,-0.2389615970266839,-0.7650001829567911,0.4627645270637972
3,8,72,78,74,47,15,37,47,43,48,25,52,54,45,63,5,1,75,-0.045318253328257056,-0.0627227550113585,-0.3530719729655766,-0.25188763936649866
3,11,52,57,72,58,1,23,41,44,41,9,44,46,31,71,6,1,105,-0.5283071712771409,-0.5459177459286205,-0.1641497256513368,-0.9909029762176461
3,5,59,80,64,52,6,28,63,53,46,13,46,60,32,65,7,1,47,0.12182742905326205,-0.5312065122782116,-0.3766172664015241,-0.7191976483795637
3,7,60,65,68,52,17,51,60,58,56,21,54,73,57,75,8,1,67,-0.36611970993609905,0.5475063151780479,0.5053853249161409,-0.07515700318335837
3,9,77,70,71,53,13,33,55,55,59,14,48,68,36,66,9,1,89,0.05430693125888308,-0.383595896190078,0.15628167403760887,-0.34965483269328884
3,10,63,61,76,53,8,27,59,56,41,12,54,58,35,77,10,1,99,-0.157537175215986,-0.39268769266659276,0.07110777500115788,-0.9065869409753181
4,10,82,88,86,65,25,63,87,70,71,5,84,80,49,83,1,1,94,0.5454746412954237,0.8751953687972804,0.571779383951188,-0.4166129278389798
4,11,79,69,53,45,0,52,77,36,56,4,55,48,53,86,2,1,103,-0.274522388475279,0.7136268193555967,-0.7070326166723104,0.11019658740131226
4,5,68,59,44,43,0,45,31,35,53,1,79,71,40,83,3,1,41,-0.5668306004219382,-0.07644511211767918,0.07485276238227785,1.3785155696833526
4,3,74,69,67,54,0,53,44,52,78,3,39,56,11,86,4,1,33,-0.22065579541582875,0.38255331473212245,-0.075612931689266,-0.4198553616411969
4,1,100,100,100,50,0,60,87,82,95,2,96,100,58,100,5,1,34,1.3083025824548047,0.36165399152496996,1.0561469733416553,0.21055113477083043
4,2,100,100,100,47,4,54,93,94,100,4,98,100,63,97,6,1,35,1.416359131822665,0.1225344378445482,1.3104639114419103,-0.10276897807448862
4,8,92,88,62,46,0,52,63,33,78,5,71,44,53,95,7,1,76,0.24643642158807663,0.44471084163645375,-0.8147613667142901,0.41270742933981025
4,6,95,86,47,46,7,45,73,30,75,6,70,58,77,95,8,1,57,0.32415434624392825,0.11663334420113058,-0.7871419183303922,1.1048897756070573
4,7,98,95,83,56,0,53,90,86,92,4,39,87,72,89,9,1,64,1.1272200611624423,0.3131088091156977,0.21329533935340936,-0.5146338784182588
4,9,93,96,72,46,0,54,76,65,77,5,70,62,38,87,10,1,85,0.7582963172811362,0.3738427623176865,-0.34940143075784474,-0.26437086269844434
5,11,83,84,84,50,0,51,79,79,73,0,26,81,27,100,1,1,104,0.7835172995405486,0.28916123397659366,-0.056745757517339915,-0.9050750785056586
5,4,72,68,59,51,0,33,66,41,42,0,18,66,28,69,2,1,41,-0.03739129357525342,-0.2806271333611041,-0.7502679314382752,-0.34323183730954127
5,1,99,98,100,51,93,95,100,90,91,0,100,100,53,100,3,1,42,0.9252503004500627,2.181309343196243,1.2898486896692856,-0.012413623123546087
5,10,98,97,97,85,0,50,72,72,72,0,23,74,19,79,4,1,96,1.13294326513375,0.17963476546738008,-0.5267216082251268,-1.485944030863946
5,6,100,100,100,34,78,71,85,71,94,0,31,68,82,98,5,1,55,0.9090419591774294,1.4722003871190714,-0.13347976610657222,-0.5762775401159683
5,8,89,85,69,34,0,33,32,45,77,0,23,69,27,81,6,1,78,0.5013750817026874,-0.7441645313252756,-0.5964748007993196,0.3794598457574808
5,2,80,76,79,51,90,90,72,67,89,0,52,63,66,88,7,1,46,-0.255448685183473,2.368887195287844,0.49971760018601874,-0.36070740712971816
5,3,60,60,63,62,0,24,50,51,95,0,28,68,25,63,8,1,47,-0.36716485099483476,-0.9472684506714537,0.8587822526858614,-0.6138987060460203
5,9,76,86,83,51,15,50,77,77,67,0,38,73,66,97,9,1,88,0.6594467975550973,0.43954733977038934,-0.15758174456750657,-0.7951360594366169
5,7,81,90,89,51,0,56,66,59,49,0,35,70,51,83,10,1,68,0.5993838918035058,0.6671778137693785,-0.724319405790308,-0.5172748426509295
6,3,66,63,56,58,0,28,29,60,59,36,71,72,51,100,1,1,50,-0.10586148827287986,-0.7256793984520733,0.4107141561386402,0.471557731526658
6,2,100,80,80,65,71,51,65,78,70,51,76,100,75,100,2,1,51,0.7275396771017577,0.3556719283146799,0.989775627630369,0.5408150197888787
6,9,53,60,50,50,0,26,30,43,27,0,51,51,35,76,3,1,83,-0.48504927496381456,-0.5844945620752307,-0.7460896251741364,-0.1174305429601544
6,10,50,50,22,50,1,24,28,37,7,0,52,52,46,100,4,1,95,-0.686950726456378,-0.596124635222225,-1.3729870589732285,0.6417534039752243
6,1,87,68,80,49,52,63,52,61,46,7,81,69,50,100,5,1,54,0.04122354093462378,1.069421099474424,0.08136480786706372,0.18730312508555508
6,5,67,100,92,49,51,62,48,56,42,0,75,75,58,100,6,1,55,0.6501411800517198,0.8406503003386858,-0.48886491940555904,0.14716051454422488
6,8,68,56,50,67,0,72,34,67,18,0,76,45,47,100,7,1,77,-0.6354152520606217,1.5809396286898003,-0.9685491471247455,-0.20411696179082994
6,4,31,18,6,35,0,12,17,35,0,0,47,17,32,100,8,1,57,-1.7847105959421685,-0.6997023133692916,-1.3077580954440673,-0.122346154306528
6,7,15,7,19,51,0,26,27,6,9,0,51,27,39,45,9,1,69,-2.735316315574427,-0.0001215098010773057,-0.08309521561334877,0.10411036980245178
6,11,100,78,72,60,0,41,38,68,49,0,81,70,32,49,10,1,109,0.42030830680691367,-0.3316755598813831,-0.07516603383828938,-0.04037683725410449
7,8,100,100,100,71,6,24,63,65,62,0,74,76,54,100,1,1,71,1.5204328923031818,-0.9955724014367351,-0.36247397215216925,-0.5514821695367603
7,2,100,100,84,50,0,12,61,36,77,0,100,78,52,100,2,1,61,1.3425086893406308,-1.737140646143505,-0.0687769655209118,0.8341784740598023
7,11,61,52,11,51,0,15,29,0,17,0,64,58,0,79,3,1,107,-0.7817582713142252,-1.3146930538271264,-1.2508351849936015,1.568855089314395
7,10,100,100,100,51,0,45,69,100,75,0,84,100,5,100,4,1,98,1.6420813538982433,-0.46903198038001015,0.652670661165835,-0.5970146025422299
7,4,100,82,58,37,0,33,54,39,43,0,75,71,48,100,5,1,64,0.6721589411299658,-0.5716561396339902,-0.9758000535842574,1.1421185004132852
7,1,100,100,100,51,0,52,100,100,69,0,100,100,29,100,6,1,65,1.6214853812704053,0.07410442527912238,0.7556624049008028,-0.6275708380327402
7,9,100,85,51,51,0,26,24,34,0,0,54,71,27,100,7,1,87,0.8521627169828173,-0.9388938680381732,-2.2882877398471684,1.1553302641988183
7,3,100,100,100,51,0,47,66,70,52,0,76,76,34,100,8,1,67,1.3356962323720192,0.017325567181492526,-0.4925832250521611,-0.40285116289002176
7,5,100,100,100,51,5,36,100,100,53,0,82,94,39,100,9,1,68,1.8023446154256413,-0.4528826962476615,0.17538257119220638,-1.0226182287309438
7,6,82,60,21,45,0,19,27,27,68,0,58,27,32,78,10,1,69,-0.5490166132871219,-1.037280061030836,-1.0603554469754686,0.5250709005129455
8,2,90,89,58,32,0,19,31,24,76,0,86,100,5,100,1,1,70,0.8286103673173287,-1.8814372170951557,0.14112678562178957,2.23091773063704
8,7,90,88,87,58,0,57,87,78,28,0,41,89,56,95,2,1,71,1.022143271727393,0.7370219315293575,-0.7635889182160772,-0.5554785908053826
8,9,99,97,94,50,0,54,38,59,58,0,78,90,43,96,3,1,80,1.0672091371854102,0.05817497272764283,-0.21613720948789317,0.7786344001636248
8,10,96,96,75,55,0,60,78,66,54,0,62,88,42,89,4,1,91,0.9905090216091524,0.5392027360570558,-0.49744161329457987,0.22560484857799593
8,11,87,74,31,61,23,52,29,21,25,0,73,71,29,62,5,1,102,-0.24702950277461588,0.17349693705027971,-1.1987263695619728,1.7292348278455763
8,3,88,89,68,52,0,23,37,26,69,0,34,62,15,71,6,1,75,0.5201624097359008,-1.1565859996524654,-0.8774329817645465,0.2514124192473876
8,4,72,42,9,55,0,32,18,15,21,0,25,38,24,44,7,1,76,-1.3100123577237248,-0.2885201274650178,-1.572348906360113,0.7701483058997896
8,6,81,71,4,52,0,38,24,22,21,0,68,62,55,65,8,1,77,-0.36241810050059703,-0.41294056437135956,-1.724244596197983,2.109156379290819
8,5,28,31,18,95,0,23,20,20,17,0,33,38,33,25,9,1,78,-1.9394008106643394,-0.48902169160470965,-0.5628570847019035,-0.43792038865864014
8,1,100,100,90,69,0,31,32,77,59,0,97,100,12,97,10,1,79,1.5619837338342246,-1.2665148260012649,0.15456684438287135,0.335184955153462
9,8,93,90,84,64,0,59,38,60,58,4,75,77,61,84,1,1,80,0.6150853125148786,0.47791212401570066,-0.2719357830377804,0.46049191400905615
9,11,84,78,67,66,0,59,71,36,61,1,57,66,33,64,2,1,101,-0.04100463690560742,0.7174999381827945,-0.29786698267415107,0.08977557963021365
9,10,85,77,80,69,0,62,71,38,66,0,74,68,39,74,3,1,92,0.01276594038046413,0.8537181579644382,0.1013475943701842,0.08086254564179862
9,6,43,55,44,54,0,39,57,40,69,0,43,37,39,64,4,1,83,-1.074895477407144,0.14679234931709992,0.01120539820363497,-0.6999808459465356
9,2,53,46,59,55,67,40,57,39,62,2,59,60,28,34,5,1,84,-1.2038054481688787,0.175414433170652,1.1186494102114592,-0.4195308662409461
9,4,77,65,60,60,1,57,62,38,59,0,62,69,57,67,6,1,85,-0.4126458102923778,0.6959825681524379,0.05085308441941765,0.5252859718190782
9,1,85,79,78,65,10,64,57,63,71,1,61,69,70,77,7,1,86,0.14835250178529338,0.9477919829693436,0.08594008512907976,-0.08265594731943167
9,7,58,56,57,67,1,65,56,38,57,0,41,61,40,59,8,1,87,-0.983252984427773,1.168207575178189,0.09044447550930354,-0.0823072092975945
9,5,73,78,65,71,29,63,72,57,61,0,61,68,57,73,9,1,88,-0.03808056431796153,1.0072503855960868,-0.048237654199116214,-0.2557780788040857
9,3,65,40,40,68,1,44,39,29,57,0,26,61,33,78,10,1,89,-1.091500639921764,0.1931342217572275,-0.14858217586668518,0.3785360526115968
10,11,75,76,52,58,0,51,71,67,35,0,61,64,57,81,1,1,100,0.17076172578061627,0.5113572761726718,-0.7688710186248402,-0.24059957615489497
10,8,95,97,98,51,0,51,73,73,62,0,67,100,50,100,2,1,91,1.3050558545248152,0.06774599821201945,0.13607484206477863,0.1458473698241157
10,9,36,61,53,20,0,35,28,22,49,0,34,55,56,55,3,1,92,-1.0418230699646034,-0.19265121747417402,-0.17847437662569446,0.6588000864361087
10,2,93,92,84,36,0,49,53,37,90,0,60,79,51,97,4,1,93,0.6525905907227632,-0.043822619701145094,0.021069475526691483,0.997399012421432
10,4,56,75,79,39,23,56,42,39,78,0,38,61,69,60,5,1,94,-0.516886305598409,0.6926205387482245,0.3141351428481331,0.10750259031955935
10,6,49,52,44,28,43,49,36,37,72,0,55,49,46,20,6,1,95,-1.4902716524686566,0.4351480605352442,0.7917167571851206,0.2934297166623839
10,5,59,72,72,51,0,59,61,48,60,0,76,74,56,58,7,1,96,-0.4008026169181337,0.7176521344409289,0.6133818070899004,0.2741761747150293
10,1,53,47,24,49,0,44,21,0,49,0,60,37,20,21,8,1,97,-1.7924630407622213,0.12735406135194166,-0.30783689684309784,0.9913336189216447
10,7,100,100,100,51,0,69,59,76,78,0,58,100,76,100,9,1,98,1.1840576019412585,0.8054685831437126,0.16795552908646574,0.5295989505353933
10,3,68,68,55,31,0,35,21,26,86,0,74,75,73,60,10,1,99,-0.5046950641218254,-0.6730961691054371,0.7269138395957238,1.8259424053011222
11,10,100,100,72,44,0,25,86,78,58,49,60,61,74,100,1,1,100,1.3301276625962846,-0.5869961411496998,-0.7177778011397797,-0.5798264938843521
11,9,100,83,83,46,0,17,77,56,71,52,74,100,72,100,2,1,101,1.0710325284298756,-1.2483785942660064,0.8015647694913115,0.8642350541852649
11,8,100,99,77,51,7,24,55,47,70,50,63,100,58,100,3,1,102,1.2739354843100559,-1.1880340957105031,0.07457748982534539,1.2656906232774463
11,4,82,88,86,52,0,62,74,80,75,51,57,84,16,100,4,1,103,0.630905258269688,0.741524014911994,0.6210947460984865,-0.48623066670688714
11,5,87,89,74,57,0,18,70,61,77,51,71,79,67,84,5,1,104,0.8451048560838873,-1.1565263337452416,0.5206252207571351,0.10109280513349835
11,3,84,90,86,59,0,4,42,60,72,50,63,92,32,93,6,1,105,1.1285280758683596,-2.069748294499591,0.6131091780092061,0.1501135824903164
11,2,91,93,93,46,0,9,65,62,76,50,78,95,23,100,7,1,106,1.3311563629146281,-1.822006775806532,0.8707804509030214,0.13911022218776123
11,7,92,99,95,51,0,8,60,65,71,52,66,100,7,100,8,1,107,1.5688086088282462,-1.971953281513229,0.6140474147934224,-0.024562942844908935
11,1,100,100,100,50,0,35,71,82,72,50,80,100,36,96,9,1,108,1.490092420210076,-0.6641814547634564,0.8026532919386422,-0.03222410008480507
11,6,100,99,84,40,0,36,64,51,69,51,80,95,39,100,10,1,109,1.1785134730625806,-0.6281233011621514,0.2926821149117278,1.0576196076383373
20,21,60,61,62,55,52,56,45,52,72,0,56,58,54,54,1,2,121,-0.8097691711474142,0.7555204513748863,0.6202495798344686,-0.20261297998929345
20,25,100,100,100,51,0,64,100,76,66,0,80,100,83,71,2,2,157,1.1748811870047662,0.8124919822818112,0.49779852555385257,0.10553233305290664
20,26,53,53,51,52,0,45,46,47,70,45,38,42,55,54,3,2,172,-1.1756827905500653,0.4960253932464348,0.4440887021039021,-0.44130161196954115
20,28,79,67,57,37,0,64,67,53,39,0,75,76,52,85,4,2,190,-0.1626270842857258,0.9913273997719472,-0.1875991198947781,0.8208862352384141
20,22,85,78,74,53,0,68,58,62,67,0,80,78,57,67,5,2,133,0.0618793158190148,0.9612674458293551,0.42006694816940665,0.44422642244398086
20,29,66,67,58,32,0,70,43,57,36,0,63,64,53,68,6,2,205,-0.5354711422117553,1.2888092190972922,-0.33100537282550196,0.5129569244537935
20,30,100,80,66,31,0,70,70,67,52,0,81,73,35,72,7,2,212,0.3053361502291103,1.0884234161780657,-0.18537231490250483,0.47060358958366966
20,24,53,54,47,36,0,65,35,44,35,0,56,53,47,59,8,2,156,-1.1575274735755374,1.1872669314784192,-0.2875067477896883,0.4458717486037395
21,27,92,57,25,43,9,29,55,27,26,0,54,70,54,85,1,2,177,-0.17141702530049438,-0.5343047008037035,-1.1608199687887346,1.5213427955516465
21,22,89,83,76,68,0,41,34,67,73,1,45,61,9,86,2,2,130,0.5541407453843055,-0.34787919212776286,-0.39699092714531475,-0.7401212979813044
21,28,95,87,65,64,1,39,35,59,54,0,62,63,66,87,3,2,188,0.6626465858668301,-0.3153301103663313,-0.9373506309282088,0.260908259236146
21,20,90,91,95,42,38,54,46,67,90,11,84,87,52,95,4,2,121,0.7323592003755268,0.17089318241962353,0.9091797402856236,0.5167314723610574
21,23,89,96,96,50,33,45,66,66,60,2,58,64,53,83,5,2,138,0.9042736873105539,0.18206694149843652,-0.3862176282035441,-0.7846227731027651
21,25,86,99,97,49,20,37,65,69,71,9,64,75,32,91,6,2,160,1.123347184692981,-0.4108856565942756,0.05500152783770461,-0.6594677448711876
21,26,26,26,23,55,0,10,19,53,69,1,62,10,0,39,7,2,171,-1.9785901598924218,-1.1374859112766287,0.6868421412912932,-1.5372446928236614
21,24,73,60,20,43,31,42,8,5,3,0,38,46,4,44,8,2,152,-0.9639202886955455,0.005031453041704728,-1.968049556439915,1.294395026950321
21,29,100,97,99,52,0,49,59,19,52,2,19,75,58,91,9,2,200,0.8742927611176333,0.29315822200944497,-1.3160219934487674,0.4994164125797864
21,30,83,64,61,45,1,41,56,61,79,2,84,77,87,68,10,2,209,-0.12247191967563201,-0.16067334439829456,0.9273801293752204,0.7783225904823725
22,29,76,68,52,49,0,18,55,56,75,13,52,69,45,69,1,2,196,0.07464464281915677,-1.1915084951295931,0.33204351380565633,0.043975689860457204
22,26,63,62,62,50,0,50,63,64,76,4,78,79,57,67,2,2,167,-0.4023222069221425,0.25041750955690006,1.1849086478917286,0.23923116701654798
22,21,69,68,66,51,0,51,64,64,82,6,93,76,60,73,3,2,130,-0.20995527283156978,0.2547922033376633,1.203998420270025,0.31309030182107506
22,28,100,100,75,42,0,65,29,61,63,0,95,96,54,95,4,2,189,0.9496784146053623,0.3365818660670499,-0.16148557574111297,1.7452317634516739
22,24,74,63,38,46,0,50,26,27,48,0,50,52,48,82,5,2,155,-0.6222988264096493,0.3270933933609091,-0.9817394019515374,1.0998193524434963
22,20,100,96,95,51,0,67,83,88,75,3,95,97,66,96,6,2,133,1.1605539694332323,0.7930290298137167,0.6918964317197371,0.17606497228656914
22,23,96,97,98,42,0,66,89,91,72,0,90,91,80,91,7,2,142,1.1332341611792849,0.8947320890828565,0.5878948582218266,-0.08769998296436832
22,25,98,84,87,50,0,57,91,90,66,0,74,77,61,96,8,2,164,0.90030588262179,0.6725554792141829,0.21086148222125436,-0.6803994873157699
22,30,100,98,99,50,51,79,95,95,81,0,87,97,72,97,9,2,211,1.1345230867945562,1.4940327963715585,0.8422121916057833,-0.1762430736318425
22,27,26,24,21,63,0,35,27,22,48,0,28,30,41,21,10,2,184,-2.3940221109028945,0.12507985784979592,0.16747854143157956,-0.35242842518878426
23,21,92,69,61,51,13,30,59,59,66,0,83,65,38,92,1,2,138,0.3309916124713472,-0.637752326240733,0.10738796248785003,0.11488058891727679
23,24,20,14,13,70,0,7,9,9,16,0,15,13,23,0,2,2,151,-2.643722849422141,-0.9343134679675905,-0.5662238248907511,-0.8773122056267968
23,25,80,71,71,51,0,51,67,68,71,0,72,78,24,82,3,2,158,0.16679633215290277,0.20197919664932446,0.6097798867297091,-0.14430494823491272
23,29,87,80,69,50,0,51,67,65,61,0,56,63,27,84,4,2,199,0.3864890906049939,0.3351660281926993,-0.37921178108188514,-0.4598877385527082
23,22,89,84,69,51,0,51,72,75,89,0,88,77,19,75,5,2,142,0.5152930007674857,0.0030356679470005046,0.7656724314459676,-0.15295626087248285
23,27,63,65,51,51,0,51,53,48,49,0,42,57,33,57,6,2,180,-0.5596248358482413,0.4719692222553337,-0.3593650559561506,-0.19342326663855144
23,30,85,70,61,48,0,52,59,59,59,0,87,67,70,65,7,2,214,-0.08860943421612771,0.4092378476707057,0.22493564169524474,0.4780273253161222
23,28,56,47,37,74,0,29,36,37,51,0,41,50,37,36,8,2,194,-1.1140635445996068,-0.46383757163978967,-0.03808122825162446,-0.2765709640228352
23,26,59,51,57,60,0,33,46,55,85,0,64,60,32,54,9,2,176,-0.7893913315124194,-0.46923667308084055,1.1542611048556535,-0.4016554243339365
24,29,100,100,86,60,23,35,66,35,76,58,35,91,78,91,1,2,197,1.0333662857915598,-0.392321796490735,-0.12602162273114442,0.8724247163954747
24,30,84,68,56,70,0,23,55,27,60,52,39,65,16,91,2,2,206,0.030139939878676667,-0.8077410678318033,-0.3043133624219963,0.22833285525562141
24,28,99,99,99,51,0,33,66,31,59,51,99,98,86,92,3,2,187,1.0950139359177866,-0.5792036157556223,0.44693622291010693,1.5624236153280482
24,27,66,58,43,59,0,60,37,38,60,53,36,61,35,59,4,2,179,-1.0179242975538736,0.8816840266992226,0.10892552921711045,0.5530597230246078
24,23,70,68,53,55,0,58,58,29,55,56,62,59,53,56,5,2,151,-0.7558312511962268,0.9158873042559882,0.12018220396745977,0.6788442267791269
24,21,68,72,59,54,25,71,39,37,59,62,69,69,55,55,6,2,152,-0.783236332923026,1.3434421550116968,0.5152474466358877,1.0333224648311394
24,25,72,72,64,40,0,62,69,68,58,58,41,59,45,60,7,2,161,-0.3611932142389066,1.1631527802868935,0.21184842510542326,-0.4956198434163404
24,26,75,76,65,61,0,40,62,56,57,58,61,60,63,56,8,2,173,-0.10951044693946278,0.12113685438195335,0.23124069267171668,-0.2557397190735792
24,22,65,69,71,57,0,57,67,71,55,55,61,64,59,58,9,2,155,-0.3892661571890146,0.9454818692328358,0.6703900552196045,-0.6025671982779636
24,20,82,81,70,63,0,32,69,40,64,62,80,80,16,60,10,2,156,0.222321170815331,-0.584905409520543,0.7427187471350769,0.3181005091200284
25,20,88,99,95,63,0,35,76,65,70,62,82,91,76,80,1,2,157,1.0503549606272333,-0.40271312877407583,0.7918339396861317,0.1260206324207272
25,23,89,74,88,63,0,25,18,66,30,5,74,83,27,90,2,2,158,0.7245999239071408,-1.0560741921573493,-0.18804110440380575,0.07028640591421514
25,26,13,22,65,41,36,40,18,35,71,65,70,85,39,27,3,2,170,-2.3555429626967306,0.07172368568553547,3.2756050405661785,0.7533109127995451
25,21,85,82,67,70,0,27,77,80,39,9,69,82,16,89,4,2,160,0.9625649884990742,-0.8199127912020231,-0.2450435312659564,-0.7857693431193903
25,24,5,7,0,72,0,8,3,0,0,0,19,15,4,5,5,2,161,-3.000290291819601,-0.9076506682556594,-0.6937715539677309,-0.5835747519665286
25,28,87,100,100,64,0,66,100,79,62,62,83,97,31,79,6,2,192,0.9688965345846727,0.9707583661706444,0.9311482187721941,-0.47872491366907494
25,29,26,9,3,82,0,18,19,5,8,4,16,27,9,22,7,2,204,-2.620690604019025,-0.5096413965702293,-0.6944209913281192,-0.37137695156284156
25,22,74,87,89,41,0,23,66,70,87,73,76,87,24,71,8,2,164,0.6114215810406545,-1.0618084340657876,1.623968550687351,-0.2446641289706871
25,27,34,34,17,69,0,16,24,19,12,0,35,17,37,30,9,2,183,-1.8421397130144093,-0.5994991751281087,-1.1332767947256106,-0.6412144388101657
25,30,80,85,81,31,0,68,33,50,65,42,94,91,94,83,10,2,213,0.08137350236390241,0.9085569817717551,0.7537368427025952,1.9471451952618801
26,22,94,97,97,49,0,11,86,90,92,0,100,100,33,67,1,2,167,1.5745151878412973,-1.914492447589939,1.529420207943673,-0.6138291057675316
26,29,100,100,100,50,0,45,75,62,78,3,23,85,77,99,2,2,198,1.309395114035999,0.029580665622130027,-0.4454761107025865,-0.19570808684696944
26,27,100,100,94,50,0,59,100,75,69,2,63,97,94,100,3,2,178,1.334315795444286,0.6659766949822054,0.035512004957851825,0.17482454327565458
26,25,100,100,100,42,92,98,100,95,92,4,95,100,100,100,4,2,170,0.9369801796884254,2.449156935667683,1.2149601153858312,0.30043282896389956
26,21,62,89,84,44,0,59,58,77,87,23,41,80,44,97,5,2,171,0.39643643754415486,0.5655783416397929,0.5658756820320195,-0.4017807482003576
26,20,100,100,100,28,0,79,92,95,92,5,100,100,44,97,6,2,172,1.168657885903833,1.2062799878969694,1.1915129049917506,0.1967220034590178
26,24,100,100,94,34,0,75,79,32,52,1,57,98,68,100,7,2,173,0.9069460004474704,1.279721897862234,-0.6120637584846293,1.492391038325355
26,28,99,99,93,11,0,85,9,45,64,2,95,99,94,97,8,2,193,0.58809308440851,1.298771107257364,0.010075052243636787,2.8957361571102918
26,30,86,90,88,44,0,76,71,76,76,2,100,91,14,91,9,2,215,0.6115188966906295,1.057357044575523,0.8695181610491916,0.24414961387065204
26,23,98,100,98,43,0,81,87,95,88,1,100,100,30,96,10,2,176,1.1466866709026595,1.229126936557515,1.06487494698627,0.005258931572264385
27,21,78,79,75,65,11,32,74,70,57,23,64,65,57,62,1,2,177,0.36705850532875317,-0.29920030681554094,0.22614516392131476,-0.9152264880631592
27,26,82,86,82,63,18,68,90,84,72,22,67,75,56,67,2,2,178,0.37930235265639806,1.2240280667998162,0.6152039917785251,-0.8725447809742369
27,24,62,69,61,61,9,69,64,70,56,6,60,87,64,76,3,2,179,-0.2561967036365307,1.1477078846201505,0.5075950616263336,0.2498927141011463
27,23,75,73,74,72,10,68,65,76,65,35,63,66,64,71,4,2,180,-0.16014979357166872,1.3208242612683812,0.5057042864065798,-0.6208095310665671
27,30,65,66,58,66,23,60,66,62,42,42,59,70,55,62,5,2,210,-0.47352348417121265,1.0555270245380812,0.2848417030125055,-0.18801665846488827
27,29,70,69,69,71,60,65,68,73,63,34,66,74,63,70,6,2,203,-0.2864146270656695,1.2434684408486174,0.8389812176164371,-0.41924945703613836
27,25,58,64,57,68,31,55,60,63,69,39,61,63,59,66,7,2,183,-0.6389243232901398,0.7902096258205292,0.7827895923580654,-0.3633240293832786
27,22,78,80,78,61,17,77,67,70,69,42,64,85,67,67,8,2,184,-0.036644293803913756,1.5533390904420725,0.8203807861534118,0.1859693005792275
27,28,59,61,79,71,22,76,68,67,57,36,64,69,62,68,9,2,195,-0.7169830148498693,1.847209147992507,0.9628888629216721,-0.5970338312241521
28,30,95,95,96,31,0,20,58,70,91,0,100,100,5,90,1,2,207,1.3824856299489192,-1.7102582923298577,1.226438551445359,0.370082169668973
28,24,97,100,100,56,0,15,61,60,82,0,69,100,23,92,2,2,187,1.601288545945363,-1.789093818593321,0.4964505216357875,0.0533853196196827
28,21,94,94,100,47,2,20,38,64,66,0,100,100,15,80,3,2,188,1.3009451431629564,-1.664905769348442,0.7901629215134434,0.4701799204804448
28,22,100,100,100,90,0,5,8,63,82,0,100,100,38,100,4,2,189,1.6909172069572096,-2.5414250809049452,0.569511581174074,0.5431362614039843
28,20,85,100,100,84,0,8,77,63,98,0,100,100,0,97,5,2,190,1.6041024590012003,-2.18794746918244,1.2781637239835462,-0.5630047248784082
28,29,100,100,100,51,34,30,52,62,74,0,24,85,30,100,6,2,202,1.4537396609237578,-0.8298849873712011,-0.4611541126187364,-0.4200946908530731
28,25,99,95,100,38,0,16,67,65,77,0,95,93,2,84,7,2,192,1.4441417263040646,-1.7160099662037638,0.820181959310504,-0.05688368583092533
28,26,55,53,59,55,0,10,13,37,75,0,84,75,4,80,8,2,193,-0.4677136273148595,-1.8679620327209583,1.148692180553344,0.6486804268253994
28,23,31,41,35,47,0,3,16,35,67,0,66,54,9,57,9,2,194,-1.2392030648719303,-1.8790368330327623,0.920026580112623,0.11753912192005425
28,27,70,89,94,56,6,24,59,58,85,0,45,97,26,79,10,2,195,0.8420797072337846,-1.2252772616844247,0.8336590995685411,-0.2694910606722244
29,22,92,86,81,73,0,44,78,80,76,0,45,82,62,82,1,2,196,0.8804602826537897,-0.035847777299373176,0.1142458817860967,-0.7480949901171895
29,24,62,78,57,31,45,69,72,63,68,0,31,67,85,43,2,2,197,-0.43700413171070784,1.3985515826358061,0.10287463435026878,-0.03923640631419343
29,26,32,45,45,82,0,30,52,52,76,0,86,68,13,40,3,2,198,-1.222714947553879,-0.6696182046662451,1.7607355635451132,-0.5329124436127858
29,23,87,88,84,50,0,63,86,77,75,0,88,90,60,74,4,2,199,0.6322877947803446,0.7071353454771095,0.8203423601192654,0.06335715010322238
29,21,84,87,85,35,10,73,70,39,76,0,88,89,97,71,5,2,200,0.13377146225007064,1.2286083760746636,0.6643161985338214,1.5171901112208774
29,30,86,90,83,57,0,66,73,83,75,0,46,87,65,86,6,2,208,0.7278215105395694,0.881705283563264,0.148879072208534,-0.30212255959041306
29,28,91,99,96,26,30,70,87,89,74,0,84,88,81,79,7,2,202,0.945692153055281,1.1359733141133457,0.6502975771323478,-0.012925771354056108
29,27,81,82,83,53,46,60,87,86,77,0,46,82,63,68,8,2,203,0.44007116660472645,0.8591175180995771,0.6621696857510119,-0.8743578670455218
29,25,87,89,92,20,0,53,75,73,82,0,91,90,64,70,9,2,204,0.6661455969012564,0.2003489374350823,1.1049235117178269,0.45699146015797704
29,20,87,94,85,80,0,65,81,82,83,0,81,91,63,86,10,2,205,0.859265660628499,0.7172583393918943,0.6403141167419796,-0.28521195539884464
30,24,72,59,25,43,0,12,17,17,33,0,61,43,70,36,1,2,206,-0.7496298698750093,-1.2806653557302385,-1.020832994661441,1.1754440824082328
30,28,78,59,44,55,0,23,42,32,54,0,61,57,35,58,2,2,207,-0.4118313464121409,-0.8958350478360072,-0.2476381324970488,0.4518275878533509
30,29,67,59,23,64,0,26,32,32,39,0,33,47,32,47,3,2,208,-0.6987973064120118,-0.6873937789642345,-1.0982635984855877,0.19303650714702308
30,21,69,68,68,54,0,28,57,40,55,0,57,58,59,64,4,2,209,-0.1635075625113887,-0.4853839747373076,-0.0845324765796576,-0.1693113961444364
30,27,68,62,22,60,0,14,20,20,15,0,59,29,41,67,5,2,210,-0.5566406006045612,-1.0705975011971864,-1.9131734287004623,0.4193880175810079
30,22,67,69,64,59,39,40,61,60,90,0,69,71,31,72,6,2,211,-0.14739894599434777,-0.2308964167320277,1.0313866521913342,-0.30453633858793844
30,20,70,73,78,67,0,29,68,69,73,0,64,72,26,75,7,2,212,0.31477238240775524,-0.6897159469490552,0.6697044819384741,-0.9878964640678292
30,25,74,75,79,67,0,24,86,86,87,0,75,69,19,77,8,2,213,0.5588190764734545,-0.9101529310288639,1.0610609709359342,-1.6160379145914832
30,23,79,77,70,71,0,20,78,78,78,0,58,62,26,69,9,2,214,0.5555267773525335,-1.0380610630534075,0.35599535706437424,-1.5252411986188672
30,26,72,65,61,67,0,15,58,41,78,0,67,58,27,64,10,2,215,-0.11431419299548493,-1.278070521413278,0.45787394301566026,-0.41709054750224295
40,49,90,83,66,31,0,28,35,54,32,0,41,58,45,63,1,3,307,0.4987705401188804,-0.6689978303752371,-1.2591125796918932,0.042138490133850896
40,42,58,53,42,38,0,23,25,26,27,0,66,57,39,53,2,3,237,-0.8254081041233443,-0.8107678600572431,-0.3657877632656593,0.8397304183469164
40,48,37,55,65,55,0,23,24,50,66,0,59,41,14,65,3,3,296,-0.8640100900974194,-0.7904441506547836,0.5294316817716939,-1.0371061192873152
40,44,78,64,56,53,6,14,31,50,15,0,43,59,36,59,4,3,259,0.05714483958192639,-1.1658257641542025,-1.0469608181604781,-0.22022729775155475
40,41,37,45,43,55,0,22,32,29,23,0,27,36,29,43,5,3,232,-1.3000152908371951,-0.48673086966940515,-0.685422575310771,-0.7178960361835621
40,47,23,20,4,32,0,24,0,0,16,0,7,18,60,37,6,3,289,-2.581345387513882,-0.19654522175970734,-1.2035944760935544,0.6578505944816057
40,45,67,70,73,45,80,81,69,68,63,0,61,63,41,75,7,3,272,-0.4546552216470084,1.9776545964787857,0.4492751633022379,-0.5368511661741571
40,46,27,16,5,24,0,17,14,9,20,0,14,17,15,59,8,3,282,-2.3506453353042898,-0.5530857287234294,-1.016435124989889,0.1491463947792117
40,43,93,91,92,55,30,56,85,85,55,0,85,86,61,71,9,3,254,0.9188182402517188,0.5646974354279127,0.41415758824324866,-0.5067605306806104
40,50,75,65,55,38,0,22,42,43,20,0,44,57,44,73,10,3,325,-0.025819873950887133,-0.7363412971086903,-1.1003709417048093,0.1127132484436481
41,49,77,76,75,29,0,21,60,59,48,3,85,93,73,87,1,3,306,0.6144844595138643,-1.1027052178457695,0.48048731496398955,0.8848958158699515
41,46,37,55,59,78,0,26,35,35,20,0,15,35,21,83,2,3,279,-0.7535663456363542,-0.26214424120324226,-1.2550235662677642,-1.4260766018767137
41,45,70,69,70,51,14,44,51,51,52,0,82,80,49,75,3,3,269,-0.06464794732452815,-0.030224041561609922,0.4777410482511085,0.5237576129098099
41,50,39,66,67,50,0,12,29,35,50,0,34,64,26,68,4,3,323,-0.3507833388434109,-1.3745648458116861,-0.013051169600613135,-0.3082494630994373
41,44,73,74,74,50,0,37,81,42,24,0,30,60,66,84,5,3,260,0.22016502343878874,0.21108788475313914,-1.1611092481314245,-0.5247873823730623
41,43,82,64,72,61,0,24,51,51,53,0,65,64,47,80,6,3,249,0.12847841062050158,-0.766225527895765,-0.0012585026589809446,-0.22169141561822422
41,40,60,40,50,51,0,38,31,39,48,0,65,64,51,87,7,3,232,-0.9684779940473193,-0.08746578616435657,0.32318703943257565,0.7060641874067133
41,47,45,70,51,41,0,36,51,26,13,0,18,35,26,75,8,3,286,-0.5405138799587964,0.16463201589490786,-1.8286311106798336,-0.6398074483916585
41,42,60,68,74,52,0,29,30,55,4,0,41,62,38,82,9,3,243,0.06467402822581164,-0.40490588865419547,-1.0934908404933645,-0.5122306706636471
41,48,36,35,42,65,0,25,32,35,58,0,64,39,25,68,10,3,304,-1.4950733848804438,-0.5253667872116798,0.5217226008287168,-0.4696207268475554
42,50,85,79,51,67,0,14,13,5,48,0,56,62,27,79,1,3,316,0.1972769366462224,-1.5902043526881193,-1.2160647838490977,1.2761725377146311
42,40,51,63,62,67,0,26,29,38,67,0,63,61,28,63,2,3,237,-0.5341975850115973,-0.860658768606859,0.45853346095651293,-0.09466346442737296
42,44,62,71,57,60,0,24,8,23,25,0,59,65,66,70,3,3,257,-0.22227459995567522,-0.8927664023940871,-0.917358496379831,1.0594761149935372
42,49,88,80,72,55,0,27,62,62,46,0,74,75,41,79,4,3,310,0.6941176088654178,-0.798760684353574,-0.2155637724568269,-0.11283732899601931
42,43,82,73,68,67,0,26,31,44,40,0,66,70,34,74,5,3,250,0.26691548682681193,-0.9009023579489713,-0.4585443063888867,0.24868399333270227
42,48,63,71,64,65,0,26,64,55,74,0,68,61,44,75,6,3,300,-0.0005531648630911895,-0.730359530117603,0.4115396670793238,-0.582558365889104
42,47,56,58,29,44,0,24,39,17,19,0,42,43,65,63,7,3,291,-0.8087289688695689,-0.4847525983353341,-1.4078916531995997,0.6726205347683006
42,41,69,60,37,52,3,24,34,45,22,0,55,55,59,69,8,3,243,-0.33674954524561485,-0.6777542541256396,-1.0091692274595065,0.39014116152441564
42,45,58,55,51,60,0,16,31,32,63,0,62,51,56,65,9,3,274,-0.6717935840443846,-1.1049389192382928,0.15066173169802738,0.17842915415552654
42,46,22,45,20,46,0,29,9,4,11,0,6,19,56,42,10,3,285,-1.8984616684689655,-0.03226023325840775,-1.747657769260905,0.09386023147079009
43,50,82,66,10,67,0,10,40,33,9,0,72,57,60,64,1,3,319,-0.04426393800121695,-1.433760006294729,-1.6892614208891639,1.0760827532326598
43,45,100,100,100,51,68,85,100,90,64,0,100,100,54,100,2,3,268,1.1708849517903193,1.780942651019705,0.6715214417799585,-0.07334882106767636
43,49,91,87,50,35,0,5,57,59,47,0,93,87,10,78,3,3,309,1.0640933807700859,-2.179412943788497,-0.1814707280188458,0.7577556537629069
43,41,77,57,20,58,0,11,34,12,25,0,34,31,58,88,4,3,249,-0.4680742407668869,-1.0637030737181676,-2.1350994611324556,0.5970455184661825
43,42,91,76,56,33,0,18,61,58,45,0,78,80,70,93,5,3,250,0.7106177799449945,-1.1975975593694428,-0.33131404473195986,0.882225273811832
43,44,79,69,56,65,0,21,27,23,10,0,54,71,38,83,6,3,261,0.14951691775305334,-0.9993999442476057,-1.3441717874244032,0.8804952157944848
43,46,13,3,0,85,0,3,0,0,0,0,0,8,44,16,7,3,280,-2.9401844723439967,-0.9142720505380236,-1.1519236333200809,-0.7038607908811203
43,48,81,86,69,50,0,12,58,62,70,0,89,79,55,86,8,3,302,0.8739864153303014,-1.6495279074124471,0.3278263928505599,0.2464990645173523
43,40,96,92,93,48,14,30,82,76,67,0,91,82,66,90,9,3,254,1.2325436442489939,-0.6526881231348312,0.4086241589697422,-0.30301846905023294
43,47,59,29,0,54,0,10,10,10,10,0,15,15,6,41,10,3,293,-1.7004810747486905,-1.0280238818115561,-1.8901231098088829,-0.007089400366157402
44,50,95,94,91,56,43,62,69,67,23,83,44,78,61,71,1,3,317,0.6644094991882185,1.2428368378063022,-0.47823105638954116,-0.2759769080280548
44,42,71,71,44,27,0,66,42,44,53,19,65,81,55,62,2,3,257,-0.5095920713553623,0.852651302990448,0.09118685235167752,1.6618616058108506
44,49,79,80,98,23,3,71,65,60,63,29,73,88,68,65,3,3,308,0.052795763849692035,1.2722874001034166,0.9991831595809217,0.6219610762523863
44,40,62,52,40,50,31,55,55,53,47,15,62,60,64,57,4,3,259,-0.9830599058065517,0.8417961606253277,0.2456570321003769,0.3026408317629897
44,41,70,68,64,56,0,62,65,67,54,19,45,65,47,69,5,3,260,-0.29452853022402303,1.0382096731821095,0.03717417528230182,-0.4797071454897894
44,43,59,60,58,52,0,59,44,47,57,16,59,59,53,72,6,3,261,-0.7945224597759116,0.873222446507184,0.20254190913078038,0.23681029732299463
44,45,69,63,60,52,0,64,58,56,54,12,63,65,54,68,7,3,275,-0.551938266430983,1.0825019420652109,0.20511146674577532,0.1415154497721351
44,46,18,16,20,79,0,58,30,31,26,20,12,17,37,33,8,3,284,-2.8181844837782943,1.5114591653127518,-0.33425382539119436,-1.1077779464631754
44,47,60,55,22,19,0,75,42,40,10,2,3,56,63,54,9,3,294,-1.1971311843302124,1.7908568563605523,-1.6527516666945605,0.955573065333889
44,48,93,87,87,42,0,64,40,57,55,20,91,90,56,80,10,3,305,0.4797183869997948,0.6380758526313235,0.3389709952715253,1.1926935660904843
45,46,73,60,35,27,0,51,7,9,22,0,36,59,52,73,1,3,276,-0.8294693652035672,0.36526581522191115,-1.5128336004682428,2.0324161363853617
45,50,98,89,79,50,53,67,71,70,44,0,91,83,40,87,2,3,320,0.7305762239725533,0.9970703444160806,-0.12580346655573182,0.25579791082860354
45,43,100,88,78,43,85,86,85,68,73,0,100,85,54,93,3,3,268,0.47061790143814425,1.8789803577642419,0.569640611928183,0.6363525631732702
45,41,86,76,67,50,24,49,69,65,49,0,78,77,71,86,4,3,269,0.3658728159008878,0.33602303790573834,-0.035971335031797814,0.3150819737279108
45,48,76,68,62,52,0,30,40,52,86,12,72,66,51,69,5,3,298,-0.1340474968714059,-0.7379344309359415,0.7348828557734632,0.33171338589112165
45,47,92,86,69,40,0,51,69,35,32,0,41,62,65,77,6,3,288,0.4040866562789339,0.5687708901891282,-1.4525041789300792,0.4110509765786438
45,40,84,82,89,50,80,85,79,78,85,3,77,83,61,97,7,3,272,0.25339316045896937,1.939104131491097,0.9843366453968573,-0.10793943008209714
45,49,84,77,71,11,0,41,64,57,62,0,100,81,57,77,8,3,312,0.3119999806513001,-0.255538575592251,0.6237574443155681,1.0645527932179895
45,42,69,65,49,33,0,42,25,39,62,0,74,72,72,75,9,3,274,-0.43901724549147825,-0.21789055770819202,0.1629775113550198,1.5639625228603695
45,44,77,71,64,62,0,51,66,60,27,0,75,73,60,75,10,3,275,0.09190328683364744,0.4937682748473095,-0.38405925750285336,0.0655164161759606
46,45,89,74,44,66,0,58,21,36,63,18,62,62,49,74,1,3,276,-0.2805541934435686,0.45155030330060325,-0.6023207265459375,1.2330779588982719
46,50,51,51,37,46,0,53,29,55,53,14,61,56,54,58,2,3,318,-1.165185899268222,0.5472091837282694,0.2848091135324186,0.42111353357187736
46,48,42,47,28,68,0,25,19,31,64,11,56,43,41,53,3,3,297,-1.3511694203331412,-0.7138830351590619,0.1899345783596455,0.1889590902055873
46,41,69,56,52,41,0,47,35,55,47,11,58,56,49,68,4,3,279,-0.6526440638630833,0.3156628959605451,-0.07393671563011948,0.23283556260635693
46,43,33,36,20,44,0,35,18,34,63,4,62,30,36,38,5,3,280,-1.9821148581902748,-0.14502104147635367,0.4128200957569275,0.1345374917977445
46,47,40,58,58,49,0,54,71,62,27,1,38,44,55,40,6,3,287,-0.9747104579007079,1.0759575625303068,-0.28858185083028304,-1.3417780729312165
46,40,42,52,55,62,0,34,46,47,63,3,46,46,41,54,7,3,282,-1.0346399905380195,-0.128992275105076,0.4011234589829979,-0.8333677745332616
46,49,55,58,45,82,0,11,37,51,58,3,44,57,13,60,8,3,313,-0.393592738322314,-1.4593358143053503,0.0317372014649648,-0.8257900913145808
46,44,33,38,32,52,0,31,17,37,55,1,53,37,38,18,9,3,284,-1.8632145079206293,-0.32487411902432456,0.5092588698720144,-0.217245960274712
46,42,43,54,29,52,0,26,26,39,63,3,55,52,45,57,10,3,285,-1.041610883192728,-0.7592019270351408,0.14047757916973572,0.37752727230272
47,41,85,68,79,63,0,58,57,36,77,0,59,72,57,72,1,3,286,-0.22311285199656594,0.6587466084878711,0.40499663386973545,0.4443618815666426
47,46,42,40,44,59,15,55,24,28,59,7,36,43,59,56,2,3,287,-1.760414437468222,0.8968682820259513,0.1753665866076623,0.1843445244222365
47,45,68,69,62,43,10,65,57,43,66,43,73,73,73,78,3,3,288,-0.5470344873659455,1.116510770108613,0.63613763088003,1.0402510402261391
47,40,59,58,56,57,3,67,39,38,64,18,64,56,56,66,4,3,289,-1.0748123492712478,1.2192867316295564,0.3447820774410538,0.5065013877644271
47,50,78,78,77,48,16,73,62,55,76,19,73,75,58,81,5,3,324,-0.1084767359846592,1.3253465592379647,0.6035631293038328,0.4816939644881938
47,42,55,55,57,58,6,56,38,33,60,8,62,59,76,42,6,3,291,-1.1928346866595319,0.772296291435965,0.5205614480104378,0.5527388613588055
47,49,75,76,72,45,9,68,57,58,59,9,76,74,76,83,7,3,314,-0.0829477026233114,1.15884147086231,0.22478796420688663,0.6183465507362655
47,43,65,66,57,61,6,62,25,25,57,3,59,61,80,58,8,3,293,-0.8494423877375404,0.890461179096114,-0.17671355835125585,1.1131205140683484
47,44,68,81,62,44,6,71,64,43,72,4,74,71,71,67,9,3,294,-0.30679440129069735,1.2130250961208502,0.25110879174018297,0.85846566756728
47,48,61,60,60,91,2,63,43,40,77,18,65,64,35,70,10,3,303,-0.8499594294384311,0.8723997761269681,0.6692282483517864,0.05032846390228145
48,40,37,36,61,49,0,19,46,36,59,0,73,56,0,4,1,3,296,-1.5582884721502381,-0.9338644058440274,1.7034154932724892,-0.7197638359756768
48,46,63,65,27,7,0,20,0,10,13,0,12,55,6,63,2,3,297,-0.5535709027578734,-1.1300800237357866,-1.9360984386409044,1.4783558713813434
48,45,100,74,85,51,0,51,83,79,85,17,73,74,16,80,3,3,298,0.4944539361166242,0.27900018866838366,0.9179214703788444,-0.7487878950627015
48,50,100,100,93,54,0,72,41,41,41,0,69,100,69,100,4,3,322,0.9646774282494828,0.937340512651977,-0.7508641215407394,1.6401074089870464
48,42,93,70,75,0,0,61,77,70,71,0,92,85,74,73,5,3,300,0.11792929118932688,0.7460370278572828,1.008960852890809,1.0592970727633837
48,49,100,100,100,49,76,80,92,73,29,0,78,95,23,83,6,3,315,1.0987766017836558,1.6637333060793964,-0.2587386462913013,-0.2463201257603146
48,43,98,97,93,36,14,47,66,31,68,9,92,71,12,84,7,3,302,0.7755758079853207,-0.04350034720371346,-0.04482846873233722,0.5626515863912127
48,47,80,63,67,6,0,26,30,0,0,0,13,66,67,83,8,3,303,-0.1822223864019766,-0.42186376806468057,-1.8464221047345173,1.613740762526155
48,41,78,86,63,51,0,35,26,31,26,0,65,67,19,82,9,3,304,0.3811563250338921,-0.5746070717358567,-1.251366042804186,0.7583083939383657
48,44,90,100,100,63,0,61,33,34,9,0,20,74,61,100,10,3,305,0.9224605842946444,0.8728320069148005,-2.200087959436237,0.3068464941720262
49,41,92,87,55,51,0,10,67,67,52,0,37,66,38,87,1,3,306,1.067058189542396,-1.530659556494172,-1.068528554119134,-0.544278784523903
49,40,42,57,44,68,0,31,81,31,51,0,55,57,64,46,2,3,307,-0.908792044713665,-0.1550821590625407,0.2094071312749951,-0.310787970714343
49,44,93,100,83,87,0,50,79,68,49,0,56,100,32,100,3,3,308,1.383157738930771,0.004688123093231456,-0.5272384366466232,-0.21120257564593453
49,43,72,81,97,76,0,40,77,89,49,0,79,93,15,84,4,3,309,0.8518813853421714,-0.2873465404683594,0.7762431387226633,-1.2634039549190939
49,42,100,100,90,51,0,48,84,100,50,0,72,100,30,100,5,3,310,1.6661306359961956,-0.0945117043055676,-0.06828811863946009,-0.5359459803600592
49,50,89,82,61,97,0,25,56,42,50,0,44,100,21,93,6,3,321,0.8815994597715414,-1.1982517494531402,-0.5181124086515072,0.45753565862171813
49,45,64,86,82,95,3,14,85,80,50,0,63,83,14,95,7,3,312,1.0974853711476458,-1.360625333207216,0.13423984089464736,-1.7490558699470644
49,46,87,84,46,39,0,30,41,34,49,0,31,69,41,74,8,3,313,0.38433442594514694,-0.7667850595140733,-1.2773564925628507,0.9213380167191739
49,47,57,63,34,55,0,43,61,40,50,0,28,62,75,86,9,3,314,-0.5048651837992256,0.23611363652256656,-0.7664550290568805,0.4290040677959407
49,48,93,100,100,72,71,76,90,90,50,0,85,100,68,100,10,3,315,1.2284876012734625,1.4658264917402568,0.26453044152833316,-0.3859095557723009
50,42,100,89,81,32,0,47,59,51,54,0,62,85,62,100,1,3,316,0.9001126903222085,0.014016720829982208,-0.5144877132862107,0.9629269080017873
50,44,100,95,91,52,14,64,65,55,57,0,76,87,57,94,2,3,317,0.9083290090978031,0.7546506028099524,-0.24912778910546027,0.6345020437885663
50,46,42,36,28,72,0,33,31,31,17,0,0,34,20,41,3,3,318,-1.5781028738837852,0.06474684355469795,-1.15401745048912,-0.9076944362260444
50,43,100,100,100,51,0,63,67,68,69,6,100,100,61,100,4,3,319,1.2003656461665473,0.5094845565630047,0.48987387923958375,0.8021560681283315
50,45,100,100,100,51,63,97,94,100,100,18,100,100,63,100,5,3,320,0.9565922373680393,2.200857789432007,1.4855417393015518,0.019055864662299752
50,49,100,92,94,51,0,72,64,70,57,0,100,83,64,100,6,3,321,0.8501154794938041,1.119123971669247,0.04665726347376288,0.5006549797260402
50,48,100,100,100,52,0,100,100,100,100,17,100,100,88,100,7,3,322,0.9589252550204954,2.315619401252951,1.3341813164629357,0.21901919862845912
50,41,62,56,60,59,0,54,56,55,43,0,61,62,56,59,8,3,323,-0.6975334065401422,0.7272725660648116,0.1580097752440546,-0.20342372452076174
50,47,78,64,69,65,0,50,53,52,48,0,40,48,31,74,9,3,324,-0.2666753058878162,0.5638250385172792,-0.613308854888619,-0.8450110840492839
50,40,100,91,84,51,0,70,77,80,63,11,86,84,67,100,10,3,325,0.8774886469171194,1.096941670873873,0.0923535579955178,0.24261452414834825
60,63,97,100,100,63,0,51,77,44,63,0,81,99,57,100,1,4,355,1.2171117358852108,0.08084373908554468,0.03539611212908399,0.7368955420246067
60,62,53,59,57,58,0,46,43,39,43,0,13,34,48,46,2,4,346,-0.9671958384721515,0.5952266477742029,-0.857817601506482,-0.9902396783537925
60,70,100,100,100,71,78,71,79,75,72,0,57,78,100,100,3,4,419,1.05204631220239,1.441146552101482,-0.1903723189309887,-0.4542693553789739
60,68,98,89,100,54,0,50,60,61,88,0,63,73,28,100,4,4,406,0.8621502520485635,0.0902505875927409,0.23770508600377646,-0.3521539483639399
60,66,92,78,91,87,0,29,79,63,36,0,34,42,12,100,5,4,389,0.8061312043112364,-0.20902641094898766,-1.3255101012665158,-2.3209232199599357
60,64,67,70,15,52,0,7,0,12,100,0,99,73,14,93,6,4,372,-0.27046397376001013,-2.4362213608274272,0.3965747589194155,2.5131262407944663
60,69,59,76,100,37,34,43,17,24,100,0,59,69,0,92,7,4,414,-0.21816665870891372,-0.3144378596866722,1.0155216399798186,0.36461418583694993
60,61,100,100,100,32,0,51,91,100,11,0,100,100,75,100,8,4,343,1.7160597484340772,0.3481463688648707,-0.38543676052125203,-0.07864761373415462
60,65,100,100,100,66,0,70,32,100,100,0,70,100,68,89,9,4,382,1.1623650342436775,0.5554538753894204,0.8520547842081609,0.17411016212396413
61,68,83,76,87,50,0,21,78,41,79,0,38,51,46,78,1,4,398,0.3537738070283503,-0.7228628628751153,-0.10577006343819477,-0.986976756408288
61,63,41,40,41,51,0,69,40,27,37,0,52,44,71,61,2,4,356,-1.815140821915387,1.6409434155113083,-0.17937094646276192,0.49995843486812996
61,67,100,100,100,50,12,64,63,82,83,0,100,100,66,100,3,4,396,1.23715842178812,0.49378573288125593,0.8093751221661504,0.5757851788478828
61,62,44,35,29,65,0,37,26,28,30,0,37,37,36,40,4,4,350,-1.7152615415763444,0.12170095714883233,-0.4632935897587696,-0.17156435753534083
61,70,57,38,38,60,1,50,36,37,29,0,61,62,67,60,5,4,420,-1.3245399472915254,0.5879106821070258,-0.02069348850587554,0.7650516421345873
61,65,40,35,23,57,0,31,33,33,39,0,40,38,41,42,6,4,380,-1.688423344544633,-0.16195910091795124,-0.21697062185515997,-0.15117730394174664
61,69,60,51,50,50,0,45,41,41,61,0,50,50,37,60,7,4,413,-0.9927935999660726,0.24865296420877755,0.13236394185951658,-0.032664176288061446
61,64,76,75,81,50,0,65,68,65,79,0,71,73,59,84,8,4,371,0.02675565900573895,0.9677494241958651,0.6503821572555945,-0.05838691729905904
61,60,88,77,78,56,0,63,50,51,47,0,68,77,76,81,9,4,343,0.17296349965158533,0.8894367013937063,-0.27452550004015663,0.6950423698601578
61,66,51,27,18,65,0,29,25,23,27,0,34,36,36,44,10,4,392,-1.7884738073210116,-0.20866514678569562,-0.6274299156348864,0.09313105896800034
62,70,76,77,72,36,0,34,61,68,68,8,28,64,27,77,1,4,418,0.33376465554637574,-0.37657554873015003,-0.1367004808591579,-0.7905320653990952
62,60,63,64,58,43,0,28,63,57,68,5,44,65,39,68,2,4,346,-0.20700559513246947,-0.5900554521972472,0.3436669610265479,-0.3938386865641666
62,68,63,64,64,51,0,29,37,62,75,3,43,66,24,77,3,4,402,-0.1609045247175396,-0.7438469932111946,0.4370201453936424,-0.4333471566906557
62,69,43,44,50,61,0,25,50,48,62,1,34,51,22,77,4,4,411,-0.9376220323070344,-0.5412074550962147,0.3296837004520746,-0.8951986196430712
62,64,54,68,51,51,0,30,59,40,76,0,62,61,36,75,5,4,368,-0.36727860567643633,-0.6044177384157428,0.33754193452045805,0.05420743764946668
62,61,71,67,60,43,0,41,50,67,73,0,38,70,37,82,6,4,350,-0.037044519786710646,-0.17032121678958673,0.18413612188698922,-0.1980629859317704
62,65,67,71,66,43,0,34,68,51,74,0,69,68,30,77,7,4,378,-0.01539344511404971,-0.44979577365547685,0.5322992776368988,-0.11086103839113999
62,63,81,76,60,64,0,51,51,64,65,0,31,67,30,79,8,4,362,0.17492356578239718,0.25618160155755465,-0.4789551534232891,-0.39973855736598946
62,66,74,75,75,44,51,55,66,65,64,0,51,72,21,98,9,4,391,0.2014535717373527,0.593683539073571,0.1330076012402682,-0.44437512453326194
63,70,89,48,82,100,88,71,43,34,55,48,49,49,50,92,1,4,417,-0.8947142286914745,1.8996304685619578,0.19553150884147166,-0.45273883687487637
63,60,96,93,88,54,0,16,83,71,50,49,51,63,21,87,2,4,355,1.2334411566319854,-1.0197778712901637,-0.4274481841361408,-1.3384118742034432
63,61,50,47,47,40,0,23,21,32,49,45,50,45,18,56,3,4,356,-1.1917674476799354,-0.6585946310119208,0.28974740286099143,0.09471243228883636
63,64,3,2,1,49,0,5,3,0,55,35,44,7,4,38,4,4,365,-3.2353301223698807,-1.0924597100051725,0.6866063722330561,-0.13995125626278962
63,68,47,69,63,50,2,36,54,55,66,55,43,55,27,80,5,4,401,-0.4487275324112617,-0.06822483723747688,0.43095950185584364,-0.7058273137070824
63,65,76,70,86,74,2,32,43,59,61,61,49,51,45,97,6,4,374,0.08168615557097977,-0.15785844252548234,0.10421452822792453,-0.9874452491680408
63,69,36,46,53,54,52,49,51,48,65,61,51,53,11,71,7,4,415,-1.4165066536183017,0.7059934870594422,1.2049963285586218,-0.6099321653290297
63,66,77,100,97,44,3,0,68,50,51,48,51,64,25,83,8,4,390,1.2007011707173902,-1.7941359428226664,-0.3291022083420036,-0.9878502373829681
63,62,57,66,52,24,0,19,51,45,50,48,50,50,7,73,9,4,362,-0.36597479668539074,-0.8665592934351367,-0.025078681859676193,-0.265490397249339
64,67,79,71,100,45,0,51,54,55,80,0,69,83,43,89,1,4,394,0.1731371113241578,0.22953558109307629,1.0304806925726113,0.12269351901520296
64,68,43,42,28,60,0,32,10,37,46,0,15,40,42,56,2,4,400,-1.4183886237418937,-0.2637473627899947,-0.6200642294164124,-0.12491880028278445
64,63,23,42,28,54,0,44,7,12,28,0,36,46,46,54,3,4,365,-1.8761633112895195,0.2891976143752465,-0.5494777624601676,0.7813270308957275
64,65,85,85,72,50,0,42,45,46,58,0,57,74,39,77,4,4,375,0.4458714117256405,-0.2546946601607972,-0.4090551376320646,0.4450509576712349
64,69,57,61,42,48,0,53,14,15,47,0,64,68,52,86,5,4,409,-0.8641773745523952,0.3075555502553862,-0.4195322954254206,1.8586883205581004
64,62,60,57,90,57,0,54,60,58,81,0,40,61,48,65,6,4,368,-0.618866370053316,0.7305875106805471,0.9896645888947817,-1.019504828553384
64,70,73,68,54,48,0,53,44,42,47,0,79,73,45,89,7,4,421,-0.2185088836468366,0.33816840444645746,-0.17869157704173216,1.0559166399646682
64,66,65,72,46,55,0,53,47,37,34,0,66,68,26,84,8,4,387,-0.2559553963068411,0.375438432895231,-0.7410353770660394,0.728833793553009
64,61,93,96,46,51,0,56,38,46,37,0,64,70,43,92,9,4,371,0.644059394299534,0.27729131839513044,-1.643041995728659,1.187081967917714
64,60,65,61,39,52,0,53,41,36,53,0,46,71,45,90,10,4,372,-0.5549567226720888,0.3872747070362578,-0.42409945814149663,1.0547140840991012
65,67,85,85,66,50,6,12,62,63,73,0,89,82,26,94,1,4,395,0.9653035257843974,-1.7455063314478394,0.37364712915555737,0.17406474004728764
65,63,76,66,62,76,0,18,34,36,55,12,72,71,77,74,2,4,374,-0.024345352537946133,-1.130691068128911,0.08643197303920354,0.66726269379196
65,64,75,71,72,60,0,30,63,65,76,26,75,76,23,79,3,4,375,0.2171958218686159,-0.6945480136795819,0.9569003106440341,-0.358566472982117
65,69,59,63,61,27,0,14,37,36,51,9,94,82,42,79,4,4,407,-0.16570790844206076,-1.4771246620873442,0.7715778326713573,1.2637934544892342
65,68,67,55,57,51,0,10,57,37,70,11,57,58,39,63,5,4,405,-0.4156733195317502,-1.3299126187322,0.538463763789296,-0.15627123529686415
65,62,66,68,71,54,0,23,60,60,61,6,70,65,55,75,6,4,378,0.06302863355405573,-0.785667975740757,0.4499997006256079,-0.4573581441346262
65,66,63,41,40,51,0,29,39,26,56,11,31,40,54,60,7,4,386,-1.2238713570910074,-0.22530604488988867,-0.2516037306340226,0.08629986590693274
65,61,69,68,69,51,0,18,62,39,69,18,31,67,28,72,8,4,380,0.002282877671941551,-1.0269522036372816,0.17904818263938965,-0.366044985838349
65,70,72,71,85,63,0,32,63,66,66,14,68,74,60,72,9,4,422,0.20425577882114945,-0.40894514494100254,0.7826209867624682,-0.5806607656401156
65,60,71,81,84,47,0,26,60,40,55,3,100,90,61,83,10,4,382,0.4821895567886698,-0.9316458743208119,0.670391771793198,0.8961208018218505
66,67,100,100,100,51,56,68,89,44,62,0,64,60,54,100,1,4,393,0.8473312605586296,1.3807811904669365,-0.7295290559044052,-0.3724085257418377
66,69,78,90,95,62,58,65,28,38,65,0,65,100,31,100,2,4,408,0.4726949220221086,0.5786486586262544,0.2972142602773208,1.1166576777731818
66,68,54,44,43,50,0,19,24,18,53,0,52,53,18,53,3,4,404,-1.1402687873075719,-1.024794803580174,0.15392140133312596,0.4665047626291331
66,65,84,70,65,54,5,32,41,40,100,0,57,55,44,71,4,4,386,-0.13192214813479003,-0.6256031760228585,0.39665832528798,0.14627160134827313
66,64,64,63,42,63,0,22,38,38,100,0,100,82,67,71,5,4,387,-0.3806696536794055,-1.3564370598282176,1.4109425963735875,1.4714873898290606
66,70,43,54,62,50,0,45,11,59,100,0,59,100,80,57,6,4,424,-0.8766893070701308,-0.3571954526889339,2.1125010948612,1.275806256088431
66,60,45,47,54,48,0,11,39,46,100,0,42,61,40,56,7,4,389,-0.9033419593054856,-1.4530063755720257,1.4113280206129195,-0.3069523323624265
66,63,99,100,100,83,0,59,83,100,100,0,29,61,36,100,8,4,390,1.2791652782922485,0.6709674552559076,-0.19758298624377132,-2.261557824402504
66,62,62,60,76,51,64,64,55,33,100,0,31,56,43,74,9,4,391,-0.907614697763787,1.1847883625940616,0.8171153859620665,-0.24697661209236876
66,61,42,34,16,20,0,28,24,27,100,0,35,31,67,29,10,4,392,-2.056376666123616,-0.46928043293289173,0.7907300252628366,0.6203945613474928
67,66,93,94,94,72,85,61,60,54,43,16,41,63,24,74,1,4,393,0.6170825148910075,1.028144610321529,-0.7882267866356265,-0.9601546068366721
67,64,74,83,82,54,0,27,70,84,83,11,87,83,20,65,2,4,394,0.6553528208506423,-1.008909118016463,1.318448366277549,-0.7987471498205095
67,65,96,93,96,39,14,64,61,89,77,6,62,92,51,88,3,4,395,0.9739745803852317,0.6575100458152285,0.5183425461231299,-0.06820668303631458
67,61,100,100,100,51,35,51,98,84,84,2,82,100,49,98,4,4,396,1.4550420933578234,0.12834911872767057,0.837951496292663,-0.2959276103309307
67,70,72,72,56,50,43,59,44,55,65,0,46,67,60,66,5,4,425,-0.32129096619323316,0.742260350679169,-0.05233303881080372,0.3054680759755222
68,61,75,66,56,34,0,36,54,43,52,0,85,65,28,81,1,4,398,-0.14038952246189745,-0.3673041572321268,0.05435558566054276,0.6191384859860373
68,70,64,66,82,56,20,38,61,73,56,0,40,66,75,85,2,4,416,0.04663261017325325,0.10026788478442214,0.20624038401323386,-0.9733035486336227
68,64,29,28,48,59,0,5,25,53,76,0,12,10,15,48,3,4,400,-1.684108510576528,-1.1423667609354018,0.4168933970847704,-2.36780773472728
68,63,45,52,53,55,0,11,61,53,51,0,11,45,31,56,4,4,401,-0.6282432907519295,-1.0045208303470394,-0.19412854676131863,-1.5779010590676648
68,62,59,65,67,32,0,22,11,59,53,0,46,58,16,65,5,4,402,-0.23225128775188325,-1.0694362327797728,0.008615664662608073,-0.300633568979058
68,69,65,75,100,52,0,31,36,100,64,0,33,85,42,100,6,4,410,0.7230583528665325,-0.6658570957052706,0.5677563886749823,-1.2710564892797795
68,66,56,55,18,47,0,28,27,40,51,0,13,52,33,72,7,4,404,-0.7759625884821925,-0.6376480746817976,-0.9622156717708209,0.3493598314740275
68,65,40,55,58,42,0,15,45,57,59,0,33,59,13,36,8,4,405,-0.7124267849546065,-1.1661279740052717,0.6479023768826089,-1.0588234541088488
68,60,73,78,83,53,0,25,53,73,52,0,72,68,0,62,9,4,406,0.47385147085308127,-0.9492878907333431,0.3215519408333609,-1.112288509071327
69,65,93,95,92,45,0,42,60,61,66,6,86,97,45,100,1,4,407,1.1500562754008679,-0.43171290125698086,0.3402961941897154,0.7082057387334966
69,66,85,98,99,52,77,93,79,65,52,0,78,89,64,100,2,4,408,0.6497956712517947,2.3030765756047393,0.026161168740676154,0.24080204514624887
69,64,82,67,67,55,0,58,64,58,73,5,79,73,58,98,3,4,409,-0.04335701261669099,0.6545081975852154,0.47048799703821453,0.43023168832803016
69,68,94,92,96,59,0,57,76,90,61,0,84,94,64,96,4,4,410,1.1536321865354708,0.4370625279229628,0.4106314245886622,-0.24566829082019634
69,62,72,69,71,50,0,54,57,58,47,0,79,76,40,97,5,4,411,0.03522813475150538,0.46760872417311883,0.12218952956052263,0.29074505869192113
69,70,97,96,100,56,75,86,67,75,68,12,93,96,45,100,6,4,423,0.8218450857138629,1.7365168809239326,0.6647691493842913,0.36843094156880635
69,61,74,77,87,46,0,57,64,74,68,0,84,83,47,97,7,4,413,0.3555740124582794,0.49979008535503144,0.7691789480683785,-0.033954261294989976
69,60,94,90,91,56,55,75,73,78,58,0,79,95,56,98,8,4,414,0.8184990502046768,1.3247196019408247,0.3154886221168688,0.18225309145127427
69,63,88,90,92,54,67,80,66,74,69,0,87,87,46,98,9,4,415,0.5830059128764998,1.530613067280409,0.5473892412954491,0.129210311053013
70,68,100,100,100,58,6,22,49,48,76,15,51,100,47,88,1,4,416,1.414557412743671,-1.3639565924573422,0.1590181703307902,0.5418579007997743
70,63,84,73,100,17,98,87,80,84,78,5,85,86,87,100,2,4,417,0.08155538093942387,2.238321592267157,1.445766877847059,0.22834063010465222
70,62,72,100,100,72,0,26,67,67,88,0,79,94,43,88,3,4,418,1.2002217911513189,-1.1618718262147811,0.9238963851627283,-0.4540532181733734
70,60,97,87,88,21,56,51,74,74,77,7,66,78,45,85,4,4,419,0.7487999674151035,0.340352013340545,0.48903074988781586,-0.08944243420714826
70,61,70,81,72,39,0,32,65,75,68,12,72,90,48,77,5,4,420,0.5330812584928754,-0.7064841897765154,0.8114997018678458,0.09244301383874474
70,64,82,75,65,39,0,21,56,46,58,0,61,84,43,59,6,4,421,0.34392086576439224,-1.1821945143334038,0.22210010096000246,0.6086740385251006
70,65,91,100,100,51,0,19,82,91,81,0,68,94,33,87,7,4,422,1.6656429381428168,-1.4134788265316087,0.6885660095592679,-0.9806284991413274
70,69,87,82,75,70,50,58,61,84,87,0,79,97,36,84,8,4,423,0.584016602925561,0.293623200392775,1.1172798358565181,0.00822991196615247
70,66,65,77,82,66,0,22,65,78,69,0,66,78,36,67,9,4,424,0.48570253983506007,-1.0430050195234215,0.82857865183929,-1.103341701223464
70,67,92,84,92,48,2,12,80,86,84,6,91,100,31,99,10,4,425,1.3703739853975596,-1.7468764073056884,1.3370977237012545,-0.3588912422187704
80,89,65,59,35,47,0,19,26,26,37,0,26,35,23,88,1,5,516,-0.5020248532615106,-0.861351451187686,-1.5609278572060055,0.01950855875454174
80,81,91,92,88,57,54,60,47,84,81,0,62,97,32,96,2,5,438,0.9355541133031213,0.34083648034839586,0.5799055987206582,0.032135061755414404
80,83,94,94,66,46,61,64,45,45,35,0,56,92,54,96,3,5,456,0.7138563612205807,0.7422573417773292,-1.0180043913347938,1.4137344084958041
80,87,97,98,81,65,14,40,90,88,65,0,95,100,66,100,4,5,500,1.5059030585969382,-0.4049908518245013,0.3809914522995352,-0.011327068601142324
80,82,72,69,56,51,0,20,54,40,54,0,44,60,34,73,5,5,450,0.014761325787804832,-0.9717603568618445,-0.44975169998686965,-0.10922152782857235
80,88,95,95,81,51,0,41,66,67,58,0,61,91,63,100,6,5,510,1.2091449386721416,-0.3205591907959773,-0.35949290096330166,0.3761617067833225
80,90,95,93,78,29,40,45,72,45,60,0,93,85,68,95,7,5,532,0.8466255863622282,-0.02573247665487133,-0.018598521192422404,1.1962819643287237
80,85,88,90,69,53,0,35,61,62,65,0,64,89,42,91,8,5,483,0.9326054944107007,-0.6952824844557631,-0.11143388084374291,0.42369671964765465
80,84,71,68,32,53,0,28,29,28,46,0,44,62,38,71,9,5,474,-0.29241866824002216,-0.7976310599083412,-0.9518511621588258,0.9766898540690581
80,86,92,85,82,45,0,35,59,71,79,0,85,91,55,87,10,5,495,0.8763937842160959,-0.712299293266475,0.7365008334619043,0.4466095057919612
81,89,89,91,79,71,0,51,73,56,51,0,44,59,53,92,1,5,517,0.7149348881550932,0.5060716843057202,-1.109999461614038,-0.7233852486582895
81,82,79,80,81,51,0,46,60,53,51,0,54,70,31,100,2,5,448,0.4574340804068024,0.13733124252759707,-0.44096592278648644,-0.20439158320757944
81,80,100,100,100,51,50,59,59,61,54,0,56,100,51,100,3,5,438,1.2473633146190835,0.48720850153911827,-0.2577665122934547,0.4983109830180265
81,90,100,100,100,51,0,52,72,52,51,0,100,100,61,100,4,5,526,1.2865888906313958,0.10599888084144517,0.04435029919422433,0.9796767489924119
81,83,100,100,100,51,97,98,81,51,51,0,96,100,97,100,5,5,458,0.7421032176383385,2.5162325230046467,0.11544833409602077,1.3345527536053596
81,85,100,100,100,51,99,51,99,97,51,0,99,100,98,100,6,5,478,1.5626249367736678,0.4905378542646433,0.5269640257849916,-0.2738844816743087
81,87,100,100,100,51,0,51,69,70,51,0,100,100,51,100,7,5,503,1.4107152408241639,0.009617197745904495,0.14829006339472753,0.5333706283834648
81,84,100,100,100,51,0,51,51,45,51,0,51,100,52,51,8,5,473,0.985201081798891,-0.006417024576105356,-0.20217422786013767,0.7514152944074604
81,86,100,100,100,51,0,51,100,100,51,0,100,100,51,100,9,5,493,1.6649494174405362,0.16540402727653966,0.3920676634966587,-0.5128313961694386
81,88,100,100,100,51,0,51,51,51,51,0,100,100,51,100,10,5,514,1.253116673369657,-0.0802716513105808,-0.0021237994689760503,1.1765819808437974
82,89,79,75,65,54,6,63,75,43,31,0,43,65,69,82,1,5,518,-0.015407871128783487,1.2166023396189187,-1.0321280499805012,0.15521761366185655
82,86,69,58,73,53,0,51,46,63,52,0,89,69,35,42,2,5,486,-0.5608189381783489,0.33794025251096205,0.9640417232067967,-0.1622796226588199
82,81,61,67,71,60,0,41,70,63,7,0,39,55,56,57,3,5,448,-0.1364172361583277,0.43107730290948304,-0.9177384343762202,-1.268798324538125
82,87,82,79,84,52,0,59,92,86,10,0,73,73,76,89,4,5,499,0.6360252603239324,1.1197151050078196,-0.658548575221676,-0.825492576018771
82,80,65,52,71,67,0,21,45,61,41,0,73,68,70,57,5,5,450,-0.33994868945433104,-0.7788069127745534,0.5991524770861332,-0.4058942239886872
82,83,63,61,68,85,63,56,59,78,8,0,62,62,65,63,6,5,459,-0.31465023284093907,1.1061872597452778,-0.3668895492777528,-1.2257656952020266
82,90,74,73,71,36,0,56,67,67,19,3,71,76,68,76,7,5,533,0.13286156164957372,0.7835590694807374,-0.3771494513400646,0.18908520820979516
82,84,65,43,44,35,0,41,32,41,12,0,41,38,58,38,8,5,470,-1.2062627481481247,0.4149648962226666,-0.8806241443736323,-0.03965097540115621
82,88,75,76,69,62,24,44,60,62,38,22,67,62,59,59,9,5,513,0.042687264622139044,0.2934545910609681,-0.17011106636035658,-0.46167920513279587
82,85,67,65,70,73,0,55,67,63,7,5,66,53,67,63,10,5,485,-0.2820314783979501,1.0557103452724208,-0.7617384204777109,-0.933092580364998
83,80,62,75,80,59,51,60,68,62,77,0,67,81,36,75,1,5,456,-0.09077958295098017,0.7360864959604756,1.0222686582347305,-0.3313574677156966
83,86,60,69,39,58,0,28,71,27,58,0,36,58,58,54,2,5,489,-0.42850133789827904,-0.4841242058860126,-0.49494339597502085,0.13817674008204262
83,81,97,100,100,68,81,91,82,75,77,0,85,100,27,100,3,5,458,0.9474897125081124,1.88633399482649,0.6744973427471538,0.0009912693782872537
83,82,96,98,92,44,0,57,66,77,51,0,77,92,60,98,4,5,459,1.2172115454613692,0.390361068283434,-0.19693998598003146,0.29923083437199355
83,87,78,92,87,45,0,26,57,80,58,0,85,97,26,95,5,5,502,1.2061816757745891,-1.184650273041621,0.5025122312557391,-0.04581959759392181
83,88,88,94,77,83,0,18,57,68,54,0,95,96,4,66,6,5,511,1.2243407804315354,-1.6801321535631184,0.3481109282991085,-0.21006356539430204
83,90,60,73,74,51,3,40,76,77,56,0,69,82,54,85,7,5,534,0.2630378038831286,-0.09122578848636621,0.6178110383920474,-0.5095997403987697
83,84,34,33,55,61,0,34,11,20,28,0,39,37,61,52,8,5,469,-1.7809817693175736,0.11762139977092657,-0.18630313707512,-0.12386910592591097
83,85,99,99,100,47,37,63,95,90,60,0,85,99,59,100,9,5,479,1.384301833792003,0.7848227097164601,0.41105052628705757,-0.23022156812549538
83,89,64,59,88,57,51,66,46,56,48,0,17,40,61,95,10,5,523,-0.5943012830297292,1.6795215961847463,-0.5718658823963947,-1.2998442387403286
84,89,92,100,72,29,0,27,75,29,59,0,100,69,8,67,1,5,519,0.8657858050385626,-1.011042536549217,-0.32488334059294205,0.6570589000041083
84,87,71,17,16,10,0,3,48,22,63,25,75,15,0,66,2,5,496,-1.7148850289569773,-1.2878494459018202,0.37223829756549287,0.1777323613691977
84,90,75,67,72,41,0,23,78,25,33,0,78,58,4,56,3,5,531,-0.08870875223341383,-0.694476898114164,-0.16689682908220171,-0.2436854054878321
84,83,40,31,4,51,0,5,8,16,5,0,68,24,36,26,4,5,469,-1.8345411514836942,-1.3154181348848637,-0.9102371568816457,0.43521927273553707
84,82,59,26,28,62,0,22,33,30,21,5,64,29,32,63,5,5,470,-1.5141251237502278,-0.4124157260975259,-0.5137936213192741,-0.18980226340198458
84,85,31,63,71,38,0,30,59,29,50,21,37,59,22,64,6,5,480,-0.7687684506811183,-0.2776831829124054,0.35278280806860574,-0.502346234416009
84,86,34,32,68,51,51,30,25,19,100,100,72,39,60,57,7,5,491,-2.138103062146821,0.053086740041223865,2.5485813599269083,0.12218557907330807
84,81,58,39,49,51,0,18,30,21,65,33,63,36,17,49,8,5,473,-1.3863018716094404,-0.8296600534817925,0.6437037884304099,-0.07485717973658092
84,80,30,17,0,63,0,6,0,0,50,33,86,22,12,41,9,5,474,-2.520837112052813,-1.3863471335035706,0.5293600224448454,0.8215112611273573
84,88,100,100,100,37,0,38,58,61,62,3,43,100,35,100,10,5,515,1.4721497894938123,-0.6013956583435784,-0.2608158524401115,0.381253514595368
85,89,91,92,91,51,4,58,63,63,72,14,67,90,37,82,1,5,520,0.7560359796607652,0.39018535214360306,0.400988810935332,0.24399507400358852
85,88,58,64,44,50,0,51,53,18,60,18,68,58,25,63,2,5,506,-0.8972230943829764,0.39498901186528124,0.06483362696494524,0.8240639561207523
85,81,80,85,83,64,62,69,66,66,68,16,75,80,30,89,3,5,478,0.32379436287568375,1.1228067940533917,0.5179579850292734,-0.20265683121585223
85,83,96,94,95,73,53,53,78,76,53,13,68,89,6,79,4,5,479,1.0791077732386587,0.3181788853023878,0.19239263613829283,-0.8812288310072357
85,84,61,65,54,63,0,25,60,60,61,14,66,59,20,59,5,5,480,-0.24554724581257112,-0.7591936485575392,0.4175738892496254,-0.7623453531194045
85,90,83,82,74,50,0,63,62,62,63,11,83,83,19,77,6,5,535,0.2813776765453437,0.6245547811532159,0.43575406550863366,0.33338579662839585
85,86,65,82,72,43,0,32,62,62,82,18,85,85,62,46,7,5,492,0.15291966391102982,-0.714851858491206,1.3417944493160054,0.31579556166666084
85,80,77,75,64,50,0,41,75,64,67,22,37,70,26,51,8,5,483,0.0707625058064556,-0.05039157578288687,0.25300012444266096,-0.6680743632620599
85,87,90,89,75,51,0,38,72,74,72,21,79,79,23,80,9,5,505,0.8320982296078142,-0.45675089308346783,0.41928184793633594,-0.2817889735543872
85,82,84,80,76,53,0,31,75,60,77,13,55,72,24,61,10,5,485,0.4348066040092771,-0.6148137777522484,0.46808686426998053,-0.6172266032817325
86,82,74,34,37,44,0,40,46,47,37,0,54,42,22,69,1,5,486,-1.119124401891487,0.21564692596368207,-0.2968915622511032,-0.1495145224711557
86,90,86,81,73,50,0,64,65,68,30,0,54,65,39,86,2,5,527,0.3868142769477207,1.0623782281876495,-0.9626888623572971,-0.3937058631130555
86,87,87,91,90,80,0,21,35,71,57,0,68,78,26,97,3,5,497,1.190660789078756,-1.3174207173523667,-0.24416021799841436,-0.6331237031991641
86,83,53,27,28,68,0,19,39,31,30,0,36,38,26,67,4,5,489,-1.4115042397621307,-0.6015313137984176,-0.4924604083801293,-0.4404647119594109
86,88,45,88,89,61,0,54,82,67,65,0,73,65,33,79,5,5,508,0.17543153696585997,0.5834649295421118,0.4887296256272338,-1.2968742021745552
86,84,37,27,18,51,20,36,18,15,25,0,35,28,47,34,6,5,491,-2.2033083822447828,0.23474300180507524,-0.5727146133269989,0.24931462334935603
86,85,59,68,55,48,0,40,44,59,40,0,59,65,45,85,7,5,492,-0.15351955851936042,-0.08991084572572948,-0.35129623285971867,0.02359361054761234
86,81,72,88,83,65,0,41,80,70,56,0,69,72,57,90,8,5,493,0.7093613045085562,-0.018587597101248684,-0.06637670760347929,-0.7973310079469239
86,89,70,69,45,42,46,57,36,39,40,0,46,43,68,71,9,5,525,-0.6063638107263458,0.9412690031140486,-1.1073274804815547,0.408386862907936
86,80,69,73,73,74,0,44,61,61,54,0,65,68,41,78,10,5,495,0.10301499979988327,0.08548660766111923,0.06476514795498015,-0.6160386596724753
87,84,79,83,73,63,0,26,52,50,52,0,56,66,42,82,1,5,496,0.556190566054067,-0.8018581533248279,-0.5406052576823203,-0.2759010306271901
87,86,89,86,63,37,0,51,47,55,79,0,66,77,59,75,2,5,497,0.36723507450706117,0.039264138046697795,0.02809574304507217,0.9459491851352859
87,90,76,84,71,42,0,60,61,62,36,0,63,75,60,85,3,5,528,0.34846951737459086,0.7834778756378026,-0.596846903434144,0.27968192637391637
87,82,100,94,86,68,0,66,77,78,56,0,41,82,63,100,4,5,499,1.0697793943540435,0.9972225990051806,-0.723974251332422,-0.4421695087158454
87,80,70,74,77,64,16,65,64,61,59,0,57,70,63,76,5,5,500,-0.10324344196331048,1.120987351999387,0.1404525724923262,-0.31293537291756146
87,88,61,59,58,29,0,59,37,41,58,0,41,70,84,89,6,5,509,-0.6871312710230673,0.8342988148946834,-0.05263350791623019,1.1248810241519718
87,83,57,57,60,57,0,34,44,44,43,0,44,65,30,79,7,5,502,-0.4575689966821631,-0.2868030520521956,-0.12856486083392898,-0.15499740628540837
87,81,100,100,100,77,0,40,65,64,59,0,62,87,35,100,8,5,503,1.4498912880623054,-0.39516538980769345,-0.39491523894686315,-0.4191182154649607
87,89,81,78,62,31,0,65,38,25,40,0,65,80,63,76,9,5,522,-0.1487220019635948,0.83795609165176,-0.6111151753570896,1.8938492243870992
87,85,75,77,63,51,0,64,62,62,43,0,56,80,63,84,10,5,505,0.12400665277970113,0.9376787059120175,-0.37469830523230846,0.4179199027697586
88,85,70,78,79,44,0,4,65,51,48,32,81,82,62,91,1,5,506,0.6555684159312494,-1.6746344631367898,0.46095449646473025,0.23489716743215552
88,90,71,72,78,32,0,14,81,81,54,27,92,82,73,78,2,5,529,0.5381267905548854,-1.148161599661632,1.0940705746348793,-0.28285860186424727
88,86,100,100,93,59,24,59,96,95,78,51,94,92,73,84,3,5,508,1.1808197154228512,0.6840252559014539,1.0446896516462878,-0.3289695499435457
88,87,100,100,95,77,0,56,80,77,81,38,81,88,86,84,4,5,509,1.1042315034446168,0.482643240826928,0.6017761050960885,-0.10901599002774034
88,80,91,85,78,70,0,53,65,55,68,49,49,88,77,83,5,5,510,0.48667433501603785,0.4459976061270923,0.227117292950622,0.4981963423648823
88,83,92,86,82,26,0,51,69,75,63,48,89,91,70,94,6,5,511,0.7131733389175288,0.27809503424637205,0.7510829661811584,0.8167109097509513
88,89,75,69,62,55,0,53,28,61,49,48,84,77,75,89,7,5,524,-0.17041183529291645,0.42186451329571795,0.3729460690474413,1.0531282127205777
88,82,38,43,35,52,0,55,31,33,37,34,57,54,77,39,8,5,513,-1.7788172046686388,0.9210487331860854,0.348081339774814,0.7599473073818408
88,81,81,81,78,74,0,53,55,65,54,49,77,97,73,90,9,5,514,0.4398418089120438,0.347481839977879,0.608967262462952,0.6869084700853313
88,84,83,87,92,55,0,63,76,77,78,51,75,94,67,89,10,5,515,0.560336598919578,0.8329245765041214,1.1520498118809006,0.1462280644406791
89,80,25,60,59,58,0,25,32,32,72,25,76,58,33,61,1,5,516,-1.0332310802999862,-0.777024167040295,1.1475918449061047,0.014848856222909854
89,81,59,58,54,55,0,16,58,59,59,10,43,60,35,70,2,5,517,-0.2657335581791975,-1.039049880880697,0.2412963733169775,-0.7558080111224881
89,82,95,88,87,54,0,43,80,84,67,9,74,67,55,95,3,5,518,0.9704558806519181,0.05407413790664124,0.017192624451075736,-0.8848524038987295
89,84,74,79,71,74,0,10,53,61,54,9,53,74,15,77,4,5,519,0.6652517301582683,-1.6200656539322624,-0.07356820153337318,-0.8030360537001819
89,85,82,85,95,71,0,35,62,63,61,5,72,81,13,97,5,5,520,0.8634036678022089,-0.549090872424273,0.2559704256375091,-0.6603119542849407
89,90,85,83,82,50,7,34,58,59,55,7,67,73,41,95,6,5,530,0.6977178018494911,-0.449496471738552,-0.16456957785182733,-0.11883672647331943
89,87,83,79,91,65,0,22,52,61,76,5,79,78,14,90,7,5,522,0.7179717395444215,-1.2082542266732292,0.7096594613609492,-0.48487578751524224
89,83,56,66,52,51,25,46,42,45,47,2,57,57,33,63,8,5,523,-0.5879678102752343,0.23357066244111846,-0.18347120707274528,-0.0105319855447421
89,88,55,59,47,50,0,35,40,47,66,6,65,61,57,84,9,5,524,-0.5847466189728339,-0.32421346157754044,0.28707190034748387,0.4320913632759842
89,86,68,80,67,53,22,40,55,54,91,7,75,74,57,83,10,5,525,0.1210163156299334,-0.30219669561983736,0.780391385549961,0.3278794879344465
90,81,89,88,86,70,0,43,35,65,63,0,86,83,40,91,1,5,526,0.806174855358686,-0.39131615114186225,0.1418689675214764,0.2380104574740668
90,86,89,88,93,51,0,53,74,71,72,0,85,85,51,83,2,5,527,0.7636677480746586,0.26660196139536146,0.6197709937695185,-0.08081737330596223
90,87,67,67,57,60,0,40,65,61,41,0,71,74,39,69,3,5,528,-0.06037295527264538,-0.10862666421836924,0.07800082132032485,-0.13539149460460628
90,88,55,63,53,70,0,51,43,44,43,0,37,42,64,44,4,5,529,-0.8686196232095513,0.7008643482564048,-0.6307613210740759,-0.601910477894256
90,89,77,68,58,50,21,55,35,39,37,0,58,64,45,65,5,5,530,-0.37079735377546214,0.5762386923058945,-0.573288147926866,0.6531086660037517
90,84,55,57,57,50,0,53,33,55,45,0,56,35,42,56,6,5,531,-0.9683708129005443,0.7483967592951154,-0.30618912034949874,-0.699580650030149
90,80,65,66,67,67,40,59,59,60,59,0,55,44,38,55,7,5,532,-0.5866193255989383,1.0458201123794446,0.029243829054400105,-1.179298345983696
90,82,62,61,58,63,0,35,40,57,47,0,68,67,45,64,8,5,533,-0.3565506522079591,-0.3553834641453467,0.21315759442059878,-0.07732949504710777
90,83,46,47,48,58,0,37,36,43,19,0,57,43,43,54,9,5,534,-1.1205743305500375,0.13553022621976335,-0.44410229755308067,-0.4438717851662209
90,85,20,32,20,56,0,36,43,30,29,0,44,14,18,37,10,5,535,-2.1604798519673185,0.3319152931984379,-0.4495928601664016,-1.0739765424677061
100,101,80,75,79,51,0,15,55,54,25,0,34,71,22,58,1,6,552,0.5327464679611467,-1.168008856294162,-0.6839056209977026,-0.762917271960372
100,103,77,57,68,41,0,13,58,76,15,0,35,54,6,76,2,6,575,0.23450961543094817,-1.01137671230331,-0.7676380680785079,-1.558766656283225
100,108,47,59,41,45,0,34,35,44,0,0,69,42,51,77,3,6,623,-0.6750935400994145,-0.016231842415238347,-1.2438667461945738,0.006522812706491265
100,106,26,32,26,65,0,10,26,28,0,0,25,34,24,47,4,6,604,-1.5867476474518942,-0.9112777756552113,-0.9767974309804354,-0.7800060251180305
100,107,97,83,87,53,0,44,82,73,0,0,92,78,79,81,5,6,612,0.9503554074252965,0.32212453168477717,-0.8121369874844815,-0.19183391465593758
100,110,81,82,61,43,0,36,35,57,0,0,73,72,61,69,6,6,644,0.4701656663825665,-0.3150740989394092,-1.29269119826375,0.6161334112913058
100,104,90,90,89,54,0,39,56,38,0,0,81,89,81,74,7,6,583,0.8569154888138372,-0.13141463698020314,-1.0197630667833213,0.9596630786328002
100,109,47,30,21,21,0,14,37,30,0,0,29,42,16,67,8,6,634,-1.3205631415004615,-0.8007160387974093,-1.0774577888306638,0.12774869481404466
100,102,78,67,78,65,0,36,41,71,0,0,34,72,74,87,9,6,565,0.3866385260680991,0.0033902497812377244,-1.1944131985580442,-0.5438045626769425
100,105,64,28,34,95,0,2,86,36,0,0,9,20,24,58,10,6,595,-0.9674721371418916,-0.7964733833581036,-1.5617804092430083,-2.344123910883118
101,106,31,36,32,54,0,32,29,44,37,0,11,29,45,53,1,6,597,-1.6495340747476552,0.05828322946617182,-0.5722834805394189,-0.95698941457766
101,110,96,97,96,51,86,90,86,80,65,20,42,68,58,90,2,6,636,0.6445858898372059,2.426179273511154,-0.2756274179436364,-0.919238490442617
101,108,88,70,72,51,0,26,39,60,54,18,83,73,36,65,3,6,617,0.25181842433700447,-0.9056084555304283,0.42480142068729776,0.20614083020375534
101,107,98,96,93,51,24,62,86,74,51,9,62,86,54,80,5,6,606,1.0209890537523574,0.8610406113491175,-0.16263148438121605,-0.31547931272447144
101,103,55,66,63,59,0,24,40,72,58,12,13,59,41,69,6,6,573,-0.12087457611743752,-0.7045767567052137,-0.14760509937161975,-1.2271440048129283
101,100,73,66,87,58,0,25,40,82,51,10,21,71,36,73,7,6,552,0.3135152336973114,-0.7139578778078826,0.10982059873688133,-1.3435757571937716
101,102,34,58,48,63,7,30,41,36,41,12,32,43,33,41,8,6,563,-1.079800513540575,-0.23671979241915572,-0.2615217591257611,-0.8224861539089455
101,105,61,74,74,57,0,40,88,78,66,13,33,64,18,70,9,6,589,0.14486004321997753,0.06646543754498273,0.3185890112199593,-1.7493176587169572
101,109,13,29,4,12,4,19,5,6,10,0,0,8,14,2,10,6,635,-2.595732984778984,-0.45945836678420177,-1.2789975252648749,-0.18857540556334842
102,104,62,67,50,50,15,39,49,36,67,0,75,61,24,73,1,6,577,-0.44927637857690206,-0.25858993848281836,0.22628986091766948,0.4203786892115707
102,103,38,66,59,59,0,43,60,61,56,0,32,36,10,61,2,6,566,-0.6803089066082396,0.31902431271372367,-0.26084185191518516,-1.864286960535271
102,110,82,74,68,50,0,51,56,36,69,0,71,61,39,58,3,6,638,-0.2089671942299395,0.3093264402036181,0.09740041526254734,0.35229390142770584
102,108,45,59,50,50,0,37,41,41,53,0,68,51,59,74,4,6,621,-0.8051975253017749,-0.08083003598541531,0.04841648748104682,0.13521205233518974
102,107,71,69,73,50,50,51,72,50,78,0,100,72,34,62,5,6,608,-0.28840732449418055,0.3562239294338265,1.2835908335177022,0.0890253469057858
102,106,69,54,69,50,0,31,50,50,38,0,38,57,38,51,6,6,602,-0.4800116940895185,-0.24647273626843794,-0.11111394215731685,-0.6723321108358601
102,109,80,80,65,38,0,50,50,38,37,0,74,86,59,74,7,6,631,0.19692078614315123,0.15358324346335506,-0.3393947050613454,1.3883278670759833
102,101,51,40,41,51,0,39,39,50,39,0,40,36,38,60,8,6,563,-1.2756185365622679,0.25550354003667447,-0.3134739008348717,-0.6892000072627285
102,105,37,65,45,50,13,36,39,35,59,0,37,49,19,54,9,6,591,-0.8925962204818748,-0.22883890725139036,-0.15381007417458833,-0.33887956807872077
102,100,65,64,54,49,0,23,35,38,60,0,35,58,57,62,10,6,565,-0.3637192545937321,-0.8289365227270561,-0.27996112906098547,0.16838140830515252
103,102,85,95,68,65,0,49,67,62,63,0,14,67,24,96,1,6,566,0.8465348894524266,0.17864580371531766,-1.2287074839362986,-0.7611603024504989
103,110,98,93,60,59,0,57,25,65,75,0,73,87,15,81,2,6,637,0.7140263372101652,-0.09691399912017062,-0.17012909573947957,0.965918247577125
103,106,64,84,74,48,0,61,64,56,53,0,14,60,23,65,3,6,598,0.016404301005366804,0.9163862870513017,-0.7453447039539742,-0.930532598234645
103,104,42,56,45,50,0,25,18,26,64,0,92,67,35,73,4,6,580,-0.8860711924276962,-1.0306307077895511,0.7541333554311671,1.171510816376795
103,107,99,100,79,38,0,56,69,41,71,0,90,98,26,85,5,6,607,0.958647955748136,0.045277136865049805,0.13757762539060445,1.416672357970368
103,108,26,41,29,51,0,15,28,30,49,0,62,37,23,43,6,6,619,-1.5743838401441004,-1.0268541358488237,0.2926127739546075,-0.2627202494162957
103,109,94,99,83,25,0,69,76,76,54,0,18,92,31,68,7,6,629,0.9498622957952229,0.9484293654937551,-0.6078719102918452,-0.10512600929538077
103,101,95,87,71,64,0,68,69,68,54,0,31,70,61,86,8,6,573,0.5662954957848989,1.1677020208123765,-0.9863487228034123,-0.3148885640460095
103,105,12,28,54,80,0,20,38,60,63,0,25,33,12,55,9,6,588,-1.715826053636012,-0.5332933508055062,0.9288047954380843,-2.364813119804093
103,100,98,86,60,52,0,57,64,72,60,0,58,75,38,95,10,6,575,0.7125473236268944,0.4265257757733837,-0.6294312742775182,0.15956908085208565
104,106,34,70,63,62,0,40,53,29,36,0,36,48,65,61,1,6,596,-0.7145292958951078,0.27906179944754067,-0.6488581240530308,-0.5274018845394779
104,102,60,65,70,68,5,36,36,62,46,0,53,63,20,70,2,6,577,-0.1894050617655664,-0.3057664112371867,0.02097276106671608,-0.7968429267290407
104,109,68,89,59,12,0,42,7,4,18,0,4,93,70,92,3,6,627,0.24744986512752104,-0.29567573913442413,-1.893167294272632,2.6530820169845453
104,103,59,61,54,67,0,45,36,47,46,0,55,61,16,68,5,6,580,-0.5572887562134333,0.06469866312108022,-0.15806695621198036,-0.16909190453485334
104,110,88,93,90,57,0,58,53,82,58,0,76,77,41,95,6,6,640,0.9073044132141935,0.4511932296917494,-0.12590668522801435,-0.3826415437120009
104,107,90,90,92,49,0,53,49,56,53,0,78,82,34,83,7,6,609,0.7166261826412995,0.1857405766355671,-0.07400269718520769,0.33444138451477023
104,100,78,78,74,51,0,45,87,67,66,0,78,62,32,97,8,6,583,0.41204985679544287,0.1868548204936491,0.1182338481954363,-0.741766405880167
104,108,73,78,80,51,3,52,37,64,52,0,69,69,15,69,9,6,625,0.12141868703883012,0.21732655281479923,0.08235047012939341,-0.2996375265145905
104,105,18,22,29,85,0,16,10,11,53,0,14,14,12,11,10,6,592,-2.5116939193378034,-0.701279405880509,0.06151184489501162,-1.2891003049011962
105,108,31,43,60,36,0,33,30,33,67,0,60,42,7,39,1,6,620,-1.5793874499782694,-0.2784824743795939,1.0296777416576683,-0.51415081557319
105,109,69,63,57,56,0,71,53,72,6,7,0,64,54,55,2,6,628,-0.4344147314189503,1.6562296337073423,-1.333610042045443,-0.7481408143881815
105,103,26,60,58,51,0,34,54,43,42,0,34,46,18,45,3,6,588,-0.9908469403394077,-0.07364220431061058,-0.032782587698779245,-1.2120169114253774
105,101,56,82,83,59,0,77,79,79,49,0,35,72,43,58,4,6,589,-0.054095879559813514,1.6898272141510196,0.01852706363449122,-1.2740315473142005
105,106,95,99,92,61,0,79,72,65,45,0,19,87,56,73,5,6,603,0.8484630724461931,1.5623380881017581,-0.9710170992427847,-0.24711341745512824
105,102,78,73,79,53,0,54,55,58,63,0,59,65,28,69,6,6,591,-0.01544629213223549,0.470200499377814,0.15959721428905277,-0.4096329673960896
105,104,53,65,65,41,0,54,53,61,44,0,64,83,16,60,7,6,592,-0.40621624744961937,0.37191603187051087,0.5906557313746084,0.06741368973519873
105,107,82,80,79,26,69,73,62,67,76,59,90,65,26,65,8,6,615,-0.2172858578235029,1.4678806899086103,1.1723410765011257,0.06858952071237696
105,110,70,78,72,58,0,58,63,60,80,41,61,60,29,72,9,6,645,-0.16941981604037804,0.725839787220234,0.5632435324135223,-0.5145675595271466
105,100,69,62,64,59,0,44,57,57,68,0,55,65,21,64,10,6,595,-0.3428204904050611,0.03210862868523842,0.46240082096639634,-0.4886378287425538
106,104,71,90,86,50,0,53,80,60,65,0,51,81,53,65,1,6,596,0.4594155540265855,0.417436255807728,0.2051519852222765,-0.36834885110560434
106,101,50,39,73,51,0,59,38,64,66,0,29,46,40,44,2,6,597,-1.4188264399041892,1.0899299686120216,0.8396499797005249,-1.2404187349015914
106,103,73,77,81,53,0,58,36,71,71,0,17,77,50,68,3,6,598,0.09253060508482577,0.5377712997216075,0.04894184382618626,-0.38466489858761793
106,108,65,66,55,65,0,51,37,34,57,0,70,58,42,60,4,6,618,-0.6349970913584332,0.32784120650110665,-0.05626767326467618,0.4320100154090994
106,110,100,100,88,87,0,65,58,51,79,0,100,75,40,73,5,6,641,0.7591807017152942,0.599758291558233,0.10728320483404065,0.20824375934010284
106,107,100,100,100,63,0,74,64,66,67,0,45,93,61,100,6,6,610,1.0979391684699074,1.1467769556696312,-0.3657769879143957,0.19364224848393674
106,102,58,69,76,35,0,57,65,66,65,0,26,50,65,62,7,6,602,-0.4366609407807407,0.995016770376599,-0.00842136891423427,-1.0504875033770562
106,105,65,81,69,67,1,51,59,47,67,0,56,67,66,76,8,6,603,0.001421802673008465,0.37800033215681955,-0.09217034704257684,-0.012017579038569388
106,100,33,36,37,59,0,37,62,42,55,0,47,36,28,62,9,6,604,-1.5771795374813582,0.22774983572730073,0.32308396550534213,-0.9747817756538266
106,109,100,100,100,40,51,79,85,59,57,0,14,82,38,100,10,6,633,0.9958429524500529,1.7153823558735362,-0.9135667853497159,-0.3713446730654531
107,101,92,86,87,59,32,35,58,57,21,0,64,81,52,85,1,6,606,0.9226399762833096,-0.2881924578730389,-0.766655375085642,-0.058995856981462244
107,103,61,35,32,65,0,17,40,14,29,7,28,32,25,34,2,6,607,-1.4335961915118571,-0.6626998097811776,-0.7372562880218629,-0.36774626521184
107,102,98,96,86,55,25,42,69,60,16,0,48,75,50,88,3,6,608,1.193291731947775,0.08789095972547911,-1.4699750323204634,-0.348811465567772
107,104,75,76,39,51,0,18,42,56,15,3,41,41,36,62,4,6,609,0.17641578679820077,-0.9099618039235281,-1.8084732392234288,-0.6025008839260664
107,106,71,70,64,72,0,24,59,29,5,0,37,66,65,64,5,6,610,0.07210858057269116,-0.49514996568341113,-1.3361538876127497,-0.06811415090595384
107,109,89,91,74,32,0,51,76,50,15,0,58,100,82,75,6,6,632,0.8344815661619638,0.3413787432361086,-0.8585563810068166,1.1994847929247554
107,100,77,80,75,51,0,19,57,62,68,33,71,78,33,60,7,6,612,0.44439107418549445,-1.2128443367235129,0.7608833658166239,-0.20087339723641898
107,108,73,73,71,50,0,16,30,46,71,22,61,56,58,64,8,6,624,0.0037661423460656315,-1.2009422011861448,0.23431712711228897,-0.0076711420524858695
107,110,96,99,88,49,0,26,77,77,86,75,90,100,63,88,9,6,643,1.2960288668363966,-1.0017279804404344,1.3112471333500038,0.41973480318034717
107,105,49,41,82,81,50,53,39,34,61,3,22,38,25,59,10,6,615,-1.416979016646709,1.0293998375963043,0.41130716800252215,-1.525368824017322
108,109,60,75,26,42,0,33,24,0,30,0,0,58,78,86,1,6,626,-0.4079656720965421,-0.3341116793200997,-2.2373321509476427,1.6962524260413387
108,101,77,82,61,73,0,50,37,29,41,0,62,69,69,85,2,6,617,0.10383126450771137,0.2527801974037182,-0.9862789778491484,0.9523109233176501
108,106,32,56,15,60,0,30,12,3,33,0,32,46,61,77,3,6,618,-1.2834907263844826,-0.4231552603488286,-1.3236923009674821,1.2373467438123562
108,103,65,68,40,60,0,32,41,29,32,0,62,75,41,60,4,6,619,-0.2979253339007569,-0.6048108846900854,-0.5409820089145941,1.0159834391675966
108,105,63,64,55,54,0,38,39,45,75,1,60,62,21,48,5,6,620,-0.5736210306174224,-0.3835226582161962,0.5447486745437811,0.027970285173617233
108,102,77,88,38,54,0,69,43,33,37,0,68,74,72,65,6,6,621,-0.09142855030438223,0.9695265097287337,-1.1490459972407623,1.707589566447163
108,110,95,92,79,64,0,58,59,77,77,0,96,77,36,85,7,6,642,0.7932877167498726,0.3054924732527934,0.3254821268938433,-0.0480633414745605
108,100,89,68,41,60,0,59,39,72,61,0,79,80,32,85,8,6,623,0.024948591176286884,0.3383716911031045,0.039235317456538986,0.8270297732405328
108,107,78,77,60,69,0,34,61,66,61,0,96,91,32,76,9,6,624,0.4651042208108483,-0.7702741644834229,0.6486803297939293,0.3667761937520933
108,104,91,87,74,62,8,60,68,77,83,0,71,86,63,73,10,6,625,0.581081319585897,0.49851080696417205,0.5409479007679261,0.0988869012975268
109,108,79,49,49,40,10,28,18,19,83,13,92,51,52,45,1,6,626,-1.067947119100215,-0.7391580432670951,0.9239105692480309,1.3531067317421384
109,104,76,62,51,79,0,25,50,48,66,0,41,53,26,52,2,6,627,-0.284797316124903,-0.7653282619379395,-0.1576107203348733,-0.7357205485991357
109,105,64,73,66,91,0,21,35,49,72,0,50,51,9,57,3,6,628,-0.07110890153386189,-1.0975712586317978,-0.01023967796840419,-1.1772693087609245
109,103,97,91,72,76,0,25,77,80,68,0,4,79,17,87,4,6,629,1.3114438527043937,-0.9584166917351847,-0.8065341042045819,-1.41211788760614
109,110,100,100,100,64,3,31,71,73,89,0,71,76,36,79,5,6,639,1.337852531331142,-0.8132016152619865,0.35752457165205953,-0.8678943645791627
109,102,85,86,78,74,4,34,69,59,72,0,54,76,22,72,6,6,631,0.6886038735127384,-0.5868949607778653,0.06950303664841319,-0.6716187601370021
109,107,85,77,63,87,0,18,56,42,73,0,70,76,23,67,7,6,632,0.43392628610318124,-1.404201555511315,0.21560206002023485,-0.040259376822384285
109,106,79,78,0,52,35,36,0,0,23,0,50,100,21,50,8,6,633,-0.25491118051509926,-1.0276365162023298,-1.3958200629053499,3.47145372772643
109,100,70,64,58,55,10,34,49,50,78,0,60,68,10,56,9,6,634,-0.3194661288451821,-0.5866330203875653,0.6817337971496922,-0.13538313938996777
109,101,22,19,0,100,0,1,0,0,22,0,5,0,4,51,10,6,635,-2.3253216853378773,-1.2538416207371987,-1.5730197081222315,-1.0668233536808045
110,101,92,89,90,56,82,84,89,89,7,0,71,72,41,92,1,6,636,0.7470532791271278,2.2440384379189036,-0.9094483783560644,-1.0878488303428993
110,103,61,59,62,57,0,9,19,28,25,0,21,41,8,31,2,6,637,-0.5713302707222194,-1.3108688616162756,-0.9403037276375967,-0.8566248353512843
110,102,30,29,11,70,0,4,5,10,13,0,11,12,10,28,3,6,638,-1.997960278216145,-1.2109422295108632,-1.4022869572248569,-0.7715763159627719
110,109,84,84,82,33,0,24,77,75,9,0,64,78,30,77,4,6,639,1.0190407169641906,-0.7318219939170078,-0.7423531087917932,-0.6914441744696751
110,104,74,65,63,44,0,6,30,64,17,0,57,57,19,27,5,6,640,0.0361773732425571,-1.6044655632549987,-0.43761603667301147,-0.8018399209654695
110,106,65,60,63,61,0,16,58,59,8,0,31,59,5,61,6,6,641,0.009556335218760821,-0.9098087533733323,-0.8809459124989765,-1.3681263342365992
110,108,64,59,55,57,0,8,57,55,33,0,59,59,18,57,7,6,642,-0.11405356624615036,-1.4121445027631447,-0.139817426139236,-0.8236688221441032
110,107,72,68,63,61,0,12,56,60,5,0,61,66,15,58,8,6,643,0.31811612444128085,-1.245824299886215,-0.7527470958436132,-0.8432700060575082
110,100,61,58,56,60,0,6,20,33,25,0,38,55,10,60,9,6,644,-0.32314705581624203,-1.5913826219194478,-0.7514099213314873,-0.312741706723676
110,105,0,0,0,75,0,0,5,0,22,0,0,0,0,0,10,6,645,-3.2786112482966425,-1.1345016614402923,-0.4480255992449801,-1.3300181189781641
