subID,partnerID,num_turns_convo,num_turns_speaker,mean_gap_convo,median_gap_convo,mean_gap_speaker,median_gap_speaker,mean_gap_partner,median_gap_partner
103,101,168.0,85.0,440.4107142857143,360.5,484.6470588235294,411.0,395.10843373493975,322.0
101,103,168.0,83.0,440.4107142857143,360.5,395.10843373493975,322.0,484.6470588235294,411.0
25,24,128.0,64.0,368.421875,382.0,241.03125,307.5,495.8125,541.0
24,25,128.0,64.0,368.421875,382.0,495.8125,541.0,241.03125,307.5
6,4,94.0,47.0,110.37234042553192,222.0,33.340425531914896,38.0,187.40425531914894,311.0
4,6,94.0,47.0,110.37234042553192,222.0,187.40425531914894,311.0,33.340425531914896,38.0
110,102,201.0,101.0,359.0547263681592,328.0,314.7821782178218,237.0,403.77,407.0
102,110,201.0,100.0,359.0547263681592,328.0,403.77,407.0,314.7821782178218,237.0
102,104,191.0,96.0,277.72251308900525,245.0,223.125,207.0,332.89473684210526,274.0
104,102,191.0,95.0,277.72251308900525,245.0,332.89473684210526,274.0,223.125,207.0
44,48,133.0,66.0,306.3609022556391,280.0,244.74242424242425,247.5,367.05970149253733,311.0
48,44,133.0,67.0,306.3609022556391,280.0,367.05970149253733,311.0,244.74242424242425,247.5
109,107,102.0,51.0,-2.823529411764706,18.5,-81.15686274509804,-70.0,75.50980392156863,72.0
107,109,102.0,51.0,-2.823529411764706,18.5,75.50980392156863,72.0,-81.15686274509804,-70.0
21,29,140.0,70.0,-89.92142857142858,62.0,-94.51428571428572,46.0,-85.32857142857142,91.0
29,21,140.0,70.0,-89.92142857142858,62.0,-85.32857142857142,91.0,-94.51428571428572,46.0
61,60,123.0,62.0,198.45528455284554,228.0,233.48387096774192,231.5,162.85245901639345,228.0
60,61,123.0,61.0,198.45528455284554,228.0,162.85245901639345,228.0,233.48387096774192,231.5
41,50,133.0,66.0,390.63157894736844,370.0,289.45454545454544,263.5,490.2985074626866,410.0
50,41,133.0,67.0,390.63157894736844,370.0,490.2985074626866,410.0,289.45454545454544,263.5
64,70,151.0,76.0,88.16556291390728,169.0,213.8421052631579,236.0,-39.18666666666667,114.0
70,64,151.0,75.0,88.16556291390728,169.0,-39.18666666666667,114.0,213.8421052631579,236.0
88,85,112.0,57.0,320.00892857142856,191.5,277.43859649122805,195.0,364.1272727272727,188.0
85,88,112.0,55.0,320.00892857142856,191.5,364.1272727272727,188.0,277.43859649122805,195.0
88,90,100.0,50.0,102.77,177.5,83.06,199.5,122.48,160.5
90,88,100.0,50.0,102.77,177.5,122.48,160.5,83.06,199.5
88,84,75.0,38.0,223.61333333333334,237.0,222.42105263157896,242.0,224.83783783783784,156.0
84,88,75.0,37.0,223.61333333333334,237.0,224.83783783783784,156.0,222.42105263157896,242.0
88,81,198.0,98.0,220.06565656565655,191.5,236.83673469387756,195.5,203.63,187.0
81,88,198.0,100.0,220.06565656565655,191.5,203.63,187.0,236.83673469387756,195.5
45,41,192.0,97.0,334.5885416666667,315.5,287.54639175257734,285.0,382.62105263157895,381.0
41,45,192.0,95.0,334.5885416666667,315.5,382.62105263157895,381.0,287.54639175257734,285.0
49,48,53.0,28.0,94.77358490566037,176.0,240.75,254.0,-68.72,29.0
48,49,53.0,25.0,94.77358490566037,176.0,-68.72,29.0,240.75,254.0
28,24,115.0,58.0,225.41739130434783,253.0,147.91379310344828,236.5,304.280701754386,320.0
24,28,115.0,57.0,225.41739130434783,253.0,304.280701754386,320.0,147.91379310344828,236.5
28,21,181.0,91.0,43.049723756906076,167.0,109.02197802197803,202.0,-23.655555555555555,148.5
21,28,181.0,90.0,43.049723756906076,167.0,-23.655555555555555,148.5,109.02197802197803,202.0
107,108,200.0,100.0,48.0,110.0,138.65,125.5,-42.65,65.0
108,107,200.0,100.0,48.0,110.0,-42.65,65.0,138.65,125.5
49,44,81.0,42.0,140.53086419753086,209.0,274.7857142857143,310.5,-4.051282051282051,113.0
44,49,81.0,39.0,140.53086419753086,209.0,-4.051282051282051,113.0,274.7857142857143,310.5
40,43,164.0,82.0,328.1951219512195,303.5,327.3658536585366,323.0,329.0243902439024,301.0
43,40,164.0,82.0,328.1951219512195,303.5,329.0243902439024,301.0,327.3658536585366,323.0
30,24,159.0,80.0,136.23270440251574,151.0,56.3125,83.5,217.16455696202533,290.0
24,30,159.0,79.0,136.23270440251574,151.0,217.16455696202533,290.0,56.3125,83.5
4,7,183.0,92.0,98.09836065573771,184.0,214.7391304347826,221.0,-19.824175824175825,44.0
7,4,183.0,91.0,98.09836065573771,184.0,-19.824175824175825,44.0,214.7391304347826,221.0
6,7,167.0,85.0,483.88023952095807,379.0,570.5529411764705,379.0,394.0365853658537,380.5
7,6,167.0,82.0,483.88023952095807,379.0,394.0365853658537,380.5,570.5529411764705,379.0
4,5,119.0,60.0,158.6386554621849,172.0,182.93333333333334,187.5,133.9322033898305,126.0
5,4,119.0,59.0,158.6386554621849,172.0,133.9322033898305,126.0,182.93333333333334,187.5
107,102,137.0,69.0,114.43795620437956,140.0,51.26086956521739,99.0,178.5441176470588,251.0
102,107,137.0,68.0,114.43795620437956,140.0,178.5441176470588,251.0,51.26086956521739,99.0
62,60,148.0,74.0,330.56081081081084,266.0,272.97297297297297,230.0,388.14864864864865,276.0
60,62,148.0,74.0,330.56081081081084,266.0,388.14864864864865,276.0,272.97297297297297,230.0
23,26,117.0,59.0,239.82905982905982,244.0,209.71186440677965,223.0,270.4655172413793,262.5
26,23,117.0,58.0,239.82905982905982,244.0,270.4655172413793,262.5,209.71186440677965,223.0
28,26,90.0,46.0,304.76666666666665,313.0,201.08695652173913,222.0,413.15909090909093,359.5
26,28,90.0,44.0,304.76666666666665,313.0,413.15909090909093,359.5,201.08695652173913,222.0
67,70,174.0,88.0,115.5632183908046,191.5,155.92045454545453,185.5,74.26744186046511,196.5
70,67,174.0,86.0,115.5632183908046,191.5,74.26744186046511,196.5,155.92045454545453,185.5
88,86,156.0,79.0,326.7692307692308,238.5,289.11392405063293,248.0,365.4025974025974,214.0
86,88,156.0,77.0,326.7692307692308,238.5,365.4025974025974,214.0,289.11392405063293,248.0
87,88,128.0,64.0,257.625,192.5,298.15625,197.0,217.09375,185.5
88,87,128.0,64.0,257.625,192.5,217.09375,185.5,298.15625,197.0
66,70,133.0,66.0,285.593984962406,277.0,266.93939393939394,274.0,303.97014925373134,287.0
70,66,133.0,67.0,285.593984962406,277.0,303.97014925373134,287.0,266.93939393939394,274.0
41,46,138.0,69.0,471.3768115942029,383.5,462.536231884058,426.0,480.2173913043478,353.0
46,41,138.0,69.0,471.3768115942029,383.5,480.2173913043478,353.0,462.536231884058,426.0
60,63,109.0,55.0,206.45871559633028,207.0,289.9818181818182,221.0,121.38888888888889,161.0
63,60,109.0,54.0,206.45871559633028,207.0,121.38888888888889,161.0,289.9818181818182,221.0
102,106,184.0,92.0,553.9836956521739,374.0,524.304347826087,359.0,583.6630434782609,426.5
106,102,184.0,92.0,553.9836956521739,374.0,583.6630434782609,426.5,524.304347826087,359.0
66,62,109.0,55.0,167.77064220183487,280.0,377.58181818181816,365.0,-45.925925925925924,182.5
62,66,109.0,54.0,167.77064220183487,280.0,-45.925925925925924,182.5,377.58181818181816,365.0
8,9,158.0,79.0,81.15189873417721,135.5,34.08860759493671,107.0,128.21518987341773,185.0
9,8,158.0,79.0,81.15189873417721,135.5,128.21518987341773,185.0,34.08860759493671,107.0
107,103,135.0,68.0,116.99259259259259,142.0,166.47058823529412,152.5,66.77611940298507,115.0
103,107,135.0,67.0,116.99259259259259,142.0,66.77611940298507,115.0,166.47058823529412,152.5
6,2,161.0,81.0,148.2173913043478,211.0,233.62962962962962,220.0,61.7375,187.5
2,6,161.0,80.0,148.2173913043478,211.0,61.7375,187.5,233.62962962962962,220.0
83,84,132.0,66.0,252.9318181818182,226.5,251.25757575757575,299.5,254.6060606060606,225.5
84,83,132.0,66.0,252.9318181818182,226.5,254.6060606060606,225.5,251.25757575757575,299.5
24,23,112.0,56.0,323.01785714285717,277.5,401.5892857142857,438.0,244.44642857142858,222.0
23,24,112.0,56.0,323.01785714285717,277.5,244.44642857142858,222.0,401.5892857142857,438.0
88,83,84.0,42.0,178.91666666666666,214.5,64.97619047619048,150.5,292.85714285714283,264.5
83,88,84.0,42.0,178.91666666666666,214.5,292.85714285714283,264.5,64.97619047619048,150.5
70,62,115.0,58.0,271.4869565217391,248.0,167.68965517241378,167.5,377.10526315789474,297.0
62,70,115.0,57.0,271.4869565217391,248.0,377.10526315789474,297.0,167.68965517241378,167.5
70,63,106.0,53.0,402.9622641509434,429.0,326.0566037735849,270.0,479.8679245283019,439.0
63,70,106.0,53.0,402.9622641509434,429.0,479.8679245283019,439.0,326.0566037735849,270.0
87,86,152.0,74.0,184.82894736842104,167.5,208.86486486486487,199.5,162.02564102564102,125.0
86,87,152.0,78.0,184.82894736842104,167.5,162.02564102564102,125.0,208.86486486486487,199.5
41,43,239.0,120.0,365.2008368200837,317.0,373.0833333333333,319.5,357.25210084033614,317.0
43,41,239.0,119.0,365.2008368200837,317.0,357.25210084033614,317.0,373.0833333333333,319.5
27,26,160.0,80.0,451.05625,358.5,358.45,297.5,543.6625,514.0
26,27,160.0,80.0,451.05625,358.5,543.6625,514.0,358.45,297.5
60,66,125.0,63.0,262.928,283.0,246.06349206349208,281.0,280.06451612903226,291.0
66,60,125.0,62.0,262.928,283.0,280.06451612903226,291.0,246.06349206349208,281.0
28,22,127.0,64.0,222.79527559055117,277.0,328.515625,279.5,115.39682539682539,267.0
22,28,127.0,63.0,222.79527559055117,277.0,115.39682539682539,267.0,328.515625,279.5
43,46,131.0,66.0,458.5267175572519,434.0,531.1060606060606,525.5,384.83076923076925,328.0
46,43,131.0,65.0,458.5267175572519,434.0,384.83076923076925,328.0,531.1060606060606,525.5
22,24,124.0,62.0,181.49193548387098,234.0,161.5483870967742,266.5,201.43548387096774,223.5
24,22,124.0,62.0,181.49193548387098,234.0,201.43548387096774,223.5,161.5483870967742,266.5
102,103,178.0,89.0,386.30898876404495,290.5,336.92134831460675,290.0,435.69662921348316,294.0
103,102,178.0,89.0,386.30898876404495,290.5,435.69662921348316,294.0,336.92134831460675,290.0
6,3,126.0,63.0,384.1507936507937,342.5,338.87301587301585,346.0,429.42857142857144,338.0
3,6,126.0,63.0,384.1507936507937,342.5,429.42857142857144,338.0,338.87301587301585,346.0
82,84,153.0,77.0,224.01960784313727,249.0,95.97402597402598,147.0,353.75,392.0
84,82,153.0,76.0,224.01960784313727,249.0,353.75,392.0,95.97402597402598,147.0
110,103,265.0,132.0,367.3207547169811,313.0,352.8863636363636,280.5,381.6466165413534,346.0
103,110,265.0,133.0,367.3207547169811,313.0,381.6466165413534,346.0,352.8863636363636,280.5
83,89,146.0,73.0,382.67808219178085,329.0,420.958904109589,359.0,344.3972602739726,311.0
89,83,146.0,73.0,382.67808219178085,329.0,344.3972602739726,311.0,420.958904109589,359.0
20,24,173.0,87.0,155.46820809248555,193.0,-40.804597701149426,79.0,354.0232558139535,369.5
24,20,173.0,86.0,155.46820809248555,193.0,354.0232558139535,369.5,-40.804597701149426,79.0
68,65,132.0,66.0,215.3409090909091,231.5,219.6060606060606,231.5,211.07575757575756,229.5
65,68,132.0,66.0,215.3409090909091,231.5,211.07575757575756,229.5,219.6060606060606,231.5
44,43,156.0,78.0,311.1474358974359,247.0,243.01282051282053,196.5,379.28205128205127,373.0
43,44,156.0,78.0,311.1474358974359,247.0,379.28205128205127,373.0,243.01282051282053,196.5
5,2,152.0,76.0,433.25657894736844,375.5,532.0657894736842,581.0,334.44736842105266,284.5
2,5,152.0,76.0,433.25657894736844,375.5,334.44736842105266,284.5,532.0657894736842,581.0
70,60,92.0,46.0,316.42391304347825,303.5,241.43478260869566,217.0,391.4130434782609,347.0
60,70,92.0,46.0,316.42391304347825,303.5,391.4130434782609,347.0,241.43478260869566,217.0
64,60,136.0,68.0,327.3970588235294,230.0,245.3235294117647,188.0,409.47058823529414,318.0
60,64,136.0,68.0,327.3970588235294,230.0,409.47058823529414,318.0,245.3235294117647,188.0
109,106,88.0,45.0,364.28409090909093,313.5,402.8222222222222,319.0,323.95348837209303,305.0
106,109,88.0,43.0,364.28409090909093,313.5,323.95348837209303,305.0,402.8222222222222,319.0
84,86,136.0,69.0,430.5882352941176,345.5,427.7391304347826,425.0,433.5223880597015,323.0
86,84,136.0,67.0,430.5882352941176,345.5,433.5223880597015,323.0,427.7391304347826,425.0
90,86,204.0,102.0,62.5,117.5,75.95098039215686,99.0,49.049019607843135,133.0
86,90,204.0,102.0,62.5,117.5,49.049019607843135,133.0,75.95098039215686,99.0
26,30,179.0,90.0,197.3240223463687,202.0,188.51111111111112,224.5,206.23595505617976,181.0
30,26,179.0,89.0,197.3240223463687,202.0,206.23595505617976,181.0,188.51111111111112,224.5
60,65,174.0,86.0,142.132183908046,169.5,215.34883720930233,226.0,70.57954545454545,123.5
65,60,174.0,88.0,142.132183908046,169.5,70.57954545454545,123.5,215.34883720930233,226.0
4,2,200.0,101.0,20.665,188.5,35.53465346534654,150.0,5.494949494949495,193.0
2,4,200.0,99.0,20.665,188.5,5.494949494949495,193.0,35.53465346534654,150.0
24,26,126.0,63.0,413.07936507936506,415.5,420.984126984127,493.0,405.1746031746032,333.0
26,24,126.0,63.0,413.07936507936506,415.5,405.1746031746032,333.0,420.984126984127,493.0
65,69,131.0,66.0,509.3358778625954,405.0,260.4848484848485,181.0,762.0153846153846,662.0
69,65,131.0,65.0,509.3358778625954,405.0,762.0153846153846,662.0,260.4848484848485,181.0
24,21,119.0,60.0,340.672268907563,245.0,502.81666666666666,396.0,175.77966101694915,231.0
21,24,119.0,59.0,340.672268907563,245.0,175.77966101694915,231.0,502.81666666666666,396.0
28,23,138.0,69.0,186.40579710144928,229.0,152.65217391304347,228.0,220.15942028985506,230.0
23,28,138.0,69.0,186.40579710144928,229.0,220.15942028985506,230.0,152.65217391304347,228.0
84,81,167.0,84.0,379.0239520958084,358.0,312.4404761904762,315.0,446.4096385542169,380.0
81,84,167.0,83.0,379.0239520958084,358.0,446.4096385542169,380.0,312.4404761904762,315.0
87,90,137.0,69.0,-106.66423357664233,64.0,-134.231884057971,80.0,-78.69117647058823,53.5
90,87,137.0,68.0,-106.66423357664233,64.0,-78.69117647058823,53.5,-134.231884057971,80.0
22,20,237.0,118.0,-49.607594936708864,78.0,-7.8474576271186445,94.0,-91.01680672268908,65.0
20,22,237.0,119.0,-49.607594936708864,78.0,-91.01680672268908,65.0,-7.8474576271186445,94.0
63,66,108.0,54.0,274.4259259259259,257.0,229.2037037037037,227.0,319.64814814814815,325.5
66,63,108.0,54.0,274.4259259259259,257.0,319.64814814814815,325.5,229.2037037037037,227.0
110,108,204.0,101.0,249.0392156862745,186.0,282.7722772277228,226.0,215.96116504854368,156.0
108,110,204.0,103.0,249.0392156862745,186.0,215.96116504854368,156.0,282.7722772277228,226.0
22,27,194.0,97.0,289.3814432989691,299.5,301.2886597938144,285.0,277.4742268041237,301.0
27,22,194.0,97.0,289.3814432989691,299.5,277.4742268041237,301.0,301.2886597938144,285.0
11,6,134.0,67.0,350.7985074626866,336.0,381.76119402985074,323.0,319.8358208955224,343.0
6,11,134.0,67.0,350.7985074626866,336.0,319.8358208955224,343.0,381.76119402985074,323.0
45,43,230.0,115.0,149.1695652173913,175.0,115.19130434782609,144.0,183.1478260869565,184.0
43,45,230.0,115.0,149.1695652173913,175.0,183.1478260869565,184.0,115.19130434782609,144.0
100,102,187.0,94.0,187.88770053475935,194.0,101.14893617021276,123.0,275.55913978494624,275.0
102,100,187.0,93.0,187.88770053475935,194.0,275.55913978494624,275.0,101.14893617021276,123.0
103,100,216.0,108.0,275.3240740740741,233.0,295.43518518518516,271.0,255.21296296296296,213.0
100,103,216.0,108.0,275.3240740740741,233.0,255.21296296296296,213.0,295.43518518518516,271.0
10,6,119.0,59.0,317.2352941176471,261.0,264.40677966101697,193.0,369.18333333333334,400.5
6,10,119.0,60.0,317.2352941176471,261.0,369.18333333333334,400.5,264.40677966101697,193.0
22,26,146.0,72.0,264.2945205479452,212.0,280.59722222222223,200.0,248.43243243243242,216.0
26,22,146.0,74.0,264.2945205479452,212.0,248.43243243243242,216.0,280.59722222222223,200.0
86,82,213.0,106.0,284.18779342723,240.0,327.2169811320755,292.5,241.5607476635514,172.0
82,86,213.0,107.0,284.18779342723,240.0,241.5607476635514,172.0,327.2169811320755,292.5
3,2,122.0,61.0,-92.75409836065573,100.5,40.42622950819672,197.0,-225.9344262295082,83.0
2,3,122.0,61.0,-92.75409836065573,100.5,-225.9344262295082,83.0,40.42622950819672,197.0
108,105,125.0,63.0,422.544,328.0,403.1904761904762,376.0,442.2096774193548,284.5
105,108,125.0,62.0,422.544,328.0,442.2096774193548,284.5,403.1904761904762,376.0
61,69,87.0,44.0,419.4942528735632,436.0,283.97727272727275,181.0,558.1627906976744,505.0
69,61,87.0,43.0,419.4942528735632,436.0,558.1627906976744,505.0,283.97727272727275,181.0
1,2,251.0,125.0,182.70916334661354,212.0,192.856,241.0,172.64285714285714,182.5
2,1,251.0,126.0,182.70916334661354,212.0,172.64285714285714,182.5,192.856,241.0
90,84,116.0,59.0,162.06034482758622,208.0,111.40677966101696,147.0,214.49122807017545,300.0
84,90,116.0,57.0,162.06034482758622,208.0,214.49122807017545,300.0,111.40677966101696,147.0
27,28,154.0,78.0,337.2012987012987,310.0,313.71794871794873,313.5,361.30263157894734,308.0
28,27,154.0,76.0,337.2012987012987,310.0,361.30263157894734,308.0,313.71794871794873,313.5
49,40,167.0,84.0,161.8443113772455,168.0,210.08333333333334,199.5,113.02409638554217,116.0
40,49,167.0,83.0,161.8443113772455,168.0,113.02409638554217,116.0,210.08333333333334,199.5
81,80,171.0,86.0,241.76023391812865,169.0,164.74418604651163,215.5,319.6823529411765,135.0
80,81,171.0,85.0,241.76023391812865,169.0,319.6823529411765,135.0,164.74418604651163,215.5
109,104,98.0,50.0,350.7142857142857,297.5,330.94,308.0,371.3125,286.5
104,109,98.0,48.0,350.7142857142857,297.5,371.3125,286.5,330.94,308.0
49,50,94.0,48.0,293.63829787234044,270.0,289.5,256.0,297.95652173913044,277.5
50,49,94.0,46.0,293.63829787234044,270.0,297.95652173913044,277.5,289.5,256.0
5,6,72.0,37.0,308.4861111111111,341.0,278.81081081081084,418.0,339.85714285714283,304.0
6,5,72.0,35.0,308.4861111111111,341.0,339.85714285714283,304.0,278.81081081081084,418.0
110,101,199.0,100.0,571.6130653266332,451.0,591.48,510.0,551.5454545454545,429.0
101,110,199.0,99.0,571.6130653266332,451.0,551.5454545454545,429.0,591.48,510.0
100,101,162.0,82.0,353.3333333333333,300.5,337.6341463414634,307.0,369.425,299.0
101,100,162.0,80.0,353.3333333333333,300.5,369.425,299.0,337.6341463414634,307.0
42,49,93.0,47.0,-16.086021505376344,125.0,-65.68085106382979,77.0,34.58695652173913,239.0
49,42,93.0,46.0,-16.086021505376344,125.0,34.58695652173913,239.0,-65.68085106382979,77.0
40,45,179.0,91.0,258.62011173184356,197.0,315.3626373626374,237.0,199.9431818181818,167.5
45,40,179.0,88.0,258.62011173184356,197.0,199.9431818181818,167.5,315.3626373626374,237.0
48,42,69.0,34.0,418.04347826086956,330.0,452.2647058823529,373.0,384.8,312.0
42,48,69.0,35.0,418.04347826086956,330.0,384.8,312.0,452.2647058823529,373.0
105,101,204.0,102.0,533.2303921568628,331.5,471.95098039215685,245.5,594.5098039215686,412.5
101,105,204.0,102.0,533.2303921568628,331.5,594.5098039215686,412.5,471.95098039215685,245.5
7,5,136.0,68.0,352.81617647058823,338.5,254.97058823529412,257.0,450.6617647058824,419.0
5,7,136.0,68.0,352.81617647058823,338.5,450.6617647058824,419.0,254.97058823529412,257.0
82,85,185.0,93.0,341.0324324324324,276.0,208.01075268817203,146.0,475.5,480.5
85,82,185.0,92.0,341.0324324324324,276.0,475.5,480.5,208.01075268817203,146.0
104,108,228.0,114.0,78.53508771929825,108.5,-3.8684210526315788,74.5,160.93859649122808,138.5
108,104,228.0,114.0,78.53508771929825,108.5,160.93859649122808,138.5,-3.8684210526315788,74.5
106,108,125.0,62.0,393.416,294.0,534.0967741935484,391.0,254.96825396825398,203.0
108,106,125.0,63.0,393.416,294.0,254.96825396825398,203.0,534.0967741935484,391.0
49,41,133.0,67.0,193.5639097744361,234.0,213.49253731343285,267.0,173.33333333333334,173.5
41,49,133.0,66.0,193.5639097744361,234.0,173.33333333333334,173.5,213.49253731343285,267.0
64,68,112.0,57.0,-181.375,13.0,-218.859649122807,44.0,-142.52727272727273,-10.0
68,64,112.0,55.0,-181.375,13.0,-142.52727272727273,-10.0,-218.859649122807,44.0
29,27,196.0,98.0,246.85714285714286,283.5,183.66326530612244,222.5,310.05102040816325,353.5
27,29,196.0,98.0,246.85714285714286,283.5,310.05102040816325,353.5,183.66326530612244,222.5
68,61,151.0,75.0,-170.1456953642384,-7.0,-344.9066666666667,-178.0,2.3157894736842106,138.5
61,68,151.0,76.0,-170.1456953642384,-7.0,2.3157894736842106,138.5,-344.9066666666667,-178.0
1,3,212.0,109.0,176.52830188679246,260.0,140.4862385321101,233.0,214.66990291262135,267.0
3,1,212.0,103.0,176.52830188679246,260.0,214.66990291262135,267.0,140.4862385321101,233.0
61,66,101.0,51.0,52.68316831683168,246.0,3.7450980392156863,246.0,102.6,244.0
66,61,101.0,50.0,52.68316831683168,246.0,102.6,244.0,3.7450980392156863,246.0
28,29,46.0,23.0,171.08695652173913,267.5,96.08695652173913,160.0,246.08695652173913,286.0
29,28,46.0,23.0,171.08695652173913,267.5,246.08695652173913,286.0,96.08695652173913,160.0
20,30,249.0,125.0,37.630522088353416,147.0,60.44,152.0,14.637096774193548,145.5
30,20,249.0,124.0,37.630522088353416,147.0,14.637096774193548,145.5,60.44,152.0
1,7,259.0,130.0,204.66795366795367,228.0,193.35384615384615,221.0,216.06976744186048,228.0
7,1,259.0,129.0,204.66795366795367,228.0,216.06976744186048,228.0,193.35384615384615,221.0
109,105,69.0,35.0,382.8840579710145,281.0,285.57142857142856,281.0,483.05882352941177,271.5
105,109,69.0,34.0,382.8840579710145,281.0,483.05882352941177,271.5,285.57142857142856,281.0
80,84,184.0,92.0,276.1847826086956,247.5,206.7608695652174,213.5,345.60869565217394,276.0
84,80,184.0,92.0,276.1847826086956,247.5,345.60869565217394,276.0,206.7608695652174,213.5
3,5,134.0,67.0,345.3731343283582,351.0,379.4925373134328,333.0,311.25373134328356,422.0
5,3,134.0,67.0,345.3731343283582,351.0,311.25373134328356,422.0,379.4925373134328,333.0
90,80,187.0,94.0,30.614973262032084,104.0,25.45744680851064,74.5,35.82795698924731,120.0
80,90,187.0,93.0,30.614973262032084,104.0,35.82795698924731,120.0,25.45744680851064,74.5
11,10,212.0,106.0,281.3490566037736,269.0,269.04716981132077,263.5,293.6509433962264,277.0
10,11,212.0,106.0,281.3490566037736,269.0,293.6509433962264,277.0,269.04716981132077,263.5
81,82,186.0,93.0,280.6290322580645,244.5,318.38709677419354,271.0,242.8709677419355,231.0
82,81,186.0,93.0,280.6290322580645,244.5,242.8709677419355,231.0,318.38709677419354,271.0
69,63,96.0,48.0,381.5104166666667,435.5,517.5416666666666,582.5,245.47916666666666,280.0
63,69,96.0,48.0,381.5104166666667,435.5,245.47916666666666,280.0,517.5416666666666,582.5
25,28,155.0,78.0,57.73548387096774,183.0,22.71794871794872,144.5,93.20779220779221,248.0
28,25,155.0,77.0,57.73548387096774,183.0,93.20779220779221,248.0,22.71794871794872,144.5
100,104,195.0,98.0,105.7948717948718,161.0,78.13265306122449,162.0,133.7422680412371,147.0
104,100,195.0,97.0,105.7948717948718,161.0,133.7422680412371,147.0,78.13265306122449,162.0
110,100,244.0,121.0,108.24180327868852,137.0,55.16528925619835,97.0,160.45528455284554,152.0
100,110,244.0,123.0,108.24180327868852,137.0,160.45528455284554,152.0,55.16528925619835,97.0
104,110,240.0,121.0,281.12916666666666,218.5,304.74380165289256,210.0,257.11764705882354,236.0
110,104,240.0,119.0,281.12916666666666,218.5,257.11764705882354,236.0,304.74380165289256,210.0
45,44,167.0,84.0,249.2574850299401,240.0,294.3452380952381,239.5,203.6265060240964,242.0
44,45,167.0,83.0,249.2574850299401,240.0,203.6265060240964,242.0,294.3452380952381,239.5
100,105,128.0,64.0,293.71875,288.0,306.984375,286.0,280.453125,288.0
105,100,128.0,64.0,293.71875,288.0,280.453125,288.0,306.984375,286.0
64,61,192.0,97.0,44.583333333333336,113.0,-23.391752577319586,71.0,113.98947368421052,224.0
61,64,192.0,95.0,44.583333333333336,113.0,113.98947368421052,224.0,-23.391752577319586,71.0
80,82,192.0,93.0,139.00520833333334,134.0,203.4731182795699,223.0,78.44444444444444,53.0
82,80,192.0,99.0,139.00520833333334,134.0,78.44444444444444,53.0,203.4731182795699,223.0
4,3,146.0,73.0,134.72602739726028,161.0,186.02739726027397,222.0,83.42465753424658,117.0
3,4,146.0,73.0,134.72602739726028,161.0,83.42465753424658,117.0,186.02739726027397,222.0
80,85,215.0,108.0,206.2046511627907,210.0,143.59259259259258,177.0,269.4018691588785,254.0
85,80,215.0,107.0,206.2046511627907,210.0,269.4018691588785,254.0,143.59259259259258,177.0
108,103,188.0,95.0,259.6914893617021,228.5,210.3578947368421,229.0,310.0860215053763,226.0
103,108,188.0,93.0,259.6914893617021,228.5,310.0860215053763,226.0,210.3578947368421,229.0
41,47,53.0,26.0,177.62264150943398,266.0,83.0,88.0,268.74074074074076,330.0
47,41,53.0,27.0,177.62264150943398,266.0,268.74074074074076,330.0,83.0,88.0
20,25,244.0,123.0,-56.56967213114754,52.0,-110.15447154471545,0.0,-2.0991735537190084,109.0
25,20,244.0,121.0,-56.56967213114754,52.0,-2.0991735537190084,109.0,-110.15447154471545,0.0
1,6,183.0,91.0,63.73224043715847,171.0,88.17582417582418,189.0,39.55434782608695,126.5
6,1,183.0,92.0,63.73224043715847,171.0,39.55434782608695,126.5,88.17582417582418,189.0
64,66,88.0,44.0,-31.03409090909091,162.0,-140.29545454545453,14.5,78.22727272727273,264.0
66,64,88.0,44.0,-31.03409090909091,162.0,78.22727272727273,264.0,-140.29545454545453,14.5
68,63,130.0,65.0,183.91538461538462,253.0,79.86153846153846,225.0,287.96923076923076,289.0
63,68,130.0,65.0,183.91538461538462,253.0,287.96923076923076,289.0,79.86153846153846,225.0
82,90,200.0,100.0,92.175,126.5,85.05,116.0,99.3,139.0
90,82,200.0,100.0,92.175,126.5,99.3,139.0,85.05,116.0
1,4,213.0,107.0,62.54929577464789,159.0,-12.289719626168225,86.0,138.0943396226415,202.5
4,1,213.0,106.0,62.54929577464789,159.0,138.0943396226415,202.5,-12.289719626168225,86.0
47,43,73.0,37.0,581.3287671232877,479.0,659.3783783783783,487.0,501.1111111111111,415.5
43,47,73.0,36.0,581.3287671232877,479.0,501.1111111111111,415.5,659.3783783783783,487.0
46,49,157.0,79.0,51.33757961783439,190.0,50.58227848101266,187.0,52.1025641025641,208.0
49,46,157.0,78.0,51.33757961783439,190.0,52.1025641025641,208.0,50.58227848101266,187.0
87,80,193.0,96.0,48.67357512953368,104.0,62.25,154.5,35.23711340206186,24.0
80,87,193.0,97.0,48.67357512953368,104.0,35.23711340206186,24.0,62.25,154.5
22,30,213.0,107.0,-66.52112676056338,47.0,-11.299065420560748,47.0,-122.26415094339623,35.0
30,22,213.0,106.0,-66.52112676056338,47.0,-122.26415094339623,35.0,-11.299065420560748,47.0
109,110,163.0,82.0,92.71779141104294,97.0,118.54878048780488,103.5,66.5679012345679,90.0
110,109,163.0,81.0,92.71779141104294,97.0,66.5679012345679,90.0,118.54878048780488,103.5
102,101,216.0,108.0,314.5046296296296,311.0,295.6388888888889,290.0,333.3703703703704,322.5
101,102,216.0,108.0,314.5046296296296,311.0,333.3703703703704,322.5,295.6388888888889,290.0
7,2,149.0,75.0,152.21476510067114,219.0,95.85333333333334,195.0,209.33783783783784,285.5
2,7,149.0,74.0,152.21476510067114,219.0,209.33783783783784,285.5,95.85333333333334,195.0
64,63,131.0,66.0,225.50381679389312,304.0,178.12121212121212,205.0,273.61538461538464,335.0
63,64,131.0,65.0,225.50381679389312,304.0,273.61538461538464,335.0,178.12121212121212,205.0
107,110,173.0,88.0,48.73988439306358,78.0,-7.795454545454546,88.0,107.27058823529411,56.0
110,107,173.0,85.0,48.73988439306358,78.0,107.27058823529411,56.0,-7.795454545454546,88.0
46,45,123.0,62.0,372.1626016260163,325.0,459.93548387096774,398.5,282.95081967213116,280.0
45,46,123.0,61.0,372.1626016260163,325.0,282.95081967213116,280.0,459.93548387096774,398.5
107,100,125.0,63.0,39.16,81.0,57.44444444444444,77.0,20.580645161290324,105.5
100,107,125.0,62.0,39.16,81.0,20.580645161290324,105.5,57.44444444444444,77.0
8,11,225.0,113.0,55.51111111111111,126.0,131.38938053097345,160.0,-21.044642857142858,55.5
11,8,225.0,112.0,55.51111111111111,126.0,-21.044642857142858,55.5,131.38938053097345,160.0
8,10,179.0,90.0,101.43016759776536,181.0,125.92222222222222,197.5,76.66292134831461,146.0
10,8,179.0,89.0,101.43016759776536,181.0,76.66292134831461,146.0,125.92222222222222,197.5
100,106,131.0,66.0,493.80152671755724,374.0,337.1969696969697,222.5,652.8153846153846,442.0
106,100,131.0,65.0,493.80152671755724,374.0,652.8153846153846,442.0,337.1969696969697,222.5
110,106,154.0,78.0,557.7987012987013,413.0,451.65384615384613,322.5,666.7368421052631,541.0
106,110,154.0,76.0,557.7987012987013,413.0,666.7368421052631,541.0,451.65384615384613,322.5
45,47,63.0,32.0,269.46031746031747,274.0,202.625,230.0,338.4516129032258,291.0
47,45,63.0,31.0,269.46031746031747,274.0,338.4516129032258,291.0,202.625,230.0
62,64,119.0,60.0,265.5042016806723,248.0,177.08333333333334,162.5,355.4237288135593,282.0
64,62,119.0,59.0,265.5042016806723,248.0,355.4237288135593,282.0,177.08333333333334,162.5
22,23,221.0,111.0,48.92760180995475,98.0,-18.64864864864865,74.0,117.11818181818182,134.5
23,22,221.0,110.0,48.92760180995475,98.0,117.11818181818182,134.5,-18.64864864864865,74.0
82,83,136.0,68.0,254.06617647058823,222.0,157.27941176470588,119.0,350.8529411764706,334.5
83,82,136.0,68.0,254.06617647058823,222.0,350.8529411764706,334.5,157.27941176470588,119.0
3,7,160.0,80.0,291.75,253.0,237.95,210.0,345.55,292.0
7,3,160.0,80.0,291.75,253.0,345.55,292.0,237.95,210.0
86,80,126.0,64.0,202.73809523809524,254.0,249.890625,301.5,154.06451612903226,177.5
80,86,126.0,62.0,202.73809523809524,254.0,154.06451612903226,177.5,249.890625,301.5
47,42,47.0,23.0,350.9148936170213,248.0,283.7391304347826,200.0,415.2916666666667,287.0
42,47,47.0,24.0,350.9148936170213,248.0,415.2916666666667,287.0,283.7391304347826,200.0
108,100,243.0,122.0,41.90534979423868,119.0,63.967213114754095,102.0,19.66115702479339,125.0
100,108,243.0,121.0,41.90534979423868,119.0,19.66115702479339,125.0,63.967213114754095,102.0
67,66,148.0,74.0,27.263513513513512,136.0,-94.72972972972973,74.0,149.25675675675674,236.0
66,67,148.0,74.0,27.263513513513512,136.0,149.25675675675674,236.0,-94.72972972972973,74.0
1,5,131.0,67.0,249.08396946564886,251.0,218.22388059701493,201.0,281.390625,305.5
5,1,131.0,64.0,249.08396946564886,251.0,281.390625,305.5,218.22388059701493,201.0
20,26,236.0,118.0,206.9322033898305,181.0,102.2457627118644,112.5,311.6186440677966,250.5
26,20,236.0,118.0,206.9322033898305,181.0,311.6186440677966,250.5,102.2457627118644,112.5
90,83,165.0,83.0,108.3030303030303,160.0,31.650602409638555,131.0,185.890243902439,198.0
83,90,165.0,82.0,108.3030303030303,160.0,185.890243902439,198.0,31.650602409638555,131.0
1,8,223.0,111.0,199.07174887892376,213.0,219.53153153153153,195.0,178.79464285714286,219.0
8,1,223.0,112.0,199.07174887892376,213.0,178.79464285714286,219.0,219.53153153153153,195.0
40,46,154.0,77.0,535.6948051948052,443.5,513.1818181818181,474.0,558.2077922077922,424.0
46,40,154.0,77.0,535.6948051948052,443.5,558.2077922077922,424.0,513.1818181818181,474.0
106,105,209.0,106.0,513.311004784689,335.0,595.7452830188679,450.0,428.4757281553398,210.0
105,106,209.0,103.0,513.311004784689,335.0,428.4757281553398,210.0,595.7452830188679,450.0
89,87,121.0,61.0,95.41322314049587,159.0,169.55737704918033,160.0,20.033333333333335,155.0
87,89,121.0,60.0,95.41322314049587,159.0,20.033333333333335,155.0,169.55737704918033,160.0
87,82,199.0,100.0,130.79899497487438,175.0,174.31,206.0,86.84848484848484,144.0
82,87,199.0,99.0,130.79899497487438,175.0,86.84848484848484,144.0,174.31,206.0
11,7,213.0,106.0,253.03755868544602,240.0,260.99056603773585,232.5,245.15887850467288,259.0
7,11,213.0,107.0,253.03755868544602,240.0,245.15887850467288,259.0,260.99056603773585,232.5
43,50,199.0,100.0,292.26633165829145,315.0,225.22,280.0,359.989898989899,359.0
50,43,199.0,99.0,292.26633165829145,315.0,359.989898989899,359.0,225.22,280.0
104,103,145.0,73.0,362.90344827586205,290.0,307.3835616438356,268.0,419.19444444444446,324.5
103,104,145.0,72.0,362.90344827586205,290.0,419.19444444444446,324.5,307.3835616438356,268.0
87,85,173.0,85.0,237.58959537572255,206.0,243.95294117647057,192.0,231.4431818181818,225.5
85,87,173.0,88.0,237.58959537572255,206.0,231.4431818181818,225.5,243.95294117647057,192.0
25,27,128.0,64.0,114.796875,236.5,32.859375,169.5,196.734375,310.0
27,25,128.0,64.0,114.796875,236.5,196.734375,310.0,32.859375,169.5
42,43,112.0,56.0,409.4375,310.0,375.85714285714283,211.5,443.01785714285717,355.5
43,42,112.0,56.0,409.4375,310.0,443.01785714285717,355.5,375.85714285714283,211.5
1,11,226.0,114.0,263.1371681415929,290.5,278.62280701754383,328.5,247.375,235.0
11,1,226.0,112.0,263.1371681415929,290.5,247.375,235.0,278.62280701754383,328.5
1,10,189.0,95.0,180.17460317460316,213.0,227.0,234.0,132.85106382978722,170.5
10,1,189.0,94.0,180.17460317460316,213.0,132.85106382978722,170.5,227.0,234.0
25,26,97.0,49.0,243.0,290.0,191.71428571428572,290.0,295.3541666666667,302.0
26,25,97.0,48.0,243.0,290.0,295.3541666666667,302.0,191.71428571428572,290.0
85,86,114.0,57.0,478.640350877193,364.5,514.859649122807,397.0,442.42105263157896,339.0
86,85,114.0,57.0,478.640350877193,364.5,442.42105263157896,339.0,514.859649122807,397.0
50,42,78.0,39.0,256.96153846153845,309.5,262.4102564102564,352.0,251.51282051282053,292.0
42,50,78.0,39.0,256.96153846153845,309.5,251.51282051282053,292.0,262.4102564102564,352.0
83,87,116.0,58.0,162.16379310344828,161.0,213.01724137931035,158.5,111.3103448275862,168.0
87,83,116.0,58.0,162.16379310344828,161.0,111.3103448275862,168.0,213.01724137931035,158.5
89,86,142.0,70.0,466.556338028169,346.5,434.9714285714286,336.5,497.2638888888889,371.5
86,89,142.0,72.0,466.556338028169,346.5,497.2638888888889,371.5,434.9714285714286,336.5
107,105,109.0,57.0,326.3302752293578,205.0,375.57894736842104,247.0,272.34615384615387,180.0
105,107,109.0,52.0,326.3302752293578,205.0,272.34615384615387,180.0,375.57894736842104,247.0
40,47,64.0,32.0,604.328125,350.5,468.53125,341.5,740.125,366.5
47,40,64.0,32.0,604.328125,350.5,740.125,366.5,468.53125,341.5
61,62,105.0,53.0,131.1904761904762,148.0,180.47169811320754,180.0,80.96153846153847,116.5
62,61,105.0,52.0,131.1904761904762,148.0,80.96153846153847,116.5,180.47169811320754,180.0
1,9,137.0,68.0,288.3941605839416,243.0,162.01470588235293,196.0,412.94202898550725,381.0
9,1,137.0,69.0,288.3941605839416,243.0,412.94202898550725,381.0,162.01470588235293,196.0
26,29,128.0,64.0,155.2578125,195.0,156.546875,227.5,153.96875,174.0
29,26,128.0,64.0,155.2578125,195.0,153.96875,174.0,156.546875,227.5
28,20,170.0,85.0,193.91764705882352,225.0,278.70588235294116,267.0,109.12941176470588,110.0
20,28,170.0,85.0,193.91764705882352,225.0,109.12941176470588,110.0,278.70588235294116,267.0
89,84,113.0,57.0,229.60176991150442,213.0,230.0,217.0,229.19642857142858,208.5
84,89,113.0,56.0,229.60176991150442,213.0,229.19642857142858,208.5,230.0,217.0
90,89,156.0,78.0,165.23717948717947,177.5,203.43589743589743,190.5,127.03846153846153,154.0
89,90,156.0,78.0,165.23717948717947,177.5,127.03846153846153,154.0,203.43589743589743,190.5
9,3,118.0,59.0,327.9491525423729,271.0,283.3220338983051,276.0,372.5762711864407,266.0
3,9,118.0,59.0,327.9491525423729,271.0,372.5762711864407,266.0,283.3220338983051,276.0
88,80,107.0,54.0,256.5140186915888,250.0,297.1666666666667,267.0,215.0943396226415,221.0
80,88,107.0,53.0,256.5140186915888,250.0,215.0943396226415,221.0,297.1666666666667,267.0
4,11,159.0,79.0,212.61635220125785,247.0,349.2151898734177,323.0,77.725,157.0
11,4,159.0,80.0,212.61635220125785,247.0,77.725,157.0,349.2151898734177,323.0
90,85,186.0,93.0,163.17741935483872,175.5,92.39784946236558,110.0,233.95698924731184,237.0
85,90,186.0,93.0,163.17741935483872,175.5,233.95698924731184,237.0,92.39784946236558,110.0
84,85,142.0,71.0,447.34507042253523,338.5,357.0281690140845,324.0,537.6619718309859,357.0
85,84,142.0,71.0,447.34507042253523,338.5,537.6619718309859,357.0,357.0281690140845,324.0
63,65,99.0,50.0,278.6666666666667,285.0,271.48,287.5,286.0,285.0
65,63,99.0,49.0,278.6666666666667,285.0,286.0,285.0,271.48,287.5
25,30,164.0,82.0,33.36585365853659,155.0,121.60975609756098,199.0,-54.8780487804878,144.0
30,25,164.0,82.0,33.36585365853659,155.0,-54.8780487804878,144.0,121.60975609756098,199.0
45,49,58.0,28.0,153.75862068965517,250.5,24.464285714285715,180.5,274.43333333333334,299.0
49,45,58.0,30.0,153.75862068965517,250.5,274.43333333333334,299.0,24.464285714285715,180.5
109,100,165.0,83.0,100.27272727272727,151.0,68.27710843373494,124.0,132.65853658536585,191.5
100,109,165.0,82.0,100.27272727272727,151.0,132.65853658536585,191.5,68.27710843373494,124.0
42,41,199.0,100.0,378.1105527638191,313.0,375.76,295.5,380.4848484848485,327.0
41,42,199.0,99.0,378.1105527638191,313.0,380.4848484848485,327.0,375.76,295.5
11,5,146.0,73.0,227.63698630136986,340.5,165.54794520547946,294.0,289.7260273972603,358.0
5,11,146.0,73.0,227.63698630136986,340.5,289.7260273972603,358.0,165.54794520547946,294.0
89,85,156.0,79.0,379.7564102564103,293.0,389.873417721519,305.0,369.3766233766234,276.0
85,89,156.0,77.0,379.7564102564103,293.0,369.3766233766234,276.0,389.873417721519,305.0
110,105,187.0,95.0,299.85561497326205,252.0,405.5052631578947,305.0,190.7608695652174,161.0
105,110,187.0,92.0,299.85561497326205,252.0,190.7608695652174,161.0,405.5052631578947,305.0
40,50,105.0,53.0,400.8952380952381,376.0,362.7169811320755,360.0,439.8076923076923,429.5
50,40,105.0,52.0,400.8952380952381,376.0,439.8076923076923,429.5,362.7169811320755,360.0
44,40,182.0,91.0,205.57692307692307,215.0,60.05494505494506,153.0,351.0989010989011,271.0
40,44,182.0,91.0,205.57692307692307,215.0,351.0989010989011,271.0,60.05494505494506,153.0
68,66,111.0,57.0,248.93693693693695,245.0,263.859649122807,238.0,233.1851851851852,275.5
66,68,111.0,54.0,248.93693693693695,245.0,233.1851851851852,275.5,263.859649122807,238.0
29,20,152.0,76.0,112.34210526315789,170.5,213.57894736842104,223.5,11.105263157894736,102.0
20,29,152.0,76.0,112.34210526315789,170.5,11.105263157894736,102.0,213.57894736842104,223.5
29,25,128.0,65.0,102.953125,209.5,128.98461538461538,152.0,76.0952380952381,223.0
25,29,128.0,63.0,102.953125,209.5,76.0952380952381,223.0,128.98461538461538,152.0
27,24,127.0,64.0,467.03937007874015,429.0,305.6875,366.0,630.952380952381,631.0
24,27,127.0,63.0,467.03937007874015,429.0,630.952380952381,631.0,305.6875,366.0
27,30,192.0,96.0,108.30729166666667,214.0,188.35416666666666,267.0,28.260416666666668,172.5
30,27,192.0,96.0,108.30729166666667,214.0,28.260416666666668,172.5,188.35416666666666,267.0
69,68,99.0,50.0,146.7171717171717,220.0,154.66,258.5,138.6122448979592,207.0
68,69,99.0,49.0,146.7171717171717,220.0,138.6122448979592,207.0,154.66,258.5
49,47,73.0,38.0,278.36986301369865,271.0,248.55263157894737,272.5,310.74285714285713,234.0
47,49,73.0,35.0,278.36986301369865,271.0,310.74285714285713,234.0,248.55263157894737,272.5
30,28,161.0,81.0,65.48447204968944,165.0,44.0,103.0,87.2375,180.5
28,30,161.0,80.0,65.48447204968944,165.0,87.2375,180.5,44.0,103.0
84,87,141.0,70.0,213.0921985815603,190.0,175.72857142857143,204.5,249.92957746478874,185.0
87,84,141.0,71.0,213.0921985815603,190.0,249.92957746478874,185.0,175.72857142857143,204.5
81,89,191.0,96.0,349.0890052356021,261.0,359.1354166666667,318.0,338.93684210526317,217.0
89,81,191.0,95.0,349.0890052356021,261.0,338.93684210526317,217.0,359.1354166666667,318.0
104,105,133.0,67.0,471.9398496240602,314.0,532.223880597015,382.0,410.74242424242425,267.5
105,104,133.0,66.0,471.9398496240602,314.0,410.74242424242425,267.5,532.223880597015,382.0
45,50,175.0,88.0,287.52,290.0,296.27272727272725,286.5,278.6666666666667,305.0
50,45,175.0,87.0,287.52,290.0,278.6666666666667,305.0,296.27272727272725,286.5
88,82,147.0,75.0,109.34693877551021,164.0,133.61333333333334,216.0,84.06944444444444,73.0
82,88,147.0,72.0,109.34693877551021,164.0,84.06944444444444,73.0,133.61333333333334,216.0
108,101,197.0,99.0,352.21319796954316,269.0,396.4343434343434,367.0,307.5408163265306,227.0
101,108,197.0,98.0,352.21319796954316,269.0,307.5408163265306,227.0,396.4343434343434,367.0
25,21,217.0,109.0,80.07834101382488,159.0,75.4770642201835,199.0,84.72222222222223,140.5
21,25,217.0,108.0,80.07834101382488,159.0,84.72222222222223,140.5,75.4770642201835,199.0
64,69,129.0,65.0,406.9767441860465,397.0,143.03076923076924,189.0,675.046875,576.5
69,64,129.0,64.0,406.9767441860465,397.0,675.046875,576.5,143.03076923076924,189.0
42,45,108.0,54.0,378.06481481481484,347.0,383.6296296296296,363.0,372.5,317.5
45,42,108.0,54.0,378.06481481481484,347.0,372.5,317.5,383.6296296296296,363.0
42,44,107.0,54.0,274.2616822429907,258.0,315.6666666666667,251.5,232.0754716981132,274.0
44,42,107.0,53.0,274.2616822429907,258.0,232.0754716981132,274.0,315.6666666666667,251.5
9,6,110.0,55.0,370.6181818181818,335.0,428.2181818181818,312.0,313.0181818181818,356.0
6,9,110.0,55.0,370.6181818181818,335.0,313.0181818181818,356.0,428.2181818181818,312.0
61,63,108.0,54.0,207.2962962962963,205.5,264.3333333333333,293.5,150.25925925925927,187.0
63,61,108.0,54.0,207.2962962962963,205.5,150.25925925925927,187.0,264.3333333333333,293.5
9,7,176.0,88.0,313.6193181818182,265.0,349.4318181818182,307.0,277.8068181818182,236.0
7,9,176.0,88.0,313.6193181818182,265.0,277.8068181818182,236.0,349.4318181818182,307.0
22,29,113.0,57.0,-15.415929203539823,152.0,-61.70175438596491,84.0,31.696428571428573,161.0
29,22,113.0,56.0,-15.415929203539823,152.0,31.696428571428573,161.0,-61.70175438596491,84.0
109,101,56.0,29.0,447.57142857142856,362.0,377.8965517241379,325.0,522.4074074074074,475.0
101,109,56.0,27.0,447.57142857142856,362.0,522.4074074074074,475.0,377.8965517241379,325.0
44,50,202.0,101.0,365.94059405940595,356.5,308.3267326732673,278.0,423.55445544554453,422.0
50,44,202.0,101.0,365.94059405940595,356.5,423.55445544554453,422.0,308.3267326732673,278.0
89,80,152.0,76.0,370.57236842105266,343.5,395.4736842105263,308.5,345.67105263157896,375.5
80,89,152.0,76.0,370.57236842105266,343.5,345.67105263157896,375.5,395.4736842105263,308.5
29,30,141.0,71.0,-33.59574468085106,118.0,-24.464788732394368,80.0,-42.857142857142854,134.0
30,29,141.0,70.0,-33.59574468085106,118.0,-42.857142857142854,134.0,-24.464788732394368,80.0
48,47,53.0,26.0,270.62264150943395,261.0,366.61538461538464,309.5,178.1851851851852,226.0
47,48,53.0,27.0,270.62264150943395,261.0,178.1851851851852,226.0,366.61538461538464,309.5
40,41,156.0,79.0,525.1282051282051,401.5,514.0506329113924,394.0,536.4935064935065,415.0
41,40,156.0,77.0,525.1282051282051,401.5,536.4935064935065,415.0,514.0506329113924,394.0
70,61,105.0,53.0,325.4095238095238,255.0,375.5660377358491,274.0,274.28846153846155,232.5
61,70,105.0,52.0,325.4095238095238,255.0,274.28846153846155,232.5,375.5660377358491,274.0
103,105,158.0,81.0,551.7784810126582,432.0,682.3827160493827,539.0,414.38961038961037,220.0
105,103,158.0,77.0,551.7784810126582,432.0,414.38961038961037,220.0,682.3827160493827,539.0
82,89,201.0,101.0,210.7910447761194,225.0,177.72277227722773,191.0,244.19,243.0
89,82,201.0,100.0,210.7910447761194,225.0,244.19,243.0,177.72277227722773,191.0
11,2,199.0,100.0,-4.155778894472362,94.0,-18.03,93.5,9.858585858585858,96.0
2,11,199.0,99.0,-4.155778894472362,94.0,9.858585858585858,96.0,-18.03,93.5
5,9,90.0,45.0,276.46666666666664,264.5,331.6666666666667,269.0,221.26666666666668,260.0
9,5,90.0,45.0,276.46666666666664,264.5,221.26666666666668,260.0,331.6666666666667,269.0
25,22,137.0,69.0,6.656934306569343,138.0,-27.89855072463768,116.0,41.720588235294116,148.0
22,25,137.0,68.0,6.656934306569343,138.0,41.720588235294116,148.0,-27.89855072463768,116.0
9,4,112.0,56.0,134.66071428571428,192.5,65.46428571428571,108.0,203.85714285714286,254.0
4,9,112.0,56.0,134.66071428571428,192.5,203.85714285714286,254.0,65.46428571428571,108.0
63,62,113.0,58.0,357.3628318584071,335.0,397.08620689655174,349.5,315.4727272727273,296.0
62,63,113.0,55.0,357.3628318584071,335.0,315.4727272727273,296.0,397.08620689655174,349.5
47,50,84.0,42.0,331.1904761904762,355.0,410.1666666666667,390.5,252.21428571428572,331.0
50,47,84.0,42.0,331.1904761904762,355.0,252.21428571428572,331.0,410.1666666666667,390.5
3,11,186.0,93.0,245.0,260.5,211.63440860215053,216.0,278.36559139784947,293.0
11,3,186.0,93.0,245.0,260.5,278.36559139784947,293.0,211.63440860215053,216.0
108,109,112.0,56.0,60.50892857142857,153.0,-34.75,13.0,155.76785714285714,200.0
109,108,112.0,56.0,60.50892857142857,153.0,155.76785714285714,200.0,-34.75,13.0
40,42,96.0,48.0,553.8645833333334,471.5,603.0416666666666,493.0,504.6875,424.0
42,40,96.0,48.0,553.8645833333334,471.5,504.6875,424.0,603.0416666666666,493.0
3,10,124.0,62.0,203.1451612903226,236.0,344.11290322580646,304.5,62.17741935483871,195.5
10,3,124.0,62.0,203.1451612903226,236.0,62.17741935483871,195.5,344.11290322580646,304.5
102,105,193.0,97.0,438.6735751295337,295.0,530.4432989690722,369.0,345.9479166666667,240.5
105,102,193.0,96.0,438.6735751295337,295.0,345.9479166666667,240.5,530.4432989690722,369.0
23,29,125.0,63.0,189.08,201.0,243.42857142857142,201.0,133.8548387096774,197.5
29,23,125.0,62.0,189.08,201.0,133.8548387096774,197.5,243.42857142857142,201.0
61,67,156.0,78.0,-309.05128205128204,-184.5,-229.83333333333334,-62.0,-388.2692307692308,-298.5
67,61,156.0,78.0,-309.05128205128204,-184.5,-388.2692307692308,-298.5,-229.83333333333334,-62.0
83,85,138.0,70.0,313.42028985507244,276.0,281.6142857142857,249.5,346.1617647058824,313.0
85,83,138.0,68.0,313.42028985507244,276.0,346.1617647058824,313.0,281.6142857142857,249.5
8,2,246.0,123.0,-42.89837398373984,20.0,-33.89430894308943,80.0,-51.90243902439025,-14.0
2,8,246.0,123.0,-42.89837398373984,20.0,-51.90243902439025,-14.0,-33.89430894308943,80.0
65,64,132.0,66.0,254.0909090909091,217.0,215.78787878787878,212.0,292.3939393939394,232.0
64,65,132.0,66.0,254.0909090909091,217.0,292.3939393939394,232.0,215.78787878787878,212.0
25,23,137.0,69.0,-42.01459854014598,119.0,7.550724637681159,170.0,-92.30882352941177,110.5
23,25,137.0,68.0,-42.01459854014598,119.0,-92.30882352941177,110.5,7.550724637681159,170.0
70,65,152.0,76.0,352.24342105263156,313.0,311.4868421052632,265.5,393.0,344.5
65,70,152.0,76.0,352.24342105263156,313.0,393.0,344.5,311.4868421052632,265.5
43,48,121.0,61.0,267.02479338842977,267.0,251.70491803278688,285.0,282.6,252.0
48,43,121.0,60.0,267.02479338842977,267.0,282.6,252.0,251.70491803278688,285.0
41,44,186.0,93.0,223.13978494623655,196.5,291.2903225806452,229.0,154.98924731182797,169.0
44,41,186.0,93.0,223.13978494623655,196.5,154.98924731182797,169.0,291.2903225806452,229.0
70,69,125.0,63.0,523.6,445.0,314.41269841269843,264.0,736.1612903225806,606.0
69,70,125.0,62.0,523.6,445.0,736.1612903225806,606.0,314.41269841269843,264.0
60,68,165.0,81.0,81.14545454545454,159.0,101.09876543209876,157.0,61.904761904761905,159.5
68,60,165.0,84.0,81.14545454545454,159.0,61.904761904761905,159.5,101.09876543209876,157.0
20,21,279.0,140.0,239.3942652329749,237.0,219.57142857142858,238.5,259.35971223021585,237.0
21,20,279.0,139.0,239.3942652329749,237.0,259.35971223021585,237.0,219.57142857142858,238.5
2,9,170.0,86.0,327.5176470588235,302.0,355.4418604651163,328.5,298.92857142857144,273.5
9,2,170.0,84.0,327.5176470588235,302.0,298.92857142857144,273.5,355.4418604651163,328.5
50,46,131.0,66.0,336.9770992366412,348.0,278.54545454545456,308.0,396.3076923076923,375.0
46,50,131.0,65.0,336.9770992366412,348.0,396.3076923076923,375.0,278.54545454545456,308.0
10,4,146.0,73.0,66.9931506849315,157.0,-46.465753424657535,88.0,180.45205479452054,217.0
4,10,146.0,73.0,66.9931506849315,157.0,180.45205479452054,217.0,-46.465753424657535,88.0
104,106,173.0,87.0,398.64161849710985,375.0,285.0574712643678,275.0,513.546511627907,493.0
106,104,173.0,86.0,398.64161849710985,375.0,513.546511627907,493.0,285.0574712643678,275.0
48,40,199.0,100.0,337.8542713567839,406.0,377.26,409.5,298.050505050505,406.0
40,48,199.0,99.0,337.8542713567839,406.0,298.050505050505,406.0,377.26,409.5
107,101,187.0,94.0,151.6096256684492,144.0,177.5,154.5,125.44086021505376,126.0
101,107,187.0,93.0,151.6096256684492,144.0,125.44086021505376,126.0,177.5,154.5
60,69,89.0,45.0,390.0561797752809,390.0,337.5111111111111,326.0,443.79545454545456,453.0
69,60,89.0,44.0,390.0561797752809,390.0,443.79545454545456,453.0,337.5111111111111,326.0
43,49,104.0,52.0,154.21153846153845,204.0,135.0,160.5,173.42307692307693,268.5
49,43,104.0,52.0,154.21153846153845,204.0,173.42307692307693,268.5,135.0,160.5
30,23,140.0,70.0,-3.1,66.0,-6.885714285714286,108.0,0.6857142857142857,36.5
23,30,140.0,70.0,-3.1,66.0,0.6857142857142857,36.5,-6.885714285714286,108.0
8,3,211.0,107.0,15.592417061611375,96.0,43.981308411214954,128.0,-13.615384615384615,55.5
3,8,211.0,104.0,15.592417061611375,96.0,-13.615384615384615,55.5,43.981308411214954,128.0
109,103,88.0,45.0,344.54545454545456,255.0,258.8888888888889,214.0,434.1860465116279,381.0
103,109,88.0,43.0,344.54545454545456,255.0,434.1860465116279,381.0,258.8888888888889,214.0
86,83,127.0,65.0,330.21259842519686,252.0,347.66153846153844,252.0,311.9193548387097,251.5
83,86,127.0,62.0,330.21259842519686,252.0,311.9193548387097,251.5,347.66153846153844,252.0
23,21,179.0,90.0,94.18994413407822,168.0,162.92222222222222,196.0,24.685393258426966,147.0
21,23,179.0,89.0,94.18994413407822,168.0,24.685393258426966,147.0,162.92222222222222,196.0
10,7,158.0,80.0,244.82911392405063,253.0,175.2625,202.5,316.1794871794872,268.0
7,10,158.0,78.0,244.82911392405063,253.0,316.1794871794872,268.0,175.2625,202.5
47,46,50.0,26.0,478.2,324.5,561.7307692307693,399.5,387.7083333333333,295.5
46,47,50.0,24.0,478.2,324.5,387.7083333333333,295.5,561.7307692307693,399.5
83,81,127.0,64.0,297.79527559055117,213.0,310.015625,217.5,285.3809523809524,180.0
81,83,127.0,63.0,297.79527559055117,213.0,285.3809523809524,180.0,310.015625,217.5
22,21,187.0,92.0,95.75935828877006,197.0,40.34782608695652,181.0,149.42105263157896,238.0
21,22,187.0,95.0,95.75935828877006,197.0,149.42105263157896,238.0,40.34782608695652,181.0
69,66,101.0,50.0,383.28712871287127,365.0,437.5,410.0,330.1372549019608,335.0
66,69,101.0,51.0,383.28712871287127,365.0,330.1372549019608,335.0,437.5,410.0
65,66,133.0,67.0,345.7593984962406,370.0,234.50746268656715,280.0,458.6969696969697,482.5
66,65,133.0,66.0,345.7593984962406,370.0,458.6969696969697,482.5,234.50746268656715,280.0
23,27,107.0,54.0,245.93457943925233,242.0,207.87037037037038,226.0,284.7169811320755,322.0
27,23,107.0,53.0,245.93457943925233,242.0,284.7169811320755,322.0,207.87037037037038,226.0
8,4,125.0,63.0,31.048,147.0,44.285714285714285,175.0,17.596774193548388,126.5
4,8,125.0,62.0,31.048,147.0,17.596774193548388,126.5,44.285714285714285,175.0
65,62,192.0,96.0,214.609375,222.5,293.3645833333333,191.5,135.85416666666666,241.5
62,65,192.0,96.0,214.609375,222.5,135.85416666666666,241.5,293.3645833333333,191.5
47,44,70.0,35.0,213.5142857142857,181.5,217.54285714285714,172.0,209.4857142857143,191.0
44,47,70.0,35.0,213.5142857142857,181.5,209.4857142857143,191.0,217.54285714285714,172.0
9,10,136.0,68.0,183.91176470588235,234.5,215.5,248.0,152.3235294117647,219.0
10,9,136.0,68.0,183.91176470588235,234.5,152.3235294117647,219.0,215.5,248.0
26,21,180.0,90.0,212.60555555555555,203.0,326.7111111111111,231.5,98.5,166.5
21,26,180.0,90.0,212.60555555555555,203.0,98.5,166.5,326.7111111111111,231.5
107,106,169.0,85.0,191.46153846153845,181.0,142.7058823529412,168.0,240.79761904761904,198.0
106,107,169.0,84.0,191.46153846153845,181.0,240.79761904761904,198.0,142.7058823529412,168.0
62,69,129.0,65.0,504.2325581395349,423.0,317.9230769230769,249.0,693.453125,649.0
69,62,129.0,64.0,504.2325581395349,423.0,693.453125,649.0,317.9230769230769,249.0
5,10,118.0,59.0,202.44915254237287,245.5,291.54237288135596,329.0,113.35593220338983,142.0
10,5,118.0,59.0,202.44915254237287,245.5,113.35593220338983,142.0,291.54237288135596,329.0
42,46,71.0,37.0,864.2112676056338,508.0,743.5945945945946,362.0,995.4705882352941,575.0
46,42,71.0,34.0,864.2112676056338,508.0,995.4705882352941,575.0,743.5945945945946,362.0
10,2,176.0,88.0,116.8409090909091,163.5,102.75,146.0,130.9318181818182,207.0
2,10,176.0,88.0,116.8409090909091,163.5,130.9318181818182,207.0,102.75,146.0
81,86,121.0,61.0,253.46280991735537,259.0,267.8032786885246,300.0,238.88333333333333,202.0
86,81,121.0,60.0,253.46280991735537,259.0,238.88333333333333,202.0,267.8032786885246,300.0
106,103,140.0,71.0,512.5214285714286,398.0,520.3661971830986,399.0,504.4492753623188,351.0
103,106,140.0,69.0,512.5214285714286,398.0,504.4492753623188,351.0,520.3661971830986,399.0
87,81,129.0,65.0,110.95348837209302,127.0,150.3846153846154,141.0,70.90625,106.5
81,87,129.0,64.0,110.95348837209302,127.0,70.90625,106.5,150.3846153846154,141.0
48,46,113.0,57.0,376.21238938053096,365.0,402.9122807017544,370.0,349.0357142857143,343.0
46,48,113.0,56.0,376.21238938053096,365.0,349.0357142857143,343.0,402.9122807017544,370.0
27,21,157.0,79.0,241.95541401273886,205.0,370.5189873417722,276.0,111.74358974358974,158.5
21,27,157.0,78.0,241.95541401273886,205.0,111.74358974358974,158.5,370.5189873417722,276.0
9,11,177.0,89.0,191.42372881355934,216.0,315.3258426966292,317.0,66.11363636363636,165.5
11,9,177.0,88.0,191.42372881355934,216.0,66.11363636363636,165.5,315.3258426966292,317.0
44,46,96.0,48.0,637.3645833333334,376.5,457.4375,334.0,817.2916666666666,548.0
46,44,96.0,48.0,637.3645833333334,376.5,817.2916666666666,548.0,457.4375,334.0
8,5,135.0,68.0,102.02222222222223,125.0,42.39705882352941,99.5,162.53731343283582,166.0
5,8,135.0,67.0,102.02222222222223,125.0,162.53731343283582,166.0,42.39705882352941,99.5
80,83,144.0,72.0,179.72222222222223,164.0,209.69444444444446,179.5,149.75,140.0
83,80,144.0,72.0,179.72222222222223,164.0,149.75,140.0,209.69444444444446,179.5
8,7,249.0,125.0,114.1004016064257,195.0,127.864,206.0,100.2258064516129,182.0
7,8,249.0,124.0,114.1004016064257,195.0,100.2258064516129,182.0,127.864,206.0
68,62,161.0,81.0,61.75776397515528,129.0,65.0,107.0,58.475,187.0
62,68,161.0,80.0,61.75776397515528,129.0,58.475,187.0,65.0,107.0
61,65,121.0,61.0,1.1322314049586777,0.0,-41.31147540983606,47.0,44.28333333333333,-21.5
65,61,121.0,60.0,1.1322314049586777,0.0,44.28333333333333,-21.5,-41.31147540983606,47.0
29,24,78.0,39.0,360.1794871794872,353.0,312.4871794871795,235.0,407.87179487179486,440.0
24,29,78.0,39.0,360.1794871794872,353.0,407.87179487179486,440.0,312.4871794871795,235.0
108,102,187.0,94.0,287.1016042780749,291.0,242.91489361702128,254.0,331.76344086021504,312.0
102,108,187.0,93.0,287.1016042780749,291.0,331.76344086021504,312.0,242.91489361702128,254.0
64,67,179.0,89.0,-8.977653631284916,151.0,-15.393258426966293,115.0,-2.6333333333333333,200.0
67,64,179.0,90.0,-8.977653631284916,151.0,-2.6333333333333333,200.0,-15.393258426966293,115.0
48,50,182.0,91.0,337.33516483516485,352.5,347.53846153846155,334.0,327.13186813186815,376.0
50,48,182.0,91.0,337.33516483516485,352.5,327.13186813186815,376.0,347.53846153846155,334.0
41,48,202.0,101.0,409.4306930693069,335.5,441.71287128712873,360.0,377.1485148514852,304.0
48,41,202.0,101.0,409.4306930693069,335.5,377.1485148514852,304.0,441.71287128712873,360.0
81,85,175.0,88.0,295.66285714285715,241.0,197.0340909090909,191.0,395.42528735632186,364.0
85,81,175.0,87.0,295.66285714285715,241.0,395.42528735632186,364.0,197.0340909090909,191.0
68,70,146.0,74.0,227.56849315068493,282.5,182.8108108108108,247.0,273.56944444444446,323.5
70,68,146.0,72.0,227.56849315068493,282.5,273.56944444444446,323.5,182.8108108108108,247.0
89,88,138.0,69.0,197.71014492753622,194.5,203.79710144927537,192.0,191.6231884057971,197.0
88,89,138.0,69.0,197.71014492753622,194.5,191.6231884057971,197.0,203.79710144927537,192.0
90,81,158.0,79.0,174.1012658227848,172.0,206.16455696202533,179.0,142.0379746835443,163.0
81,90,158.0,79.0,174.1012658227848,172.0,142.0379746835443,163.0,206.16455696202533,179.0
106,101,133.0,67.0,632.578947368421,447.0,757.1641791044776,614.0,506.1060606060606,381.0
101,106,133.0,66.0,632.578947368421,447.0,506.1060606060606,381.0,757.1641791044776,614.0
48,45,184.0,92.0,223.31521739130434,288.5,319.85869565217394,315.5,126.77173913043478,254.5
45,48,184.0,92.0,223.31521739130434,288.5,126.77173913043478,254.5,319.85869565217394,315.5
107,104,151.0,76.0,41.01324503311258,120.0,100.75,158.0,-19.52,77.0
104,107,151.0,75.0,41.01324503311258,120.0,-19.52,77.0,100.75,158.0
67,65,191.0,95.0,82.46073298429319,129.0,63.863157894736844,165.0,100.86458333333333,110.5
65,67,191.0,96.0,82.46073298429319,129.0,100.86458333333333,110.5,63.863157894736844,165.0
30,21,173.0,87.0,-14.485549132947977,84.0,-6.333333333333333,56.0,-22.732558139534884,104.5
21,30,173.0,86.0,-14.485549132947977,84.0,-22.732558139534884,104.5,-6.333333333333333,56.0
109,102,99.0,51.0,182.62626262626262,150.0,155.13725490196077,138.0,211.83333333333334,170.0
102,109,99.0,48.0,182.62626262626262,150.0,211.83333333333334,170.0,155.13725490196077,138.0
6,8,168.0,84.0,81.69047619047619,212.0,106.23809523809524,202.5,57.142857142857146,214.0
8,6,168.0,84.0,81.69047619047619,212.0,57.142857142857146,214.0,106.23809523809524,202.5
