num_bins,bin_size,betas,p-val
2.0,300.0,0.009395436632115667,0.882692396869088
2.0,300.0,-0.03331593168663501,0.6010452452680863
2.0,300.0,-0.06008606263398359,0.3440164825670331
2.0,300.0,-0.12509652087619771,0.0478536588020428
2.0,300.0,-0.007050049041716956,0.9117350270065137
2.0,300.0,0.02720646572874738,0.6691453757152308
2.0,300.0,-0.1433511159840851,0.022939678091342734
2.0,300.0,-0.08098837313525312,0.2027828095160782
2.0,300.0,-0.06989306599325316,0.2707150436179292
2.0,300.0,-0.1066420639723398,0.09303529628115409
2.0,300.0,-0.06847864794963719,0.2800996736545967
2.0,300.0,-0.14804752936013052,0.018785377366292808
2.0,300.0,-0.1090376312108238,0.08522798049775773
2.0,300.0,-0.121357469223345,0.055975468537782784
2.0,300.0,-0.125242712940862,0.047389841123540104
2.0,300.0,0.013364632109831904,0.8336437795276901
2.0,300.0,-0.0431608233053736,0.49788499250996143
2.0,300.0,-0.07458007849534909,0.23955176128062888
2.0,300.0,-0.06969229765275525,0.2716236861950074
2.0,300.0,-0.048340110019762704,0.44876916626142527
2.0,300.0,-0.10030006484074214,0.11340157625279641
2.0,300.0,-0.015606126844678669,0.8061302575433775
2.0,300.0,-0.17523367836651949,0.005283733065743756
2.0,300.0,-0.06550847229654469,0.3037509736608324
2.0,300.0,-0.04700610060131323,0.459214726745908
2.0,300.0,-0.0123853200934464,0.8455469160607536
2.0,300.0,-0.06096760691516573,0.3365028441456789
2.0,300.0,-0.11543992585727997,0.06766822507464032
2.0,300.0,-0.14821065322035112,0.019120618505600376
2.0,300.0,-0.0018932275380781544,0.9762660572613648
2.0,300.0,-0.09494952986338107,0.13412311155469878
2.0,300.0,-0.052978158989692575,0.4043713877423314
2.0,300.0,-0.11713336894633729,0.06372527903983594
2.0,300.0,0.02643291434897191,0.6781440959790279
2.0,300.0,-0.13185028349889397,0.03681628446988907
2.0,300.0,-0.10606895321476213,0.09417839335737105
2.0,300.0,-0.0009161799252652931,0.9885414086163545
2.0,300.0,0.012741198712250186,0.8414910369604887
2.0,300.0,-0.17154852482892544,0.006383672364003252
2.0,300.0,-0.11502328568062384,0.06885865991755284
2.0,300.0,-0.08443390223824,0.1825934641893537
2.0,300.0,-0.14322626373306468,0.023966041157237567
2.0,300.0,-0.0585837952590726,0.35808976557074357
2.0,300.0,-0.02559214184950174,0.6871607638474289
2.0,300.0,-0.10444538597585513,0.09927388886429064
2.0,300.0,-0.01735786490033408,0.7858673641413714
2.0,300.0,-0.022194489907661194,0.7269890921692779
2.0,300.0,-0.11296147064435098,0.07385513924054003
2.0,300.0,-0.04659032693571341,0.46328495733721886
2.0,300.0,-0.12730992799850754,0.04367515012886727
2.0,300.0,-0.0735448787530824,0.24601529073543066
2.0,300.0,-0.10527492395650176,0.09808219517017985
2.0,300.0,-0.0688842132231033,0.2777711696760074
2.0,300.0,-0.12939237464722797,0.04069349734052747
2.0,300.0,-0.044189360896946,0.49059818656545373
2.0,300.0,-0.10974043182883036,0.08504065076344135
2.0,300.0,-0.002356774407362182,0.970589926527659
2.0,300.0,-0.06026236423864443,0.345665473706112
2.0,300.0,0.008559805270288967,0.8931325082851492
2.0,300.0,-0.06987577174774331,0.2732947985632984
2.0,300.0,-0.09885579625543633,0.11899908223660158
2.0,300.0,-0.1401615454945196,0.02619914740139504
2.0,300.0,-0.03344618769406934,0.6024679140198863
2.0,300.0,-0.11569138409358982,0.06833089004209553
2.0,300.0,-0.031044234595495004,0.6251565991101349
2.0,300.0,-0.021653015224717024,0.7334930933776858
2.0,300.0,0.04191733726021823,0.5106450219312222
2.0,300.0,-0.08470722683328398,0.18176183873394228
2.0,300.0,-0.11398725322691353,0.07133341943941783
2.0,300.0,-0.002330498190112141,0.9707732077660074
2.0,300.0,-0.05841315420841506,0.3572540782359912
2.0,300.0,-0.07901085801816365,0.21237044401034855
2.0,300.0,-0.10171946279714093,0.10831181719186024
2.0,300.0,-0.060001818260696234,0.34419941252104
2.0,300.0,-0.08870596002779177,0.16133062068100415
2.0,300.0,-0.12467538075677477,0.048280596763005335
2.0,300.0,-0.047474683043556266,0.4552825103421493
2.0,300.0,-0.04588399523770209,0.4698175655244802
2.0,300.0,-0.05361498937740744,0.3987414393474823
2.0,300.0,-0.05161879195773797,0.42193000880327003
2.0,300.0,-0.12158405068667408,0.05560939507295452
2.0,300.0,0.021236963880694053,0.7386015349143122
2.0,300.0,-0.1875727286218733,0.002850782594115096
2.0,300.0,-0.09956896800175957,0.11567050818339689
2.0,300.0,-0.09915167628067707,0.1170456569635135
2.0,300.0,-0.00743136878464503,0.9070538151076072
2.0,300.0,-0.08005233059310177,0.20700773053153873
2.0,300.0,-0.05254504505000271,0.4086080714157575
2.0,300.0,-0.04831607430055044,0.4468105079376179
2.0,300.0,-0.04194024087674137,0.5089371268791862
2.0,300.0,-0.03858649416119649,0.5443037036240348
2.0,300.0,-0.06579958142066056,0.2994176609571313
2.0,300.0,-0.14684250155125358,0.020439449399849922
2.0,300.0,-0.17417808663837983,0.005586980045543041
2.0,300.0,-0.01361036888053719,0.8309743371990792
2.0,300.0,-0.06751813093069536,0.28709908994289574
2.0,300.0,-0.08495143526670236,0.1798467818995792
2.0,300.0,0.006530192111657312,0.9188509601061108
2.0,300.0,-0.12802750609988292,0.042753374833890266
2.0,300.0,-0.15592682560534663,0.013363185252329542
3.0,200.0,-0.08209114197954617,0.08977431587598256
3.0,200.0,-0.01789062262448124,0.712137386021132
3.0,200.0,0.01236119403281948,0.798859921257109
3.0,200.0,-0.03894963824056015,0.42325790138246777
3.0,200.0,-0.06785672842004939,0.1610065045680906
3.0,200.0,-0.04761178558699596,0.3257560987626503
3.0,200.0,-0.08095155134158273,0.09458611581419471
3.0,200.0,-0.037020452281503136,0.44536923206643175
3.0,200.0,-0.025596273546984082,0.5992929960853319
3.0,200.0,-0.05221211506910386,0.281805366506563
3.0,200.0,-0.1233469107618204,0.010807742902644865
3.0,200.0,-0.005043201511868913,0.9172105958379707
3.0,200.0,0.04274268075747502,0.379245795353064
3.0,200.0,-0.03333495332082623,0.4934799590979544
3.0,200.0,-0.07685789130790215,0.11215458204339478
3.0,200.0,-0.023147277435765327,0.6331126959906356
3.0,200.0,-0.1044143139997368,0.030922971867117753
3.0,200.0,-0.04028571359854178,0.4057828175171906
3.0,200.0,-0.09474262690459588,0.0501239374558702
3.0,200.0,-0.015583206783968235,0.7481594134990603
3.0,200.0,0.037403720969835574,0.44040337760850545
3.0,200.0,-9.003960667993151e-05,0.9985216942892685
3.0,200.0,-0.025330484128995533,0.6021046491788643
3.0,200.0,-0.055780882050936856,0.2495383667386522
3.0,200.0,-0.004404883672828821,0.9279148029800339
3.0,200.0,0.0147170814797499,0.7615598776635768
3.0,200.0,-0.022491797557550514,0.6433928330638454
3.0,200.0,-0.02631223264234804,0.5873055322465064
3.0,200.0,-0.05507738166148591,0.2558821050714603
3.0,200.0,-0.05991394077055576,0.21626402961947677
3.0,200.0,-0.05476731685306833,0.25918940969363297
3.0,200.0,-0.06991930566901933,0.14862195173482948
3.0,200.0,-0.030602449437101446,0.5285843674219235
3.0,200.0,0.0031780613063971696,0.9486487948203961
3.0,200.0,-0.03585008643205815,0.45955206831605233
3.0,200.0,-0.05172466010676995,0.2856500506093007
3.0,200.0,-0.07957472389311726,0.09998528304099757
3.0,200.0,-0.06383474073145959,0.18767136071523985
3.0,200.0,-0.02756688342929095,0.5696521856322756
3.0,200.0,0.03332003130096,0.49230449827771494
3.0,200.0,-0.11526287969225928,0.016895088552982867
3.0,200.0,-0.08280266476579998,0.08684528430736244
3.0,200.0,-0.0036075805830569473,0.9411556379267667
3.0,200.0,-0.010466827679536904,0.8296101336299749
3.0,200.0,-0.05653473468807195,0.24489631896846875
3.0,200.0,-0.08204322524474722,0.08988928653164616
3.0,200.0,-0.010976436258593718,0.8209492824122604
3.0,200.0,0.02012434800658387,0.678558963849138
3.0,200.0,-0.0014946485371792391,0.9754190342727318
3.0,200.0,0.02119684579831155,0.6620316302165856
3.0,200.0,-0.08359712578431029,0.08481387436789217
3.0,200.0,-0.07951181559427414,0.10045436308782484
3.0,200.0,-0.04446427789210195,0.3587707407173534
3.0,200.0,-0.020845526318159908,0.6673715863876073
3.0,200.0,-0.018210840764500625,0.7072255764509481
3.0,200.0,-0.10492323369284652,0.029782912791256007
3.0,200.0,-0.0972083752366917,0.04424135004186267
3.0,200.0,-0.08033366023387678,0.09677627493765419
3.0,200.0,-0.025803057160318815,0.5983954658764157
3.0,200.0,-0.06203168083760444,0.20047355551221774
3.0,200.0,0.012118329445611874,0.802679972342005
3.0,200.0,-0.08254998173969738,0.09071646772750853
3.0,200.0,-0.08921409328056026,0.06549457163511951
3.0,200.0,0.029570154179747902,0.5437605495399034
3.0,200.0,-0.08082984366703842,0.09466701435245381
3.0,200.0,-0.05665184847902153,0.24211300488245538
3.0,200.0,-0.03276504312340357,0.4990486448020187
3.0,200.0,-0.006003449769890311,0.901485575048737
3.0,200.0,-0.0435090446290192,0.3693412841278241
3.0,200.0,-0.05562037422391305,0.2512962232248993
3.0,200.0,0.01648132430108348,0.7343417363010141
3.0,200.0,-0.007923651396716516,0.8702035394172489
3.0,200.0,-0.025046713616519604,0.605520745173501
3.0,200.0,-0.025507865807379914,0.5987933484653698
3.0,200.0,-0.06815663963893635,0.1611413915284853
3.0,200.0,-0.09544802747020703,0.04852685656072094
3.0,200.0,-0.06051334893441413,0.21239846317536992
3.0,200.0,-0.10729316078085156,0.026283034539761916
3.0,200.0,-0.05048307158905144,0.2986273313160548
3.0,200.0,-0.1309212934170098,0.006592697562472284
3.0,200.0,0.01270251206699896,0.793465187838949
3.0,200.0,-0.09286542140345451,0.054670849812823524
3.0,200.0,-0.017435811874008233,0.7210034883506842
3.0,200.0,-0.05405822008115763,0.26435533020456947
3.0,200.0,0.0015764136328223447,0.974070575127453
3.0,200.0,-0.06745055881389497,0.16357890749019854
3.0,200.0,-0.05378458729901727,0.2667862566011388
3.0,200.0,-0.056278609690208856,0.24519993041171217
3.0,200.0,-0.06355314623572819,0.19011648173285026
3.0,200.0,-0.024215523908497648,0.6176234327784254
3.0,200.0,-0.06096954206540832,0.2085168914979837
3.0,200.0,-0.04016672938898161,0.4071661419268727
3.0,200.0,-0.03289964544612009,0.4981554990892102
3.0,200.0,0.017750085958073206,0.7165900072020392
3.0,200.0,-0.023411121768391746,0.6313103671170015
3.0,200.0,-0.02488164324396009,0.6080286308158569
3.0,200.0,-0.038271833282838896,0.4301575602005442
3.0,200.0,-0.025667151359122488,0.5966491874381368
3.0,200.0,-0.011597679241808746,0.8109835350215384
3.0,200.0,-0.006890877682953151,0.887070819326378
4.0,150.0,-0.06230087620136367,0.11817070894569986
4.0,150.0,0.0320813984486957,0.4216047298716923
4.0,150.0,-0.0409504365586611,0.30493583116344997
4.0,150.0,-0.029400472249412272,0.4618429188862734
4.0,150.0,-0.019667967116890415,0.6224628575496173
4.0,150.0,0.01563338723026133,0.6963307324552277
4.0,150.0,-0.03999161000001612,0.31725501751891483
4.0,150.0,-0.008480339720004438,0.8320436281364724
4.0,150.0,-0.05762742995513946,0.14846295268017815
4.0,150.0,-0.01379312773185169,0.7301588803516158
4.0,150.0,-0.00018396239758153635,0.9963238091542321
4.0,150.0,-0.016100461605721907,0.6870336858886303
4.0,150.0,-0.037140902151148764,0.35609452414697174
4.0,150.0,-0.0064364162129850085,0.8720537328984881
4.0,150.0,-0.022959467061044424,0.5656014756136143
4.0,150.0,-0.03980764740687824,0.31861076022150914
4.0,150.0,-0.07534304979192726,0.05862417039107109
4.0,150.0,-0.040516671456860984,0.31061455065679133
4.0,150.0,-0.06424942747141978,0.10718279880649294
4.0,150.0,0.0019033478936345688,0.9620821104862387
4.0,150.0,-0.011709579691310762,0.769578212543233
4.0,150.0,0.0027250133145392545,0.9462239279004923
4.0,150.0,-0.03768487962676314,0.3457239989108377
4.0,150.0,0.017537161921132912,0.6612467304845804
4.0,150.0,-0.02381957573983449,0.5509000992182979
4.0,150.0,-0.002282461159084543,0.9547493638928609
4.0,150.0,-0.0805187226829982,0.0434697198824081
4.0,150.0,-0.05414355698059021,0.1747107433860578
4.0,150.0,0.01419306819337993,0.7229799932377468
4.0,150.0,-0.025230854852306823,0.5277129999386766
4.0,150.0,0.0012853224145717471,0.9743251019010722
4.0,150.0,-0.04213133826963924,0.2911264434712877
4.0,150.0,-0.03785951272662353,0.3428431271305158
4.0,150.0,0.0033097077354124946,0.9341013409890313
4.0,150.0,-0.053062412663444185,0.1834054012068599
4.0,150.0,-0.055300227748382835,0.16587807660448395
4.0,150.0,-0.08654432749345342,0.02999011748359481
4.0,150.0,-0.05353212575955342,0.18178614868605267
4.0,150.0,-0.086526353827201,0.029807884577387853
4.0,150.0,-0.0029614792019218884,0.9408941764167613
4.0,150.0,-0.03389190997460097,0.3959405367368254
4.0,150.0,-0.02046447587783472,0.6082080091690961
4.0,150.0,-0.01452287648391445,0.7160410437405074
4.0,150.0,-0.030336946925544662,0.4477248156681407
4.0,150.0,-0.06913891594480133,0.08390228943727569
4.0,150.0,0.01606724889962001,0.6877129439122729
4.0,150.0,-0.01909153932921461,0.6327216486367495
4.0,150.0,-0.13643387800629111,0.0006192523593185644
4.0,150.0,-0.02420814595412318,0.5443660834046078
4.0,150.0,-0.051812950014417894,0.1939522789762222
4.0,150.0,-0.011848385945663922,0.7674167631099977
4.0,150.0,-0.006899295260013607,0.863030093380418
4.0,150.0,-0.12968496941199723,0.0011043411306832936
4.0,150.0,-0.06078252034981746,0.12883576103406974
4.0,150.0,-0.05244956600174389,0.18854395197991528
4.0,150.0,0.042968606458726015,0.2820768118853149
4.0,150.0,-0.07635276295746272,0.05564304924126997
4.0,150.0,-0.04033653333217508,0.3131561948989607
4.0,150.0,-0.02476029434449279,0.5354784825143604
4.0,150.0,0.006755412576363843,0.8660400949070683
4.0,150.0,-0.006814497681836023,0.8646666251117016
4.0,150.0,-0.047981252258250416,0.2294135176822393
4.0,150.0,0.004738290299794193,0.90578233289629
4.0,150.0,0.002529803269163544,0.949810408826828
4.0,150.0,-0.05432553668808098,0.17394373006751668
4.0,150.0,-0.0041036906389768976,0.9181348313671689
4.0,150.0,-0.06275750792267847,0.11713637173528132
4.0,150.0,-0.03907358974403758,0.3288878169415165
4.0,150.0,-0.03731164087112503,0.3502453162763838
4.0,150.0,-0.03628457808414546,0.3640713803588922
4.0,150.0,-0.0897344376926011,0.024187771153334578
4.0,150.0,0.0043463798839532075,0.9133362858425758
4.0,150.0,-0.04313406080108906,0.28019650662669254
4.0,150.0,-0.03152697829788076,0.4303798705895322
4.0,150.0,-0.043367216089107,0.2774215214013803
4.0,150.0,-0.02721866730825263,0.49573721137923954
4.0,150.0,-0.052774146943816234,0.18600668573926332
4.0,150.0,-0.05384808896919047,0.1775929647669896
4.0,150.0,-0.02732457838585185,0.4936582859880818
4.0,150.0,-0.06313576081943083,0.11331256888868711
4.0,150.0,-0.013977653954129749,0.7262780966506122
4.0,150.0,-0.06993077988518086,0.07950437249912029
4.0,150.0,0.01213513983350913,0.7612675411162602
4.0,150.0,-0.03154619700957747,0.4311605843396302
4.0,150.0,0.005521982022458738,0.8899938910119751
4.0,150.0,-0.021965261437487157,0.5839552834666056
4.0,150.0,-0.00692343949001756,0.8625352207374013
4.0,150.0,0.011119133319360014,0.7807446321294493
4.0,150.0,-0.036907957460708435,0.35701390531968424
4.0,150.0,-0.015740707831210433,0.6933734057227908
4.0,150.0,-0.039399194668565916,0.32448408246294913
4.0,150.0,-0.003183868887189265,0.93664328320929
4.0,150.0,-0.005019014437497022,0.90071442512124
4.0,150.0,-0.024199407284632064,0.5447111871729546
4.0,150.0,-0.07450727040142517,0.06172634582704206
4.0,150.0,-0.04697044254626317,0.24033296785661157
4.0,150.0,-0.011164076906038534,0.7802545984061406
4.0,150.0,-0.00881872604274173,0.8252824783096246
4.0,150.0,-0.020278752546015903,0.6116322165321979
4.0,150.0,0.022786849163263435,0.5682442667424046
5.0,120.0,-0.04826161739422052,0.15432457638885178
5.0,120.0,0.01965458749636448,0.5622178765976211
5.0,120.0,-0.00414466750968042,0.9027884478556187
5.0,120.0,0.031834276333355435,0.3474158786812902
5.0,120.0,-0.0014392334768276735,0.9662295422757586
5.0,120.0,-0.00293296838375811,0.9310590490068527
5.0,120.0,0.029407755766029053,0.3866374453616338
5.0,120.0,-0.05294933184081115,0.11893613325116174
5.0,120.0,-0.06598028283551942,0.05276040745035366
5.0,120.0,-0.04431107773266974,0.1909561247729548
5.0,120.0,0.004065077928421849,0.9046902880966367
5.0,120.0,-0.010100540171255853,0.7657566473824677
5.0,120.0,-0.041203354101378764,0.22471213041155333
5.0,120.0,-0.043100609562446233,0.20368315509200696
5.0,120.0,-0.021921721248717614,0.5193112844422803
5.0,120.0,0.005324864890172073,0.8756182964961419
5.0,120.0,-0.03754573576312464,0.26800854672784785
5.0,120.0,-0.049857661868023186,0.14118866178074538
5.0,120.0,0.08384651596627853,0.013074489092648947
5.0,120.0,-0.018062638828694338,0.5946299573236064
5.0,120.0,-0.01964082345085209,0.5632400748795526
5.0,120.0,-0.03738748684395097,0.2701542517965141
5.0,120.0,-0.06019347088866665,0.07584164798483133
5.0,120.0,-0.013014045201554292,0.7010851653235264
5.0,120.0,-0.06555794360873494,0.05442850065127471
5.0,120.0,0.026593989352456944,0.4330828324967878
5.0,120.0,-0.020487603320772672,0.5456715594067183
5.0,120.0,0.007256861977645193,0.8310609569536629
5.0,120.0,-0.03635341595474447,0.28347340355594874
5.0,120.0,-0.019897858782112685,0.5574541084334417
5.0,120.0,0.005218404993666633,0.8777629100845624
5.0,120.0,-0.06145283966689032,0.06982149635991036
5.0,120.0,-0.012322203028726475,0.7168892239615392
5.0,120.0,0.008162936283230967,0.8110949681176898
5.0,120.0,0.004739698294733852,0.8890966624623204
5.0,120.0,0.02094610207164402,0.5365488529758511
5.0,120.0,-0.0023917209492119937,0.9438737977044893
5.0,120.0,-0.03709485164629684,0.27395912830927555
5.0,120.0,-0.014774484607702995,0.6632191894420757
5.0,120.0,-0.041140494849946634,0.22474369824753523
5.0,120.0,-0.016600879795045893,0.6243560661992815
5.0,120.0,0.05069509826522598,0.1343216743847645
5.0,120.0,0.023194904353296186,0.493785368583638
5.0,120.0,0.006869203865103433,0.8399580455741285
5.0,120.0,-0.07995189351173064,0.018108077631528455
5.0,120.0,0.02446487205179659,0.4705059331796788
5.0,120.0,-0.03030293902934589,0.372074027044876
5.0,120.0,-0.011082373372479531,0.7444842193379666
5.0,120.0,-0.00748544053298882,0.8253025434528484
5.0,120.0,-0.03633946539088894,0.2839580533133645
5.0,120.0,-0.055712132757123826,0.10001945495948139
5.0,120.0,-0.023857096478511804,0.4830454192354001
5.0,120.0,-0.04912186600989627,0.14720776107838343
5.0,120.0,-0.07743998229702902,0.022080473695940354
5.0,120.0,-0.030358493269741032,0.38086334356227436
5.0,120.0,-0.01354950687142487,0.6894680040744764
5.0,120.0,0.009094645283186641,0.7885588800015263
5.0,120.0,-0.030597261977130086,0.3667096180696843
5.0,120.0,-0.019009603196447594,0.5750117450794858
5.0,120.0,-0.07659604276555218,0.02358263816607214
5.0,120.0,0.01615968848816803,0.6350924145720772
5.0,120.0,-0.02721986401913486,0.4222082188277817
5.0,120.0,0.0165371207828427,0.6258461099631284
5.0,120.0,0.0068481549555513095,0.8400652810258262
5.0,120.0,0.005067407583517946,0.8812049409060223
5.0,120.0,-0.035522692729474614,0.2946258889224525
5.0,120.0,-0.007221605325156419,0.8317673082360059
5.0,120.0,-0.04337334987044772,0.20201721440753698
5.0,120.0,-0.03737607017153337,0.2700669196034682
5.0,120.0,-0.06537000791735162,0.054079700290138255
5.0,120.0,-0.07224097577921966,0.03393198623229959
5.0,120.0,-0.012875170884624138,0.7043426825346559
5.0,120.0,0.0062789991767429,0.853201423240657
5.0,120.0,-0.01952427692918236,0.5656517327465872
5.0,120.0,0.004927206696327593,0.8844603127634347
5.0,120.0,-0.054123708918467434,0.11004701188026637
5.0,120.0,-0.04890998718831285,0.14925609886692917
5.0,120.0,0.008006142672486763,0.813292634631734
5.0,120.0,-0.021101796523702282,0.5336193611330593
5.0,120.0,-0.011673966805572818,0.730756781334384
5.0,120.0,0.042858514126332195,0.20623457194849065
5.0,120.0,-0.02814137039025731,0.4064119738116353
5.0,120.0,-0.09504289691805594,0.0049441985805440646
5.0,120.0,0.023857075771799005,0.4838813137936039
5.0,120.0,-0.005709637166723676,0.8662602158849315
5.0,120.0,-0.011984268895297384,0.7238363069109345
5.0,120.0,-0.013119688054437096,0.6990811234562825
5.0,120.0,-0.04645176717427803,0.1704145453398597
5.0,120.0,0.011118266696533272,0.7432026315567566
5.0,120.0,-0.046227682061588,0.17263579252282166
5.0,120.0,0.020885445655222993,0.5378647248654799
5.0,120.0,-0.03984891705867701,0.23967968035129403
5.0,120.0,0.009016363161849708,0.7902848999733824
5.0,120.0,-0.008604672015261815,0.7998480107205821
5.0,120.0,-0.0438043934589102,0.19606818392165054
5.0,120.0,-0.02391307615695481,0.48085013298616697
5.0,120.0,0.019477455366330484,0.5655919383519957
5.0,120.0,0.0016029608739113672,0.9623143228058149
5.0,120.0,-0.06527990943919416,0.05381496087637541
5.0,120.0,0.03550492518084382,0.29508915390004337
6.0,100.0,0.03289072572080356,0.26178345720865404
6.0,100.0,-0.0067607708213035765,0.8176588831103995
6.0,100.0,-0.046233100692646245,0.11480708276870633
6.0,100.0,-0.06726601384183897,0.021587893737119796
6.0,100.0,-0.0401741873122555,0.17181195680640016
6.0,100.0,0.03072051854079429,0.29480864974781135
6.0,100.0,0.018869223529706606,0.5197140559298237
6.0,100.0,-0.03070636596199349,0.2952109220656231
6.0,100.0,-0.0608732925063742,0.03809577443579603
6.0,100.0,-0.06880043278893144,0.01882711836392103
6.0,100.0,0.01707178434474003,0.5601231364288866
6.0,100.0,0.016430558460831166,0.5750680528998656
6.0,100.0,-0.04002936699442125,0.172201563429693
6.0,100.0,-0.04005605405648427,0.17157069880543485
6.0,100.0,-0.0409377962610319,0.16284368320158202
6.0,100.0,-0.023789118006138095,0.4169602359432988
6.0,100.0,-0.05181382574074827,0.07692046153870302
6.0,100.0,-0.010173356939516267,0.7286721599581837
6.0,100.0,-0.008980579486506077,0.7601189002589928
6.0,100.0,-0.06405539695270708,0.028838094611166255
6.0,100.0,-0.011874016732909318,0.6857392039760176
6.0,100.0,-0.012729749862004053,0.6640723954818492
6.0,100.0,-0.0426071194421888,0.14585689799239157
6.0,100.0,-0.02912472282533308,0.3239989041867606
6.0,100.0,0.00927633513644117,0.751904478584613
6.0,100.0,0.0012008934624843752,0.96733151358997
6.0,100.0,-0.05627099063644914,0.05521953739275995
6.0,100.0,0.0291185550265905,0.3207801324395509
6.0,100.0,-0.04693290646770969,0.10944983631068636
6.0,100.0,-0.012972012287431764,0.6582278332857584
6.0,100.0,0.03230466400368705,0.27001802109669104
6.0,100.0,-0.02659792046882224,0.3644096744915122
6.0,100.0,0.034613947527866,0.2371992602202272
6.0,100.0,-0.06476721364669279,0.02763801649114744
6.0,100.0,-0.05118920820362519,0.08118684770036097
6.0,100.0,-0.00936738184789146,0.7494353109516585
6.0,100.0,-0.02605194053217793,0.37431885959566147
6.0,100.0,0.031101800386464658,0.2882887081255806
6.0,100.0,-0.046498314734550725,0.11240133710149085
6.0,100.0,-0.0432315850975179,0.14002274855569852
6.0,100.0,-0.022695544427510064,0.4394622904037142
6.0,100.0,-0.051740989412223666,0.07731990504047426
6.0,100.0,-0.01639815755891199,0.575824030748697
6.0,100.0,-0.06917292879410336,0.018802306157024436
6.0,100.0,-0.044159404235883784,0.1316722456302715
6.0,100.0,0.04730246189842927,0.1065717944324759
6.0,100.0,-0.017309917136871356,0.5548376314043744
6.0,100.0,-0.034193643898027204,0.24327797884945473
6.0,100.0,0.047886043621988235,0.1018779584274589
6.0,100.0,-0.04947714062779798,0.09114896819336932
6.0,100.0,-0.023688732750788248,0.41904913827380885
6.0,100.0,-0.01039162502471198,0.7241501904040836
6.0,100.0,0.006174083375009546,0.8332382179974217
6.0,100.0,-0.03554400867548669,0.22587332783165096
6.0,100.0,-0.006494221093842784,0.8249544433322565
6.0,100.0,-0.03994424410831976,0.1728545398261087
6.0,100.0,0.024738226073897942,0.3988506369071686
6.0,100.0,0.050628785220546015,0.0837809460617004
6.0,100.0,0.017131088205407676,0.55882732461956
6.0,100.0,0.00033043831819954534,0.9910062007152328
6.0,100.0,-0.017260093510726344,0.5559180406287799
6.0,100.0,-0.018187356878361243,0.535017974480073
6.0,100.0,0.05721429288656618,0.05117210074555391
6.0,100.0,-0.00410322241255404,0.8886596342917792
6.0,100.0,-0.01500644827314666,0.6088824551694398
6.0,100.0,0.06132798081832408,0.03627812676828298
6.0,100.0,0.008075004789250224,0.7831946702000715
6.0,100.0,-0.04570739104819488,0.11884638195249794
6.0,100.0,0.020211548731357245,0.4903011332697491
6.0,100.0,-0.012681220658802783,0.6656813194213447
6.0,100.0,0.014600932207587411,0.6184276991920103
6.0,100.0,-0.040127441522923434,0.17080069341367438
6.0,100.0,-0.0462998372824311,0.11432587688370295
6.0,100.0,-0.05267817917794517,0.07205405251487332
6.0,100.0,-0.012989387320051596,0.6588074026865804
6.0,100.0,-0.0517549142182466,0.07719358168534801
6.0,100.0,-0.035491135174564814,0.22618318331597267
6.0,100.0,-0.039400094769301286,0.17887652967257803
6.0,100.0,-0.0077714901967518065,0.7908876327676964
6.0,100.0,-0.05066032830780183,0.08400222266899339
6.0,100.0,0.02766195360986831,0.3454445295416697
6.0,100.0,0.04717929425644999,0.10694806126426197
6.0,100.0,-0.10453614477427106,0.0003410354172337352
6.0,100.0,-0.012658574830458366,0.6659625629008794
6.0,100.0,-0.059176932937555556,0.04323481865319177
6.0,100.0,-0.01844451242558844,0.5291502860006879
6.0,100.0,-0.031158820800267637,0.2881818229276979
6.0,100.0,-0.03405250313796008,0.24548014520084466
6.0,100.0,-0.00022671210448758133,0.9938319619755813
6.0,100.0,0.003203305421847582,0.9130234815233793
6.0,100.0,0.02721480377892149,0.35290127385634196
6.0,100.0,0.01013590544097187,0.7301437247051916
6.0,100.0,0.004178992252223656,0.886984594155387
6.0,100.0,-0.06897081604942631,0.018805778070446755
6.0,100.0,0.011536000893370545,0.693859145341182
6.0,100.0,0.02978162853125154,0.3095901294526878
6.0,100.0,0.030664612221157933,0.2954480139091387
6.0,100.0,-0.04739336126946446,0.10652179588988057
6.0,100.0,0.007122628075470096,0.8079952563111297
6.0,100.0,-0.04894133162254565,0.09471600333532043
10.0,60.0,-0.01147616392499251,0.5749064776129811
10.0,60.0,-0.03064432355218298,0.1341472443981944
10.0,60.0,9.44087340002996e-05,0.9963194570282554
10.0,60.0,-0.02602586478102967,0.20336756162077474
10.0,60.0,-0.009926051637354376,0.6278984284789455
10.0,60.0,-0.0005294474797239016,0.9793607421382613
10.0,60.0,0.014834700119178488,0.4684183905614001
10.0,60.0,-0.015181619025612669,0.4582614800008201
10.0,60.0,-0.004920202723602705,0.8100035199128064
10.0,60.0,0.02377728310946088,0.24504884011784284
10.0,60.0,0.008015542992417538,0.6951881507238884
10.0,60.0,-0.021622016484268553,0.2906851854005011
10.0,60.0,-0.01807797011863764,0.37697505047666846
10.0,60.0,0.030158387957808393,0.1406372452411598
10.0,60.0,0.005180849558867809,0.8000942910508938
10.0,60.0,0.0008946400301554426,0.9651717050422037
10.0,60.0,0.02721535794944707,0.1832831151222023
10.0,60.0,0.0032594735403220195,0.8734499952425718
10.0,60.0,-0.038114087314448056,0.06239289516923252
10.0,60.0,-0.0313563123601636,0.12525813492298654
10.0,60.0,0.00676295813285019,0.7409689530047066
10.0,60.0,0.003960314771533446,0.8465419979574302
10.0,60.0,0.021240966509866708,0.2989875858971147
10.0,60.0,-0.0018994425496688411,0.9262962965969757
10.0,60.0,0.017418811243698297,0.39484014568598635
10.0,60.0,-0.0300999100370071,0.14111943617262473
10.0,60.0,0.0006945674364090675,0.9729297880669949
10.0,60.0,0.01331143158165531,0.5152951615227068
10.0,60.0,0.014172049116226104,0.4887492194048634
10.0,60.0,-0.01779777614915964,0.38494467549702494
10.0,60.0,0.004011506147727683,0.8447980215286984
10.0,60.0,0.025307934913650992,0.21584256285605816
10.0,60.0,0.011386225487592433,0.5777817881076672
10.0,60.0,0.010295377011816079,0.6147598685421642
10.0,60.0,-0.012480198427677305,0.5423817480673585
10.0,60.0,-0.026695095693165506,0.19223237655116965
10.0,60.0,-0.04477285196628258,0.028643055815583407
10.0,60.0,-0.0792777560159646,0.0001021757339154817
10.0,60.0,-0.015403986287547342,0.4518057050748565
10.0,60.0,0.009577603336022979,0.6396502082428495
10.0,60.0,-0.008114932379545619,0.6917803478427705
10.0,60.0,0.0049798240394430026,0.8076974311181329
10.0,60.0,-0.029116719577089313,0.15551629139223408
10.0,60.0,0.005904132724824574,0.773033033840711
10.0,60.0,-0.015009511353182726,0.4631822051931199
10.0,60.0,-0.00658521654573168,0.7475754654097946
10.0,60.0,-0.0031441447100467,0.8778651396112435
10.0,60.0,-0.001689498250031529,0.9341972600617667
10.0,60.0,-0.022147841664634977,0.2790510705802714
10.0,60.0,-0.01764833083713882,0.3891528057834238
10.0,60.0,-0.026966424146994,0.1874183538689643
10.0,60.0,-0.013582835526476093,0.5070300126597809
10.0,60.0,0.05307035961040817,0.009355702975282175
10.0,60.0,0.023730043150629404,0.24659282024443188
10.0,60.0,0.0021075006808659452,0.9180614364830237
10.0,60.0,0.005919230081177134,0.7723402947875917
10.0,60.0,0.0022432477787175573,0.9128055998634523
10.0,60.0,0.0006335914229578596,0.9754044390330239
10.0,60.0,-0.03207258208587357,0.11708389880489962
10.0,60.0,-0.038268732272083224,0.06127923043622957
10.0,60.0,0.010198735144319284,0.6180968631389145
10.0,60.0,0.02575819157684227,0.20798952508560573
10.0,60.0,-0.01722580722997225,0.39979929684171556
10.0,60.0,0.009083047917801542,0.6570611643808915
10.0,60.0,-0.01859723536151583,0.36376496547935677
10.0,60.0,-0.010976968245176976,0.5917964825957414
10.0,60.0,-0.019270072865123118,0.3462239677758473
10.0,60.0,0.009455716555485775,0.6444197613175983
10.0,60.0,0.018638527619035353,0.36223684915494003
10.0,60.0,-0.004725229171038606,0.8173732231560557
10.0,60.0,0.01607970927080068,0.4319568887272315
10.0,60.0,-0.022125040497102035,0.2796167176587486
10.0,60.0,0.019510108008238738,0.34011703912833724
10.0,60.0,0.014128854719634482,0.4903570146827426
10.0,60.0,0.011208296807138932,0.5843901716683517
10.0,60.0,0.007393517749837895,0.7178594042485835
10.0,60.0,-0.021902021127107697,0.28432580992126183
10.0,60.0,0.0031003539201077926,0.8798159220530204
10.0,60.0,-0.013009800176950692,0.5248393737267258
10.0,60.0,0.01578327474855545,0.44032062603482824
10.0,60.0,0.010013480260701674,0.6247346203811638
10.0,60.0,0.0011706229823833254,0.954408812865946
10.0,60.0,0.0051610422930548705,0.8011363191162779
10.0,60.0,-0.005833297794773899,0.7766369956487289
10.0,60.0,0.03388981120273974,0.09742510686603216
10.0,60.0,0.001894126563554581,0.9262838957391484
10.0,60.0,-0.022335775175382627,0.2749786003513137
10.0,60.0,-0.013694800551312397,0.5037496921929852
10.0,60.0,-0.03893568952573754,0.05689351143438583
10.0,60.0,0.031518991638144186,0.12496378093611404
10.0,60.0,0.0007974863914526722,0.9689075491742827
10.0,60.0,-0.020460919467546298,0.3172720237183408
10.0,60.0,-0.035764654814375976,0.08039625988435212
10.0,60.0,-0.01170083356661413,0.5674155213849246
10.0,60.0,-0.018504952000170296,0.36583435026660305
10.0,60.0,-0.002971509602865645,0.8846666542970016
10.0,60.0,-0.00919614842270707,0.653327480692469
10.0,60.0,-0.010884781081809866,0.5953089015278947
10.0,60.0,-0.0592573552331923,0.003745485658495115
10.0,60.0,0.0017658691530574296,0.931216930338262
12.0,50.0,-0.01146745110000498,0.5407676947529618
12.0,50.0,0.0026379792078929623,0.8881040564267837
12.0,50.0,-0.009119560858496635,0.6271137010787017
12.0,50.0,-0.00042243508390552687,0.9820239601605527
12.0,50.0,-0.03476782482801161,0.06358686395249724
12.0,50.0,-0.019247725407826752,0.3054906874232491
12.0,50.0,-0.018450648181833132,0.3250559220561309
12.0,50.0,0.007447299466142868,0.6912262693412599
12.0,50.0,-0.006276256517102701,0.7379860100798541
12.0,50.0,0.019941685999491032,0.28826863083155374
12.0,50.0,-0.007746672236575926,0.6796546677331132
12.0,50.0,0.012060070732798585,0.5200252382241622
12.0,50.0,-0.04286070801839516,0.02215158594303371
12.0,50.0,0.017057107457117946,0.36291150395264826
12.0,50.0,-0.011744852860936555,0.5310390781895076
12.0,50.0,0.02551311582936849,0.17353699334177194
12.0,50.0,-0.017042788616440114,0.36376743961394453
12.0,50.0,-0.0056824934521122385,0.7620709137218034
12.0,50.0,0.00565069728498146,0.7631984878112823
12.0,50.0,0.027348126529359803,0.1450006545569104
12.0,50.0,0.0001031061730150909,0.9956179212077836
12.0,50.0,0.014215671524495849,0.44894995759860246
12.0,50.0,0.02803353320710007,0.1346806548643056
12.0,50.0,-0.011791505577823484,0.5294153961720043
12.0,50.0,-0.03210127681420074,0.08742787301585306
12.0,50.0,-0.028133950144368793,0.13346375346932882
12.0,50.0,0.009319149938585807,0.6195659512363911
12.0,50.0,0.005417351001914786,0.7726733309496601
12.0,50.0,-0.024647367824080203,0.18872479640399298
12.0,50.0,0.031667100654546004,0.09113423986946444
12.0,50.0,0.004909385750523995,0.7935093527812784
12.0,50.0,0.03420958624831417,0.06800931471191213
12.0,50.0,-0.0018572998000772078,0.9210984859267297
12.0,50.0,-0.021120648745084885,0.25987379754557716
12.0,50.0,-0.004206842323676969,0.8225342898797219
12.0,50.0,-0.029015172194417273,0.12164015195795354
12.0,50.0,-0.04593330896502614,0.01446615965285538
12.0,50.0,-0.008062020226995578,0.6671955683174555
12.0,50.0,-0.029443581146023155,0.11671035493320565
12.0,50.0,0.012828598986221764,0.49428790629312924
12.0,50.0,-0.0131552158018085,0.4830608251329447
12.0,50.0,-0.024300288548130246,0.1948463087943675
12.0,50.0,-0.06530188429481096,0.0004885967003557236
12.0,50.0,-0.015891958705526198,0.3966116301559086
12.0,50.0,-0.009628589055992693,0.607546481601553
12.0,50.0,0.01086460438411673,0.5622426319485323
12.0,50.0,-0.027842203052143806,0.13756140089762237
12.0,50.0,-0.016703534011661293,0.37379312432048406
12.0,50.0,0.0017352435217383923,0.9264659642641608
12.0,50.0,-0.0325341573972977,0.08260800582549623
12.0,50.0,0.010920131707773886,0.5602310971808997
12.0,50.0,-0.015859782867658496,0.39791994898742
12.0,50.0,0.0313634793833214,0.09413822474046638
12.0,50.0,-0.013231351004822632,0.480572795648449
12.0,50.0,0.016142725275102805,0.3895977331288407
12.0,50.0,0.008028108387748582,0.6686286282177996
12.0,50.0,-0.0028233829546135112,0.8802994194606342
12.0,50.0,0.018012055554674413,0.33744011489189085
12.0,50.0,0.010523260514036351,0.5745795184662912
12.0,50.0,-0.022112495089862922,0.2392329044901244
12.0,50.0,0.0065781879615667525,0.7257746374648364
12.0,50.0,-0.0214665930972684,0.2523377604276156
12.0,50.0,0.006855153797416501,0.7147943928529741
12.0,50.0,-0.006883729686642603,0.7135573862297644
12.0,50.0,0.012397829074308718,0.5084476419275998
12.0,50.0,-0.025211200334766825,0.17862511348570337
12.0,50.0,-0.020041446642484275,0.28512945453410843
12.0,50.0,-0.014639432567603144,0.43546412123742206
12.0,50.0,-0.00294714895157636,0.8751069800467735
12.0,50.0,0.02287391572805437,0.22234588494919622
12.0,50.0,-0.010030810473258732,0.5926650750846605
12.0,50.0,-0.011307266809166012,0.5464553669866701
12.0,50.0,-0.013230205534535572,0.4804572901983778
12.0,50.0,0.02951343440846512,0.1155122211662881
12.0,50.0,0.004913654951581632,0.7932543656018085
12.0,50.0,0.00599780462447412,0.7490597554046201
12.0,50.0,-0.0011344424829656048,0.9517523407359241
12.0,50.0,-0.002617730012550404,0.8889704932949531
12.0,50.0,-0.009395550292715583,0.6177989846618217
12.0,50.0,-0.0007788102449361168,0.9668809103186924
12.0,50.0,-0.007319582715403083,0.696403496923915
12.0,50.0,-0.026731683729886508,0.1538222667031764
12.0,50.0,0.009545355604899138,0.6108703390419061
12.0,50.0,-0.006100191296840803,0.7453560932235808
12.0,50.0,0.013794645205108341,0.46181458716681056
12.0,50.0,-0.03551463246574989,0.058586062713745495
12.0,50.0,-0.02430324339921998,0.19523569108280747
12.0,50.0,0.008204032475180222,0.6618759349070265
12.0,50.0,0.017909034801580414,0.3393316580770288
12.0,50.0,-0.002877196230129185,0.8780337355182266
12.0,50.0,-0.02196624878375682,0.24130262557736534
12.0,50.0,0.0049592238899027,0.7913905378109076
12.0,50.0,0.0072367893455149695,0.6998800867381846
12.0,50.0,-0.033290290132370816,0.07573612497034943
12.0,50.0,-0.004743845054134263,0.8003227583801131
12.0,50.0,-0.01577407223127226,0.4002018585386645
12.0,50.0,-0.05466041013327599,0.003539460520419085
12.0,50.0,0.0036809370968833746,0.8443542181927609
12.0,50.0,-0.017008802722642682,0.3658881652930699
12.0,50.0,0.0087286714443481,0.6415126860919496
15.0,40.0,0.00935547380921764,0.5641378094782696
15.0,40.0,-0.0049252061758883045,0.7614400929389996
15.0,40.0,0.0024115075680291843,0.8818836077483159
15.0,40.0,0.0029107772430642252,0.8576035238357065
15.0,40.0,0.008938390718953623,0.5820130834993313
15.0,40.0,-0.017838973445133792,0.27146735699836716
15.0,40.0,-0.017134619670984164,0.2911176065405872
15.0,40.0,-0.0018316991551114113,0.9101805221619793
15.0,40.0,0.03978890151851748,0.01428771336417191
15.0,40.0,-0.0059636291910235215,0.7131849838048989
15.0,40.0,0.00044150168581227797,0.9783027430246003
15.0,40.0,-0.026773921357564835,0.09883274722269594
15.0,40.0,0.013213627111612164,0.4154953800839377
15.0,40.0,0.00850413103557127,0.6001437599762438
15.0,40.0,0.013136634443412794,0.4188331781579724
15.0,40.0,0.0012521120430496213,0.9385099277474149
15.0,40.0,-0.032981105972007214,0.04199806686035142
15.0,40.0,0.0023947961130145455,0.8826430883560024
15.0,40.0,0.028123527391426987,0.08282551853480166
15.0,40.0,0.007765074818215512,0.6324081062035947
15.0,40.0,-0.03863589878235315,0.01729238449577506
15.0,40.0,-0.034251189425761205,0.0347400378128296
15.0,40.0,0.007056288479774147,0.6637109223170059
15.0,40.0,-0.013363955353913494,0.41051848841668814
15.0,40.0,0.006558469550524586,0.6864779950449889
15.0,40.0,0.005058035977666719,0.7552055040039598
15.0,40.0,-0.004813790516059782,0.7667328211878495
15.0,40.0,0.0018364270395247486,0.909919689621469
15.0,40.0,-0.0022631845741221636,0.8891509226142633
15.0,40.0,-0.004265131289690786,0.7927202417513993
15.0,40.0,-0.003396045431854527,0.8341879602215494
15.0,40.0,0.005113585992094612,0.7526886601611986
15.0,40.0,0.006257301215753463,0.6998545975640305
15.0,40.0,-0.006432716813968782,0.6917249267710416
15.0,40.0,-0.000772228467891446,0.9620978745231473
15.0,40.0,-0.02396604711145427,0.13952260408411102
15.0,40.0,-0.03287361648799114,0.04265224854056284
15.0,40.0,-0.016376476895623503,0.31319455861028367
15.0,40.0,-0.007845573546992307,0.6288014292532778
15.0,40.0,-0.004713485505430204,0.7714336373962811
15.0,40.0,-0.012135252224062783,0.455872445748141
15.0,40.0,0.017907698404602466,0.2695512868127505
15.0,40.0,-0.014049020108859707,0.3866899724836478
15.0,40.0,0.012946298425845977,0.4251929135104495
15.0,40.0,0.0053398712734804045,0.7420299067621681
15.0,40.0,0.036594911251163986,0.023978698255986686
15.0,40.0,0.010913305783395838,0.5010884026670959
15.0,40.0,-0.003087775639146277,0.8494725584096602
15.0,40.0,0.005529713560776316,0.7332491847708703
15.0,40.0,0.012411077359085023,0.4442231960368004
15.0,40.0,-0.00785972977048991,0.6280459122558673
15.0,40.0,-0.005494845022212846,0.7350222716058104
15.0,40.0,-0.0024824238327883323,0.8783890562857161
15.0,40.0,-0.02715055119838944,0.09421165247282381
15.0,40.0,0.0318933637359869,0.049413541641033135
15.0,40.0,-0.024560164448618332,0.12998838150824957
15.0,40.0,-0.015214268281988267,0.3484556147722284
15.0,40.0,-0.022944556659420096,0.15751873860619678
15.0,40.0,-0.020158406925935426,0.2142854257826083
15.0,40.0,-0.038762201072442735,0.016920689341155298
15.0,40.0,-0.0013589535657706558,0.9332655812899936
15.0,40.0,0.011741372993681495,0.46916552406621304
15.0,40.0,-0.00447508053286911,0.7828193730797008
15.0,40.0,0.015898457056185835,0.32720470385259826
15.0,40.0,-0.025426933165971093,0.1181696748606747
15.0,40.0,-0.010344465336624652,0.523772600774049
15.0,40.0,0.016169682975813345,0.31880336895398975
15.0,40.0,0.019207349313638936,0.23658462158911192
15.0,40.0,-0.004399887216218832,0.7862318469019562
15.0,40.0,-0.020319478225543194,0.2103424791749565
15.0,40.0,0.013256624040886929,0.4148881476601821
15.0,40.0,-0.03911709561873145,0.015846375336445465
15.0,40.0,-0.023100777785752574,0.15494749809723155
15.0,40.0,0.017301884893600804,0.2862892033093536
15.0,40.0,0.010996775961853838,0.4978337174914954
15.0,40.0,0.006874751037867365,0.6717196119810653
15.0,40.0,0.006135889217729133,0.7053062160226401
15.0,40.0,-0.019967234264169263,0.2188466500203002
15.0,40.0,-0.008239257599195653,0.6119051769846336
15.0,40.0,0.03854004709510265,0.017587451391029123
15.0,40.0,0.030882939537484402,0.056868998476221046
15.0,40.0,0.0010724919953076066,0.947290368478523
15.0,40.0,-0.0031865746272349673,0.8444020090913609
15.0,40.0,-0.005601862334519851,0.7301820932535472
15.0,40.0,0.005489195142924565,0.7351471631694957
15.0,40.0,-0.011539096684261022,0.47695418106838605
15.0,40.0,-0.02960397373280906,0.06815488512551444
15.0,40.0,0.011552186870913864,0.47638409071462995
15.0,40.0,0.02805378392629781,0.08480763581338696
15.0,40.0,-0.026989648380320353,0.0961214055025854
15.0,40.0,0.01190612538804494,0.4629766191804572
15.0,40.0,0.031038598393280166,0.055560967100581594
15.0,40.0,-0.007886463394020306,0.6270577940069486
15.0,40.0,-0.019472222438368846,0.2300492356681861
15.0,40.0,0.001159860765898506,0.9430071932104551
15.0,40.0,-0.004191178397409486,0.7963387657511696
15.0,40.0,-0.037722275841783476,0.02021131973790104
15.0,40.0,-0.0267933908751585,0.09857700013382549
15.0,40.0,-0.008853237798580828,0.5854175381291646
15.0,40.0,-0.03344919382690597,0.03916037105032623
20.0,30.0,-0.020661950355130583,0.13594558916488617
20.0,30.0,-0.01440164274387768,0.2986131034609868
20.0,30.0,0.005407568052641208,0.6963972079634042
20.0,30.0,-0.00410819324744832,0.7667960589626184
20.0,30.0,-0.006451182599105177,0.6414912934008812
20.0,30.0,-0.011618554952738662,0.40197433688324247
20.0,30.0,-0.0035102367662544773,0.7999844670767683
20.0,30.0,-0.0025066255334877576,0.8564058147575229
20.0,30.0,-0.0015719976309084638,0.9098442587096195
20.0,30.0,0.018044645322674892,0.1929359286126722
20.0,30.0,-0.023922303649804248,0.08449954664027948
20.0,30.0,-0.005305048057503765,0.7019061173581338
20.0,30.0,-0.020105315370006243,0.14697852638960454
20.0,30.0,-0.007326402757489275,0.5969577796319139
20.0,30.0,0.006945220407423057,0.6162584996278359
20.0,30.0,0.013805756828361196,0.31908532805863843
20.0,30.0,0.012051575779692328,0.38442279178368555
20.0,30.0,-0.028115458409066544,0.042352924269566924
20.0,30.0,0.006852983152444879,0.6210931914000164
20.0,30.0,-0.0031633210404578174,0.8194404093750095
20.0,30.0,0.02029829249467879,0.1427499774749708
20.0,30.0,0.01521745201091947,0.27187909924597525
20.0,30.0,-0.005539098363054346,0.6892703194819862
20.0,30.0,-0.0038477938996493506,0.7813656878124671
20.0,30.0,-0.011126059973811034,0.42185086545531836
20.0,30.0,-0.012931615054523352,0.3505677771955634
20.0,30.0,-0.008553195546849282,0.5369293487480437
20.0,30.0,-0.013032798682298646,0.3469874931011563
20.0,30.0,0.01694275627671801,0.22140718412116206
20.0,30.0,0.009738132779582747,0.4821413221711798
20.0,30.0,-0.0037850347434494596,0.7846704284470825
20.0,30.0,-0.011267367489258683,0.4165534501811933
20.0,30.0,0.018026674340920975,0.19315747895432064
20.0,30.0,0.017771607673216252,0.19947109004719096
20.0,30.0,0.02416130678575146,0.08100065162613332
20.0,30.0,0.005639221800691627,0.6839730320720497
20.0,30.0,-0.014861295026031368,0.28347852972602783
20.0,30.0,-0.008200639171701206,0.5540512019323536
20.0,30.0,0.013781110172927312,0.32059651065331535
20.0,30.0,-0.010003828864620277,0.4702117571382417
20.0,30.0,-0.01042569554688902,0.45169034020231735
20.0,30.0,0.0014315617338183473,0.9177712251909683
20.0,30.0,-0.017034382428802106,0.2190499611391045
20.0,30.0,0.013406161089094629,0.3335800772212879
20.0,30.0,-0.005506509083585919,0.6911233288038008
20.0,30.0,-0.006052509562516772,0.6621643312078467
20.0,30.0,-0.01810748032108955,0.19110108418674265
20.0,30.0,0.0037569764368441676,0.7862562707666672
20.0,30.0,-0.004001191470986243,0.7727306473655383
20.0,30.0,0.01706319622607377,0.2180955942300153
20.0,30.0,-0.006272810414612729,0.6508545626786071
20.0,30.0,-0.017798105298515502,0.19901740478186897
20.0,30.0,-0.01999487032885955,0.14916835021309457
20.0,30.0,0.020762524286705646,0.13383102352837695
20.0,30.0,-0.00544370301935793,0.6943344510891316
20.0,30.0,-0.023849333260983225,0.08507254838801498
20.0,30.0,0.005385844084690506,0.6980540449910515
20.0,30.0,-0.009097724242320894,0.5113322649040863
20.0,30.0,0.00905918455794517,0.5130909339336329
20.0,30.0,0.014762514823367646,0.2866416195912744
20.0,30.0,-0.004073962507856097,0.768717169972563
20.0,30.0,-0.041967181168894654,0.0024341912156517955
20.0,30.0,0.023343463412170393,0.0918719044864037
20.0,30.0,0.0029630628126691948,0.8306332102286732
20.0,30.0,-0.005714648061002315,0.6799692542398937
20.0,30.0,0.009400398577574957,0.49758241419808724
20.0,30.0,-0.00288714601816729,0.8348994869819489
20.0,30.0,0.0028417602197177024,0.8376047743634738
20.0,30.0,0.004514940644179599,0.7444892782919184
20.0,30.0,-0.003378907448790987,0.8073211452439094
20.0,30.0,-0.01443274421786581,0.29754692508065556
20.0,30.0,0.008379800151735008,0.5452366489446794
20.0,30.0,0.002169559714014569,0.8755447304004805
20.0,30.0,-0.00501605597129102,0.7172742191100753
20.0,30.0,0.01565132690654081,0.2586676661578454
20.0,30.0,0.0070229188746741755,0.6122376548605613
20.0,30.0,0.01343990635413688,0.331898080674343
20.0,30.0,-0.021007209804236242,0.12970262614926448
20.0,30.0,0.011136589745149373,0.42138417131990114
20.0,30.0,0.007430752653398013,0.5918589736281332
20.0,30.0,0.004190693621508563,0.7622538131854772
20.0,30.0,-0.0028190500744309853,0.8387919674587985
20.0,30.0,-0.02016582478364816,0.14599230395055038
20.0,30.0,-0.013697514087428923,0.32308098895796444
20.0,30.0,-0.021415842255055693,0.12226421082510623
20.0,30.0,-0.010735573931925483,0.43877014779474033
20.0,30.0,0.011308620378216654,0.41451208793696015
20.0,30.0,-0.007455077741954106,0.5905761700889053
20.0,30.0,-0.010830330583172511,0.4343141069588671
20.0,30.0,-0.00025484491826987827,0.9853287815036138
20.0,30.0,-0.016365506634810924,0.23783443546309657
20.0,30.0,-0.004213507515233898,0.7610909584288797
20.0,30.0,0.011397494467594258,0.4105845644809639
20.0,30.0,-0.04373235370592772,0.0015828251866814016
20.0,30.0,0.002550215734297917,0.8540222041142806
20.0,30.0,0.005872760944178237,0.6717679381909643
20.0,30.0,0.027553278576202246,0.0469873566972711
20.0,30.0,0.0027013843829624315,0.8454028437560188
20.0,30.0,-0.004573288942652043,0.741353555365523
20.0,30.0,0.02585838611361808,0.06197386999644169
24.0,25.0,-0.01320939463599572,0.29901434350975264
24.0,25.0,-0.015755209016296637,0.21567170681927478
24.0,25.0,0.004750659865968122,0.7089257719584264
24.0,25.0,-0.0009950661966719946,0.937650460160079
24.0,25.0,0.012303867974790588,0.33364417469068886
24.0,25.0,0.00022524020370609104,0.9858706870086562
24.0,25.0,-0.0037496070137138363,0.7681472368939527
24.0,25.0,-0.013501260291963997,0.28841283962010633
24.0,25.0,-0.016214467292042612,0.20256350529760764
24.0,25.0,-0.007883696393007861,0.5356891644878341
24.0,25.0,-0.007452722284988253,0.5579433465607853
24.0,25.0,6.582018388432571e-05,0.9958711484854446
24.0,25.0,0.013861606846936115,0.27574800793467125
24.0,25.0,-0.0018093129836273087,0.8869751355086977
24.0,25.0,-0.0006141412976502765,0.9614884464171961
24.0,25.0,-0.01882088531106954,0.1388672630352872
24.0,25.0,-0.013775352985228159,0.27873154656983046
24.0,25.0,0.03204452669258846,0.01169814909187415
24.0,25.0,0.019389169604952586,0.12729198534397063
24.0,25.0,-0.027546424238241194,0.030553508282076196
24.0,25.0,0.005491025846694373,0.6659250881170196
24.0,25.0,0.010333543667450247,0.4164733788517715
24.0,25.0,0.005521346108152739,0.664437818207493
24.0,25.0,0.009631390831844378,0.44884724055823777
24.0,25.0,0.004085959673829173,0.7480170136991404
24.0,25.0,-0.002090902779510245,0.8697389547481265
24.0,25.0,-0.018744559706331414,0.1404894091233698
24.0,25.0,-0.007900697907274492,0.5344988399739588
24.0,25.0,0.011034611311848628,0.38564854979629803
24.0,25.0,-0.022510492795105076,0.07673081348348033
24.0,25.0,-0.028807774963824185,0.02345938091003222
24.0,25.0,-0.020501792475299443,0.10690761205720882
24.0,25.0,0.0035087408820569594,0.78270189194305
24.0,25.0,0.004963568242243335,0.696353638284059
24.0,25.0,0.002871250163225946,0.8213878263301408
24.0,25.0,-0.0007700703180514626,0.951721734253155
24.0,25.0,-0.00865681626470005,0.49612208197237206
24.0,25.0,-0.029375993823311953,0.02085581927956466
24.0,25.0,0.003660377061326062,0.7736724260889475
24.0,25.0,0.007650517326260391,0.5474657034934003
24.0,25.0,0.008108291337965803,0.5239796683518376
24.0,25.0,-0.012051431098346119,0.3438638175504728
24.0,25.0,-0.002598626655361585,0.8381159627577988
24.0,25.0,-0.03054738082240866,0.01626885022256628
24.0,25.0,0.013486813558957325,0.2890128701882108
24.0,25.0,0.027053053706873362,0.033467075365655706
24.0,25.0,0.0005960865490586509,0.9626185318682611
24.0,25.0,-0.012566423824147131,0.3233387371316695
24.0,25.0,0.008191461191685892,0.5196711811447736
24.0,25.0,-0.00708005549606552,0.5779499568140642
24.0,25.0,-0.01240635177703917,0.3293083204134476
24.0,25.0,0.005243223642345086,0.6801458518081922
24.0,25.0,-0.006912696442692956,0.5867695207261133
24.0,25.0,-0.019438204706964557,0.12642638256997
24.0,25.0,0.01768904924642168,0.1641885141780643
24.0,25.0,-0.0026659502271732492,0.8339728957348427
24.0,25.0,-0.013642846584460338,0.28360182156153174
24.0,25.0,0.011453462278162439,0.3678030041940613
24.0,25.0,0.04171880224915183,0.0010263136158486824
24.0,25.0,-0.01109429218578342,0.38307443265360086
24.0,25.0,0.018107707786250177,0.1544646529065659
24.0,25.0,-0.0021975680759696754,0.862892863191062
24.0,25.0,-0.007220460612798869,0.570796998383765
24.0,25.0,0.005014916973810789,0.6934612230874839
24.0,25.0,-0.010864925612560016,0.39302110272220026
24.0,25.0,0.005077614697316249,0.6899297547358607
24.0,25.0,0.00630382309757163,0.6201778673803242
24.0,25.0,0.012504862571140318,0.3263299567942597
24.0,25.0,-0.009784497517064335,0.44171639355382075
24.0,25.0,0.009618537327135437,0.4495736675688419
24.0,25.0,0.012865212503171207,0.3116945143721591
24.0,25.0,-0.010657249315561891,0.4023299186504369
24.0,25.0,-0.014190449173192092,0.26452220590400055
24.0,25.0,-0.01726381738285454,0.1748467519413212
24.0,25.0,-0.01369233596724693,0.2819868203052491
24.0,25.0,0.015481306090437952,0.22347188843929408
24.0,25.0,-0.018511818352443487,0.1454812053401288
24.0,25.0,-0.008013372968902782,0.528730510293407
24.0,25.0,0.011991008730127426,0.3458144531491364
24.0,25.0,0.02657865868718319,0.03655899078079676
24.0,25.0,0.008822846900785285,0.48784319492408046
24.0,25.0,-0.004969458925585935,0.6960191548392787
24.0,25.0,-0.007274687932555248,0.5674166019176367
24.0,25.0,-0.004480271019895044,0.7247037668466927
24.0,25.0,-0.019199698050711193,0.13108866668530633
24.0,25.0,-0.016471460398552424,0.19535164598419513
24.0,25.0,-0.0011305396720783156,0.929241586150274
24.0,25.0,0.002850165484895575,0.8226806174347312
24.0,25.0,0.009740439122603424,0.4446952609606475
24.0,25.0,-0.014383989850741618,0.25804606118085055
24.0,25.0,0.007423254025426703,0.5597665616065461
24.0,25.0,-0.015496455501038855,0.22308804399984056
24.0,25.0,0.015177040433000694,0.23300088237791527
24.0,25.0,-0.003132689850883415,0.8054423352902692
24.0,25.0,-0.025504431897827116,0.044873179454707424
24.0,25.0,0.012568460245414158,0.3230570506088739
24.0,25.0,0.022338287187574052,0.07894181071651447
24.0,25.0,-0.010590395028929183,0.4051308070736809
24.0,25.0,-0.0012718789391968157,0.9203488357450063
24.0,25.0,-0.008023607436840517,0.5282257545910669
30.0,20.0,-0.0008607682348250494,0.9395756442779007
30.0,20.0,0.008658182164247411,0.4457276824978589
30.0,20.0,-0.015238603596273393,0.17958653951827183
30.0,20.0,-0.0005310724593002383,0.9626961214599663
30.0,20.0,-0.013115041328040025,0.24807438391222678
30.0,20.0,-0.006817035847711664,0.5483196318936073
30.0,20.0,-0.0025955392737777795,0.8192239691994735
30.0,20.0,0.0016855942532880087,0.8819964502303774
30.0,20.0,-0.005878457639531,0.6047259391987998
30.0,20.0,0.005832312142764156,0.6074999466682771
30.0,20.0,-0.003301008720217287,0.771287085984483
30.0,20.0,-0.003431382136398502,0.7625554301650428
30.0,20.0,-0.01929462630648355,0.08939639746276067
30.0,20.0,-0.006651617058900495,0.5580095032615222
30.0,20.0,0.018769687074195403,0.09830508375591032
30.0,20.0,-0.001715661501014552,0.8799714020641995
30.0,20.0,-0.007724433962796357,0.49647987787638437
30.0,20.0,-0.02037028096725528,0.07282190155190317
30.0,20.0,-0.01567660347652421,0.1678041193730358
30.0,20.0,0.028900847868110882,0.010878256032384735
30.0,20.0,-0.006176538491623971,0.5866135235786432
30.0,20.0,-0.0057604271964401986,0.6120148528712717
30.0,20.0,0.008186154601535019,0.47106296721425145
30.0,20.0,-0.017268293690852206,0.1283095184235979
30.0,20.0,-0.015882071937717658,0.1618882429071594
30.0,20.0,-0.025915047307451155,0.022482840427599664
30.0,20.0,-0.024434610419148618,0.031371286464887016
30.0,20.0,-0.011943934070889992,0.2931582797470424
30.0,20.0,0.0100011754416809,0.37841371175912175
30.0,20.0,0.011421086015901949,0.3148915213507449
30.0,20.0,0.021101606467858525,0.06304858812980679
30.0,20.0,-0.0026410636243076454,0.8160848253779471
30.0,20.0,0.010680589881345657,0.34702766436215327
30.0,20.0,-0.008329224356104883,0.46322801727397656
30.0,20.0,0.009168850102242103,0.41937039716218394
30.0,20.0,0.0211144623231195,0.0628864133231635
30.0,20.0,-0.00508848875704136,0.6540677519511098
30.0,20.0,-0.009284746129553599,0.41353361686108736
30.0,20.0,-0.014723045369293334,0.1947198274122887
30.0,20.0,0.006525864743090051,0.5656139291453752
30.0,20.0,-0.005306565885827333,0.6402603932132916
30.0,20.0,0.0020750743132636335,0.8549980834216728
30.0,20.0,0.005588944857396551,0.6225619136412717
30.0,20.0,-0.00861293839113986,0.4481312597423611
30.0,20.0,0.0032177051932445167,0.7770474282310009
30.0,20.0,-0.006807815454296643,0.5488095049110975
30.0,20.0,0.002374012116527199,0.8343885700305398
30.0,20.0,-0.0002504158539949007,0.9824060420326296
30.0,20.0,-0.005377354834937108,0.6358071411378343
30.0,20.0,-0.015917574749289624,0.16097370885667497
30.0,20.0,0.027476422622185775,0.01549147125417969
30.0,20.0,-0.0038113464010702683,0.7371577197471126
30.0,20.0,-0.012885089165546938,0.2566828224334624
30.0,20.0,-0.014275031188300213,0.20866928321790557
30.0,20.0,-0.0030121097138903533,0.7908438897513056
30.0,20.0,-0.022367142816086788,0.048875719674439266
30.0,20.0,0.017926682119775127,0.11431349974762851
30.0,20.0,-0.0009283656141135856,0.9348411851544776
30.0,20.0,-0.01814886288375398,0.10992259351117943
30.0,20.0,-0.009467243870992308,0.40470030648615773
30.0,20.0,0.008632610559612574,0.4470827364531743
30.0,20.0,-0.0039138990540777425,0.7304086897033091
30.0,20.0,-0.0041163634345665135,0.7169735837900784
30.0,20.0,-0.010045607236194886,0.3765011146262087
30.0,20.0,-0.0022167665531064884,0.8453434462722602
30.0,20.0,-0.0036163712235836,0.7501305860826066
30.0,20.0,0.005700048736357043,0.6161865455205914
30.0,20.0,-0.02155099852893669,0.057750118036584676
30.0,20.0,-0.015830864891401376,0.16322623907636627
30.0,20.0,0.0027141548758507768,0.8111501383637767
30.0,20.0,-0.007840681298268403,0.48995976130578833
30.0,20.0,-0.016349518574397304,0.1499299031861585
30.0,20.0,-0.012474663392858519,0.27192198894662484
30.0,20.0,-0.017882529436844957,0.11523864277323358
30.0,20.0,0.010613194943629929,0.34992563418469935
30.0,20.0,-0.006745249754505408,0.5524804967232002
30.0,20.0,-0.007031404126519939,0.5357523143943486
30.0,20.0,-0.012302267599455297,0.2786777168976215
30.0,20.0,0.012944090485085812,0.254252193105444
30.0,20.0,-0.002092251667128191,0.8540323594558488
30.0,20.0,-0.011655227966930729,0.3047542956412727
30.0,20.0,0.006132441122051089,0.5896820833613674
30.0,20.0,0.014919220819257926,0.18881080725275093
30.0,20.0,-0.002795477230198422,0.8055768423445875
30.0,20.0,0.015816929398307797,0.1636026942890945
30.0,20.0,0.007016560122000699,0.5367931864858997
30.0,20.0,-0.014098382714589134,0.2143420426535072
30.0,20.0,0.016189698494991234,0.153859260575579
30.0,20.0,-0.004965784518035293,0.6618731397639458
30.0,20.0,0.0028537057324267024,0.8015641284892044
30.0,20.0,-0.017734914770698794,0.1183890345892399
30.0,20.0,-0.005506434261813597,0.62775264605418
30.0,20.0,0.021440676070734827,0.05907680408501053
30.0,20.0,-0.013791014782577753,0.22450474428782202
30.0,20.0,-0.009559273193709196,0.4002633891550613
30.0,20.0,-0.00018569599583552409,0.9869528749757182
30.0,20.0,0.010502165800517714,0.3550323408448959
30.0,20.0,0.006062431980173823,0.5934005164840473
30.0,20.0,0.0019155327265035034,0.8660856813972759
30.0,20.0,-0.008919180526716022,0.43221631352090517
40.0,15.0,-0.008516498917756967,0.39332597026465144
40.0,15.0,-0.01720971014795869,0.08450518678055767
40.0,15.0,-0.003827986798387802,0.7012113150455697
40.0,15.0,-0.014773456296689911,0.13863180378881138
40.0,15.0,-0.029148671617863248,0.003479700571458341
40.0,15.0,-0.0013971311279715173,0.8886286047534158
40.0,15.0,-0.0174647117668431,0.0800135501675456
40.0,15.0,0.013054770599592674,0.1908453638429025
40.0,15.0,-0.010204905431547414,0.3064193303941017
40.0,15.0,-0.00770947683735393,0.4399167573620405
40.0,15.0,0.0027314380348353413,0.7842731138373134
40.0,15.0,0.009632953221755348,0.3343722084675883
40.0,15.0,-0.009145838932627963,0.35930292589842816
40.0,15.0,0.005590653954694914,0.5754313533271822
40.0,15.0,0.0016783245859328707,0.8664422149345823
40.0,15.0,0.003585695101341275,0.7192992563848691
40.0,15.0,-0.01209774633460762,0.22554316628098617
40.0,15.0,-0.019609551391826432,0.04933319090394677
40.0,15.0,0.005598194382353166,0.5747221494851836
40.0,15.0,-0.00980313864292388,0.32598059829948
40.0,15.0,-0.013767067867101931,0.16762644518853795
40.0,15.0,-0.0022364137127919848,0.8226286786965853
40.0,15.0,-0.021745014747334354,0.029404223988944038
40.0,15.0,-0.00022956306126108812,0.981646305233955
40.0,15.0,-0.006247767964030294,0.531490150997683
40.0,15.0,0.00225100824270157,0.8218058954903819
40.0,15.0,0.008774436703262176,0.3791336782711535
40.0,15.0,0.00842526706109104,0.3984038431283504
40.0,15.0,0.0022427626543108613,0.8221357016299745
40.0,15.0,0.0003778458614739106,0.9697979809494308
40.0,15.0,-0.011320174520138298,0.25716607901015737
40.0,15.0,-0.01789178061177462,0.07293649302418277
40.0,15.0,-0.003781122257988125,0.7046982950826011
40.0,15.0,-0.017187282586583242,0.08491373425039565
40.0,15.0,0.012516775768605985,0.20971993122556926
40.0,15.0,-0.0018984011581457151,0.8491093924404214
40.0,15.0,-0.003700286375003123,0.7109535377394696
40.0,15.0,0.011182375344371153,0.2623041677249736
40.0,15.0,-0.03406815455976288,0.000647786195912558
40.0,15.0,-0.01093520865480267,0.2730622430897956
40.0,15.0,-0.0005025355110767739,0.9598357356863059
40.0,15.0,0.008215765200377676,0.4101995315720173
40.0,15.0,-0.018281532460153148,0.06700338152159267
40.0,15.0,-0.005508087794869754,0.5809069856613251
40.0,15.0,0.012174135756770333,0.22281966082968058
40.0,15.0,0.004035662101549992,0.6858312790504926
40.0,15.0,0.0069713609711035485,0.4846784231507111
40.0,15.0,0.004131723842257955,0.6787791715929948
40.0,15.0,-0.010985308067679559,0.2708272347681788
40.0,15.0,-0.02518441658800838,0.011569082524127187
40.0,15.0,-0.011115884049053077,0.26555807254793456
40.0,15.0,0.02047872055277145,0.04008472342427082
40.0,15.0,0.0013636748571086515,0.8912946075024822
40.0,15.0,0.0026198833011377327,0.7929117222789759
40.0,15.0,-0.0003424443851859898,0.9726182466848019
40.0,15.0,0.01033099720408178,0.3014918906387033
40.0,15.0,-0.0010576140099188024,0.9155956583310872
40.0,15.0,0.005129904459121639,0.6071647734170031
40.0,15.0,0.007846834294157825,0.43154554079108043
40.0,15.0,-0.008958946109658658,0.36956684645373294
40.0,15.0,0.009701579219883521,0.33100717314754924
40.0,15.0,-0.002091031351479269,0.8340303481325074
40.0,15.0,0.018728630665560003,0.0604452781138118
40.0,15.0,0.004174732610372698,0.6756127303944461
40.0,15.0,-0.004059606260997603,0.6841321399114563
40.0,15.0,0.005539204662990189,0.5787406107456501
40.0,15.0,0.013372741223699988,0.18014218951830582
40.0,15.0,-0.006680072904029105,0.5031250352688007
40.0,15.0,0.01493149575048171,0.1345152946199884
40.0,15.0,0.009576758135694977,0.3371405817550992
40.0,15.0,0.010925880429023704,0.2734400385779994
40.0,15.0,0.00770960945824267,0.43964914954381096
40.0,15.0,-0.009082601327878467,0.36261827891158727
40.0,15.0,0.0057289712534727855,0.5657986999400118
40.0,15.0,-0.0038371815732189886,0.7005199878437556
40.0,15.0,0.004012583798459002,0.6878117788852434
40.0,15.0,0.011123871912305579,0.2648865798502178
40.0,15.0,0.0034072906387526357,0.7327225909848686
40.0,15.0,-0.016997619702597583,0.08855033551457114
40.0,15.0,0.0022783155077732596,0.8193604667888206
40.0,15.0,-0.011063892874469893,0.26742001783761227
40.0,15.0,0.002156166632566459,0.8288939915106797
40.0,15.0,-0.008853973956217537,0.37572443910484954
40.0,15.0,-0.0038697562137257366,0.6981240174902358
40.0,15.0,-0.0008058454724865191,0.9356273181215136
40.0,15.0,0.006186033640362364,0.535441867702737
40.0,15.0,0.0026454424903526014,0.790942231847074
40.0,15.0,-0.00650877255813574,0.514185677638065
40.0,15.0,-0.012001482984984048,0.22918832526627753
40.0,15.0,0.0006883766659357248,0.9449968350242284
40.0,15.0,-0.017202762830176504,0.08465393646884713
40.0,15.0,-0.01444806684503446,0.14762648383670063
40.0,15.0,-0.007113915030401073,0.47595534779915905
40.0,15.0,-0.021378470990601736,0.03209526918426998
40.0,15.0,-0.004848935446325866,0.6271020636516009
40.0,15.0,-0.012664508532292113,0.2044034514662403
40.0,15.0,-0.006693783636503621,0.5027196209884135
40.0,15.0,0.001651771277982217,0.8685018045828741
40.0,15.0,-0.004857201786328546,0.6263759122833239
40.0,15.0,-0.012701206049474027,0.20296611251019764
60.0,10.0,-0.003673980352056911,0.6627806170265098
60.0,10.0,0.019377496870293224,0.021409824087256567
60.0,10.0,0.01234987279995918,0.1427493127195271
60.0,10.0,-0.0013421911540001928,0.8734266858303197
60.0,10.0,0.0046546706823890616,0.580651758464357
60.0,10.0,-0.008256147446781307,0.32715079298234007
60.0,10.0,0.010114138411191676,0.22991288834489645
60.0,10.0,-0.0037509199647581233,0.6561547805364465
60.0,10.0,0.0029516651041567566,0.726129099685213
60.0,10.0,-0.022682124570645442,0.007091412417858813
60.0,10.0,0.005962821388926424,0.47904849034726815
60.0,10.0,-0.009698753419141885,0.2496138017664222
60.0,10.0,0.006239402098153807,0.4589326988443798
60.0,10.0,0.000162381089244866,0.9846217405848798
60.0,10.0,-0.007963006689504308,0.34463803380903624
60.0,10.0,1.6078552648947495e-06,0.9998477657613678
60.0,10.0,-0.017918930334218697,0.03339967311528483
60.0,10.0,-0.007990121706428467,0.34291417103815935
60.0,10.0,0.0075636112971055125,0.36925622247332057
60.0,10.0,-0.006006849012780127,0.475818505172934
60.0,10.0,0.00036312339073485205,0.9656182002735245
60.0,10.0,-0.011988447069911598,0.15481583934301768
60.0,10.0,-0.018855045391562325,0.0252084447092748
60.0,10.0,0.005908474948879383,0.4831261153830604
60.0,10.0,0.023139044959170737,0.00604264101220611
60.0,10.0,0.015202260791709348,0.07119271497540458
60.0,10.0,0.0031226256015499357,0.7108801326345848
60.0,10.0,-0.021739451577743433,0.009845805066785
60.0,10.0,-0.008279801800326706,0.32583041655195477
60.0,10.0,0.003430248209227658,0.6839742282248542
60.0,10.0,0.005421471789442796,0.5200201996443106
60.0,10.0,-0.008111057400808603,0.33576532254608404
60.0,10.0,0.01421503462871378,0.09152072440453485
60.0,10.0,0.00104090088257281,0.9017167274540512
60.0,10.0,0.0009179042237237612,0.913241183242566
60.0,10.0,0.006133107141921953,0.4667403270718987
60.0,10.0,-0.011652839804435624,0.16681454499355142
60.0,10.0,0.005926239818758185,0.4817918172911556
60.0,10.0,-0.010172769250298287,0.22725324256592344
60.0,10.0,0.002602014178570403,0.7574219621937968
60.0,10.0,-0.0029104219924261203,0.7299015621337577
60.0,10.0,-0.007394984773887947,0.38003021432803763
60.0,10.0,-0.0005951256565044307,0.9436897675016196
60.0,10.0,-0.01848444785395009,0.028206657523304722
60.0,10.0,-0.0047286151008807216,0.5746551345321833
60.0,10.0,0.015936703648810335,0.05848413636113564
60.0,10.0,-0.0003691029216771695,0.96505242425525
60.0,10.0,0.011854570001589557,0.15934905134594843
60.0,10.0,0.002802315605171892,0.7396199087658748
60.0,10.0,0.007484810263705997,0.37429597988225916
60.0,10.0,-0.00020267476392833516,0.9808065324745421
60.0,10.0,-0.02137154679193258,0.011165149906239489
60.0,10.0,-0.0032676762277159444,0.6981077835043629
60.0,10.0,-0.005069993900582764,0.547430095818187
60.0,10.0,-0.012244032041672251,0.14623234137092653
60.0,10.0,-0.012652857740009522,0.1330851425772097
60.0,10.0,0.011059820064161483,0.18919622818314347
60.0,10.0,0.004561796228942183,0.5881770544603547
60.0,10.0,0.010727592081858205,0.2033253645535862
60.0,10.0,0.0023995501674647798,0.7758071845418403
60.0,10.0,-0.0036410561884078563,0.6656404659225873
60.0,10.0,-0.0012984474627755925,0.8775080015880617
60.0,10.0,-0.012814921642312887,0.12823989957830462
60.0,10.0,0.0064131177200022985,0.4465761183936764
60.0,10.0,-0.01634106627576042,0.052409533485094834
60.0,10.0,0.00044794838400185856,0.9576119522291082
60.0,10.0,0.015201313512175895,0.07118671804069494
60.0,10.0,0.0009604468455471063,0.9092504028609204
60.0,10.0,0.0025228833781102177,0.7646137847487761
60.0,10.0,-0.0029389679552246062,0.7271873140263041
60.0,10.0,-0.011978125754630581,0.15506542135052748
60.0,10.0,-0.00211333404952552,0.8019767579598299
60.0,10.0,0.0034523726454804386,0.6820582316012838
60.0,10.0,-0.0024766785717338403,0.7688859753353093
60.0,10.0,-0.0011787635984142476,0.8887258792559132
60.0,10.0,0.004855555419398926,0.5643555984210165
60.0,10.0,0.010288704089245315,0.2220524920008394
60.0,10.0,-0.009259254668618344,0.2717517900626297
60.0,10.0,0.008555008282778052,0.30992256656644784
60.0,10.0,-0.01528617135162802,0.06956747345648634
60.0,10.0,-0.012632232358713812,0.13371734442602023
60.0,10.0,-0.0024966833101583577,0.7669793961505991
60.0,10.0,0.006222115752141968,0.46015135559756415
60.0,10.0,-0.0005714271356217132,0.9459423098963053
60.0,10.0,-0.007587452811268851,0.3678414125307491
60.0,10.0,0.006204377365504134,0.46142383511344653
60.0,10.0,0.004089830100048339,0.6273318745949428
60.0,10.0,-0.00593934507294212,0.4807891353682049
60.0,10.0,0.02126597225385361,0.011620179326841486
60.0,10.0,0.0012317443220257126,0.8837647211261852
60.0,10.0,-0.002175109553114931,0.7962884919246229
60.0,10.0,-0.010229315039910106,0.22465058251171421
60.0,10.0,0.013368996077563792,0.11249724572997365
60.0,10.0,-0.004998621575515566,0.5530310578742741
60.0,10.0,-0.007966448788806346,0.3443238334804277
60.0,10.0,-0.01805123824510095,0.03226655203522573
60.0,10.0,0.014055122295900323,0.09519918359595532
60.0,10.0,0.013806710758188212,0.10124619805971351
60.0,10.0,-0.009453925678302336,0.261765110074717
60.0,10.0,-0.008694244264292147,0.30214887170061533
120.0,5.0,-0.004462353309621705,0.5068686822094279
120.0,5.0,-0.015197941223973124,0.02377449407270381
120.0,5.0,0.007207639230383454,0.2838228524155982
120.0,5.0,-0.007640932707534469,0.25574617566518504
120.0,5.0,-0.007524147311194851,0.2632119355976367
120.0,5.0,-0.00595661009782351,0.3756337301162782
120.0,5.0,0.0004550258257006166,0.9460507050842675
120.0,5.0,0.014953455420861086,0.026127683752413963
120.0,5.0,-0.003303869525254159,0.6231444578517648
120.0,5.0,-0.005008044014739431,0.45640579267286796
120.0,5.0,-0.0023192782836797673,0.7301318334443566
120.0,5.0,-0.0018806588681733072,0.7797238469416681
120.0,5.0,-0.0018789207629189787,0.7798865365067722
120.0,5.0,0.006017834849508838,0.37076742688549713
120.0,5.0,0.0075435733173712825,0.2618379435661885
120.0,5.0,0.002479751679925055,0.7122499028010489
120.0,5.0,-0.007957606580311713,0.23672073563285578
120.0,5.0,-0.009163417292320635,0.17288734836979133
120.0,5.0,0.008954285998536265,0.18308139972523213
120.0,5.0,-0.0019018496837061648,0.777270455383238
120.0,5.0,0.015874022677017995,0.01820824602595167
120.0,5.0,-0.0012257498161980557,0.8553533611173033
120.0,5.0,0.013075102985664652,0.05187715423741871
120.0,5.0,-0.005953237185675654,0.37594373995059394
120.0,5.0,0.0013764481197327857,0.8378149197335195
120.0,5.0,0.007836655509201255,0.24381680182071214
120.0,5.0,-0.0032098676313686656,0.6330662787263523
120.0,5.0,0.00413925571073727,0.5381133820154087
120.0,5.0,-0.004472623971984448,0.5060224341777304
120.0,5.0,0.008449446567571416,0.20884019778244922
120.0,5.0,0.009477417497183057,0.15869745286818843
120.0,5.0,0.00019548853528517153,0.9768059244560874
120.0,5.0,0.00850884752536611,0.2056404117190266
120.0,5.0,0.0016640204726300666,0.8045214441597053
120.0,5.0,0.0033511346097773753,0.6182141870593885
120.0,5.0,0.004613993136343994,0.49261953041104667
120.0,5.0,-0.018144296813118178,0.006950553607390266
120.0,5.0,0.008123912956203369,0.22696448414017278
120.0,5.0,0.0035595457691028633,0.5965029137861926
120.0,5.0,-0.015853900954382837,0.018374855677321347
120.0,5.0,-0.003183817870941144,0.6359388280016054
120.0,5.0,-0.005029570027382798,0.454402478002748
120.0,5.0,-0.004724608172396987,0.48222166529052624
120.0,5.0,-0.0033507185763844947,0.6182178714544782
120.0,5.0,0.004127619259697786,0.5392699139833074
120.0,5.0,0.016561915522861834,0.01374779393849496
120.0,5.0,0.010460402027559958,0.119715741073528
120.0,5.0,0.008722853782849696,0.19460762266244744
120.0,5.0,-0.0018786089492991913,0.7799449078779177
120.0,5.0,0.0034940854093547928,0.6032916450717023
120.0,5.0,0.0127826510806682,0.057243039864621585
120.0,5.0,0.001110046469094584,0.8688603732554688
120.0,5.0,0.007500981227338938,0.2646508548416965
120.0,5.0,0.0015969420700117877,0.8122849580382504
120.0,5.0,0.011517672618506669,0.08666540695695449
120.0,5.0,-0.010372350045731695,0.12286800766748499
120.0,5.0,-0.0054521451677669195,0.4179207144199699
120.0,5.0,0.007641051625889577,0.25572826846376134
120.0,5.0,-0.007206260577124302,0.28378602455666246
120.0,5.0,-0.001303056643245082,0.846321334504083
120.0,5.0,0.005814566138859971,0.3872492685170159
120.0,5.0,-0.00581803722111591,0.386858356747402
120.0,5.0,-0.01220762027987786,0.06939860496175272
120.0,5.0,-0.015967761493661806,0.017552888539956134
120.0,5.0,0.001079982498211041,0.8723845545921513
120.0,5.0,-0.0008943881509103392,0.894202170806663
120.0,5.0,0.0032423769071843866,0.6296149042397381
120.0,5.0,0.006529515258796463,0.3314439796705544
120.0,5.0,0.01265434357353284,0.0598093935046176
120.0,5.0,-0.008187415944457894,0.22329553652560896
120.0,5.0,-0.0006124901927956255,0.9274205790839181
120.0,5.0,-0.012334302175396364,0.0666166164619372
120.0,5.0,-0.003384610307366624,0.6146787288295749
120.0,5.0,-0.004323553852985336,0.5201733393552155
120.0,5.0,-0.00569827861735253,0.3966854846736696
120.0,5.0,0.0002702193530149779,0.9679419469027233
120.0,5.0,0.0009320300307315317,0.8897698193995853
120.0,5.0,0.009545577169714457,0.15564654277135326
120.0,5.0,-0.0002800307209178947,0.966782116939483
120.0,5.0,-0.0008170781878688791,0.9032759734531638
120.0,5.0,0.0029218475638369155,0.6639163028852368
120.0,5.0,0.004502461984720015,0.5031164717108475
120.0,5.0,-0.010455851076094763,0.11988168244455154
120.0,5.0,-0.0038659182251949155,0.5653257691042781
120.0,5.0,0.009884810343043351,0.1414915712375227
120.0,5.0,-0.014768227581518655,0.028071518569355056
120.0,5.0,0.015903578671784883,0.017997868237038327
120.0,5.0,0.001184615838106601,0.8601414198161024
120.0,5.0,-0.007852046634432147,0.24287174944755002
120.0,5.0,0.01152925853913728,0.08638655859457883
120.0,5.0,-0.007658659271636098,0.25463379545432835
120.0,5.0,0.009319726327098042,0.16569929308835413
120.0,5.0,0.008697614997321057,0.1958410848431732
120.0,5.0,-0.013208237391665986,0.04944627400211011
120.0,5.0,-0.008847622878772821,0.1881692990889171
120.0,5.0,0.007385288404307922,0.27207943872026774
120.0,5.0,-0.012114530056837818,0.07154264234645653
120.0,5.0,-0.004546665983437909,0.4988718334041564
120.0,5.0,-0.002969526753709871,0.6587557678436327
120.0,5.0,0.004179057204819639,0.5342204716184642
